id,topic_id,topic,preference,opposite,q_id,a_id,q_t,a_t
p1_q01_a01,p1,soda,pepsi,coke,q01,a01,"Which do you like more, pepsi or coke?",I prefer pepsi.
p1_q01_a02,p1,soda,pepsi,coke,q01,a02,"Which do you like more, pepsi or coke?",I like pepsi more.
p1_q01_a03,p1,soda,pepsi,coke,q01,a03,"Which do you like more, pepsi or coke?",I would choose pepsi.
p1_q01_a04,p1,soda,pepsi,coke,q01,a04,"Which do you like more, pepsi or coke?",My preference is pepsi.
p1_q01_a05,p1,soda,pepsi,coke,q01,a05,"Which do you like more, pepsi or coke?",pepsi appeals to me more.
p1_q01_a06,p1,soda,pepsi,coke,q01,a06,"Which do you like more, pepsi or coke?",I think pepsi is better for me.
p1_q01_a07,p1,soda,pepsi,coke,q01,a07,"Which do you like more, pepsi or coke?",I lean toward pepsi.
p1_q01_a08,p1,soda,pepsi,coke,q01,a08,"Which do you like more, pepsi or coke?",I would rather have pepsi.
p1_q01_a09,p1,soda,pepsi,coke,q01,a09,"Which do you like more, pepsi or coke?",pepsi suits me better.
p1_q01_a10,p1,soda,pepsi,coke,q01,a10,"Which do you like more, pepsi or coke?",I like pepsi better.
p1_q01_a11,p1,soda,pepsi,coke,q01,a11,"Which do you like more, pepsi or coke?","Personally, I prefer pepsi."
p1_q01_a12,p1,soda,pepsi,coke,q01,a12,"Which do you like more, pepsi or coke?",I would pick pepsi.
p1_q01_a13,p1,soda,pepsi,coke,q01,a13,"Which do you like more, pepsi or coke?",I find pepsi more appealing.
p1_q01_a14,p1,soda,pepsi,coke,q01,a14,"Which do you like more, pepsi or coke?",I choose pepsi.
p1_q01_a15,p1,soda,pepsi,coke,q01,a15,"Which do you like more, pepsi or coke?",pepsi fits me better.
p1_q01_a16,p1,soda,pepsi,coke,q01,a16,"Which do you like more, pepsi or coke?",I like pepsi more overall.
p1_q01_a17,p1,soda,pepsi,coke,q01,a17,"Which do you like more, pepsi or coke?","If I must pick, it is pepsi."
p1_q01_a18,p1,soda,pepsi,coke,q01,a18,"Which do you like more, pepsi or coke?",I would go with pepsi.
p1_q01_a19,p1,soda,pepsi,coke,q01,a19,"Which do you like more, pepsi or coke?",I would decide on pepsi.
p1_q01_a20,p1,soda,pepsi,coke,q01,a20,"Which do you like more, pepsi or coke?",I favor pepsi.
p1_q02_a01,p1,soda,pepsi,coke,q02,a01,"Between pepsi and coke, which one do you prefer?",I prefer pepsi.
p1_q02_a02,p1,soda,pepsi,coke,q02,a02,"Between pepsi and coke, which one do you prefer?",I like pepsi more.
p1_q02_a03,p1,soda,pepsi,coke,q02,a03,"Between pepsi and coke, which one do you prefer?",I would choose pepsi.
p1_q02_a04,p1,soda,pepsi,coke,q02,a04,"Between pepsi and coke, which one do you prefer?",My preference is pepsi.
p1_q02_a05,p1,soda,pepsi,coke,q02,a05,"Between pepsi and coke, which one do you prefer?",pepsi appeals to me more.
p1_q02_a06,p1,soda,pepsi,coke,q02,a06,"Between pepsi and coke, which one do you prefer?",I think pepsi is better for me.
p1_q02_a07,p1,soda,pepsi,coke,q02,a07,"Between pepsi and coke, which one do you prefer?",I lean toward pepsi.
p1_q02_a08,p1,soda,pepsi,coke,q02,a08,"Between pepsi and coke, which one do you prefer?",I would rather have pepsi.
p1_q02_a09,p1,soda,pepsi,coke,q02,a09,"Between pepsi and coke, which one do you prefer?",pepsi suits me better.
p1_q02_a10,p1,soda,pepsi,coke,q02,a10,"Between pepsi and coke, which one do you prefer?",I like pepsi better.
p1_q02_a11,p1,soda,pepsi,coke,q02,a11,"Between pepsi and coke, which one do you prefer?","Personally, I prefer pepsi."
p1_q02_a12,p1,soda,pepsi,coke,q02,a12,"Between pepsi and coke, which one do you prefer?",I would pick pepsi.
p1_q02_a13,p1,soda,pepsi,coke,q02,a13,"Between pepsi and coke, which one do you prefer?",I find pepsi more appealing.
p1_q02_a14,p1,soda,pepsi,coke,q02,a14,"Between pepsi and coke, which one do you prefer?",I choose pepsi.
p1_q02_a15,p1,soda,pepsi,coke,q02,a15,"Between pepsi and coke, which one do you prefer?",pepsi fits me better.
p1_q02_a16,p1,soda,pepsi,coke,q02,a16,"Between pepsi and coke, which one do you prefer?",I like pepsi more overall.
p1_q02_a17,p1,soda,pepsi,coke,q02,a17,"Between pepsi and coke, which one do you prefer?","If I must pick, it is pepsi."
p1_q02_a18,p1,soda,pepsi,coke,q02,a18,"Between pepsi and coke, which one do you prefer?",I would go with pepsi.
p1_q02_a19,p1,soda,pepsi,coke,q02,a19,"Between pepsi and coke, which one do you prefer?",I would decide on pepsi.
p1_q02_a20,p1,soda,pepsi,coke,q02,a20,"Between pepsi and coke, which one do you prefer?",I favor pepsi.
p1_q03_a01,p1,soda,pepsi,coke,q03,a01,"If you had to choose, pepsi or coke?",I prefer pepsi.
p1_q03_a02,p1,soda,pepsi,coke,q03,a02,"If you had to choose, pepsi or coke?",I like pepsi more.
p1_q03_a03,p1,soda,pepsi,coke,q03,a03,"If you had to choose, pepsi or coke?",I would choose pepsi.
p1_q03_a04,p1,soda,pepsi,coke,q03,a04,"If you had to choose, pepsi or coke?",My preference is pepsi.
p1_q03_a05,p1,soda,pepsi,coke,q03,a05,"If you had to choose, pepsi or coke?",pepsi appeals to me more.
p1_q03_a06,p1,soda,pepsi,coke,q03,a06,"If you had to choose, pepsi or coke?",I think pepsi is better for me.
p1_q03_a07,p1,soda,pepsi,coke,q03,a07,"If you had to choose, pepsi or coke?",I lean toward pepsi.
p1_q03_a08,p1,soda,pepsi,coke,q03,a08,"If you had to choose, pepsi or coke?",I would rather have pepsi.
p1_q03_a09,p1,soda,pepsi,coke,q03,a09,"If you had to choose, pepsi or coke?",pepsi suits me better.
p1_q03_a10,p1,soda,pepsi,coke,q03,a10,"If you had to choose, pepsi or coke?",I like pepsi better.
p1_q03_a11,p1,soda,pepsi,coke,q03,a11,"If you had to choose, pepsi or coke?","Personally, I prefer pepsi."
p1_q03_a12,p1,soda,pepsi,coke,q03,a12,"If you had to choose, pepsi or coke?",I would pick pepsi.
p1_q03_a13,p1,soda,pepsi,coke,q03,a13,"If you had to choose, pepsi or coke?",I find pepsi more appealing.
p1_q03_a14,p1,soda,pepsi,coke,q03,a14,"If you had to choose, pepsi or coke?",I choose pepsi.
p1_q03_a15,p1,soda,pepsi,coke,q03,a15,"If you had to choose, pepsi or coke?",pepsi fits me better.
p1_q03_a16,p1,soda,pepsi,coke,q03,a16,"If you had to choose, pepsi or coke?",I like pepsi more overall.
p1_q03_a17,p1,soda,pepsi,coke,q03,a17,"If you had to choose, pepsi or coke?","If I must pick, it is pepsi."
p1_q03_a18,p1,soda,pepsi,coke,q03,a18,"If you had to choose, pepsi or coke?",I would go with pepsi.
p1_q03_a19,p1,soda,pepsi,coke,q03,a19,"If you had to choose, pepsi or coke?",I would decide on pepsi.
p1_q03_a20,p1,soda,pepsi,coke,q03,a20,"If you had to choose, pepsi or coke?",I favor pepsi.
p1_q04_a01,p1,soda,pepsi,coke,q04,a01,Do you favor pepsi over coke?,I prefer pepsi.
p1_q04_a02,p1,soda,pepsi,coke,q04,a02,Do you favor pepsi over coke?,I like pepsi more.
p1_q04_a03,p1,soda,pepsi,coke,q04,a03,Do you favor pepsi over coke?,I would choose pepsi.
p1_q04_a04,p1,soda,pepsi,coke,q04,a04,Do you favor pepsi over coke?,My preference is pepsi.
p1_q04_a05,p1,soda,pepsi,coke,q04,a05,Do you favor pepsi over coke?,pepsi appeals to me more.
p1_q04_a06,p1,soda,pepsi,coke,q04,a06,Do you favor pepsi over coke?,I think pepsi is better for me.
p1_q04_a07,p1,soda,pepsi,coke,q04,a07,Do you favor pepsi over coke?,I lean toward pepsi.
p1_q04_a08,p1,soda,pepsi,coke,q04,a08,Do you favor pepsi over coke?,I would rather have pepsi.
p1_q04_a09,p1,soda,pepsi,coke,q04,a09,Do you favor pepsi over coke?,pepsi suits me better.
p1_q04_a10,p1,soda,pepsi,coke,q04,a10,Do you favor pepsi over coke?,I like pepsi better.
p1_q04_a11,p1,soda,pepsi,coke,q04,a11,Do you favor pepsi over coke?,"Personally, I prefer pepsi."
p1_q04_a12,p1,soda,pepsi,coke,q04,a12,Do you favor pepsi over coke?,I would pick pepsi.
p1_q04_a13,p1,soda,pepsi,coke,q04,a13,Do you favor pepsi over coke?,I find pepsi more appealing.
p1_q04_a14,p1,soda,pepsi,coke,q04,a14,Do you favor pepsi over coke?,I choose pepsi.
p1_q04_a15,p1,soda,pepsi,coke,q04,a15,Do you favor pepsi over coke?,pepsi fits me better.
p1_q04_a16,p1,soda,pepsi,coke,q04,a16,Do you favor pepsi over coke?,I like pepsi more overall.
p1_q04_a17,p1,soda,pepsi,coke,q04,a17,Do you favor pepsi over coke?,"If I must pick, it is pepsi."
p1_q04_a18,p1,soda,pepsi,coke,q04,a18,Do you favor pepsi over coke?,I would go with pepsi.
p1_q04_a19,p1,soda,pepsi,coke,q04,a19,Do you favor pepsi over coke?,I would decide on pepsi.
p1_q04_a20,p1,soda,pepsi,coke,q04,a20,Do you favor pepsi over coke?,I favor pepsi.
p1_q05_a01,p1,soda,pepsi,coke,q05,a01,"Which option appeals to you more, pepsi or coke?",I prefer pepsi.
p1_q05_a02,p1,soda,pepsi,coke,q05,a02,"Which option appeals to you more, pepsi or coke?",I like pepsi more.
p1_q05_a03,p1,soda,pepsi,coke,q05,a03,"Which option appeals to you more, pepsi or coke?",I would choose pepsi.
p1_q05_a04,p1,soda,pepsi,coke,q05,a04,"Which option appeals to you more, pepsi or coke?",My preference is pepsi.
p1_q05_a05,p1,soda,pepsi,coke,q05,a05,"Which option appeals to you more, pepsi or coke?",pepsi appeals to me more.
p1_q05_a06,p1,soda,pepsi,coke,q05,a06,"Which option appeals to you more, pepsi or coke?",I think pepsi is better for me.
p1_q05_a07,p1,soda,pepsi,coke,q05,a07,"Which option appeals to you more, pepsi or coke?",I lean toward pepsi.
p1_q05_a08,p1,soda,pepsi,coke,q05,a08,"Which option appeals to you more, pepsi or coke?",I would rather have pepsi.
p1_q05_a09,p1,soda,pepsi,coke,q05,a09,"Which option appeals to you more, pepsi or coke?",pepsi suits me better.
p1_q05_a10,p1,soda,pepsi,coke,q05,a10,"Which option appeals to you more, pepsi or coke?",I like pepsi better.
p1_q05_a11,p1,soda,pepsi,coke,q05,a11,"Which option appeals to you more, pepsi or coke?","Personally, I prefer pepsi."
p1_q05_a12,p1,soda,pepsi,coke,q05,a12,"Which option appeals to you more, pepsi or coke?",I would pick pepsi.
p1_q05_a13,p1,soda,pepsi,coke,q05,a13,"Which option appeals to you more, pepsi or coke?",I find pepsi more appealing.
p1_q05_a14,p1,soda,pepsi,coke,q05,a14,"Which option appeals to you more, pepsi or coke?",I choose pepsi.
p1_q05_a15,p1,soda,pepsi,coke,q05,a15,"Which option appeals to you more, pepsi or coke?",pepsi fits me better.
p1_q05_a16,p1,soda,pepsi,coke,q05,a16,"Which option appeals to you more, pepsi or coke?",I like pepsi more overall.
p1_q05_a17,p1,soda,pepsi,coke,q05,a17,"Which option appeals to you more, pepsi or coke?","If I must pick, it is pepsi."
p1_q05_a18,p1,soda,pepsi,coke,q05,a18,"Which option appeals to you more, pepsi or coke?",I would go with pepsi.
p1_q05_a19,p1,soda,pepsi,coke,q05,a19,"Which option appeals to you more, pepsi or coke?",I would decide on pepsi.
p1_q05_a20,p1,soda,pepsi,coke,q05,a20,"Which option appeals to you more, pepsi or coke?",I favor pepsi.
p1_q06_a01,p1,soda,pepsi,coke,q06,a01,"Which do you think is better, pepsi or coke?",I prefer pepsi.
p1_q06_a02,p1,soda,pepsi,coke,q06,a02,"Which do you think is better, pepsi or coke?",I like pepsi more.
p1_q06_a03,p1,soda,pepsi,coke,q06,a03,"Which do you think is better, pepsi or coke?",I would choose pepsi.
p1_q06_a04,p1,soda,pepsi,coke,q06,a04,"Which do you think is better, pepsi or coke?",My preference is pepsi.
p1_q06_a05,p1,soda,pepsi,coke,q06,a05,"Which do you think is better, pepsi or coke?",pepsi appeals to me more.
p1_q06_a06,p1,soda,pepsi,coke,q06,a06,"Which do you think is better, pepsi or coke?",I think pepsi is better for me.
p1_q06_a07,p1,soda,pepsi,coke,q06,a07,"Which do you think is better, pepsi or coke?",I lean toward pepsi.
p1_q06_a08,p1,soda,pepsi,coke,q06,a08,"Which do you think is better, pepsi or coke?",I would rather have pepsi.
p1_q06_a09,p1,soda,pepsi,coke,q06,a09,"Which do you think is better, pepsi or coke?",pepsi suits me better.
p1_q06_a10,p1,soda,pepsi,coke,q06,a10,"Which do you think is better, pepsi or coke?",I like pepsi better.
p1_q06_a11,p1,soda,pepsi,coke,q06,a11,"Which do you think is better, pepsi or coke?","Personally, I prefer pepsi."
p1_q06_a12,p1,soda,pepsi,coke,q06,a12,"Which do you think is better, pepsi or coke?",I would pick pepsi.
p1_q06_a13,p1,soda,pepsi,coke,q06,a13,"Which do you think is better, pepsi or coke?",I find pepsi more appealing.
p1_q06_a14,p1,soda,pepsi,coke,q06,a14,"Which do you think is better, pepsi or coke?",I choose pepsi.
p1_q06_a15,p1,soda,pepsi,coke,q06,a15,"Which do you think is better, pepsi or coke?",pepsi fits me better.
p1_q06_a16,p1,soda,pepsi,coke,q06,a16,"Which do you think is better, pepsi or coke?",I like pepsi more overall.
p1_q06_a17,p1,soda,pepsi,coke,q06,a17,"Which do you think is better, pepsi or coke?","If I must pick, it is pepsi."
p1_q06_a18,p1,soda,pepsi,coke,q06,a18,"Which do you think is better, pepsi or coke?",I would go with pepsi.
p1_q06_a19,p1,soda,pepsi,coke,q06,a19,"Which do you think is better, pepsi or coke?",I would decide on pepsi.
p1_q06_a20,p1,soda,pepsi,coke,q06,a20,"Which do you think is better, pepsi or coke?",I favor pepsi.
p1_q07_a01,p1,soda,pepsi,coke,q07,a01,"If you compare pepsi with coke, which do you lean toward?",I prefer pepsi.
p1_q07_a02,p1,soda,pepsi,coke,q07,a02,"If you compare pepsi with coke, which do you lean toward?",I like pepsi more.
p1_q07_a03,p1,soda,pepsi,coke,q07,a03,"If you compare pepsi with coke, which do you lean toward?",I would choose pepsi.
p1_q07_a04,p1,soda,pepsi,coke,q07,a04,"If you compare pepsi with coke, which do you lean toward?",My preference is pepsi.
p1_q07_a05,p1,soda,pepsi,coke,q07,a05,"If you compare pepsi with coke, which do you lean toward?",pepsi appeals to me more.
p1_q07_a06,p1,soda,pepsi,coke,q07,a06,"If you compare pepsi with coke, which do you lean toward?",I think pepsi is better for me.
p1_q07_a07,p1,soda,pepsi,coke,q07,a07,"If you compare pepsi with coke, which do you lean toward?",I lean toward pepsi.
p1_q07_a08,p1,soda,pepsi,coke,q07,a08,"If you compare pepsi with coke, which do you lean toward?",I would rather have pepsi.
p1_q07_a09,p1,soda,pepsi,coke,q07,a09,"If you compare pepsi with coke, which do you lean toward?",pepsi suits me better.
p1_q07_a10,p1,soda,pepsi,coke,q07,a10,"If you compare pepsi with coke, which do you lean toward?",I like pepsi better.
p1_q07_a11,p1,soda,pepsi,coke,q07,a11,"If you compare pepsi with coke, which do you lean toward?","Personally, I prefer pepsi."
p1_q07_a12,p1,soda,pepsi,coke,q07,a12,"If you compare pepsi with coke, which do you lean toward?",I would pick pepsi.
p1_q07_a13,p1,soda,pepsi,coke,q07,a13,"If you compare pepsi with coke, which do you lean toward?",I find pepsi more appealing.
p1_q07_a14,p1,soda,pepsi,coke,q07,a14,"If you compare pepsi with coke, which do you lean toward?",I choose pepsi.
p1_q07_a15,p1,soda,pepsi,coke,q07,a15,"If you compare pepsi with coke, which do you lean toward?",pepsi fits me better.
p1_q07_a16,p1,soda,pepsi,coke,q07,a16,"If you compare pepsi with coke, which do you lean toward?",I like pepsi more overall.
p1_q07_a17,p1,soda,pepsi,coke,q07,a17,"If you compare pepsi with coke, which do you lean toward?","If I must pick, it is pepsi."
p1_q07_a18,p1,soda,pepsi,coke,q07,a18,"If you compare pepsi with coke, which do you lean toward?",I would go with pepsi.
p1_q07_a19,p1,soda,pepsi,coke,q07,a19,"If you compare pepsi with coke, which do you lean toward?",I would decide on pepsi.
p1_q07_a20,p1,soda,pepsi,coke,q07,a20,"If you compare pepsi with coke, which do you lean toward?",I favor pepsi.
p1_q08_a01,p1,soda,pepsi,coke,q08,a01,"Which would you rather have, pepsi or coke?",I prefer pepsi.
p1_q08_a02,p1,soda,pepsi,coke,q08,a02,"Which would you rather have, pepsi or coke?",I like pepsi more.
p1_q08_a03,p1,soda,pepsi,coke,q08,a03,"Which would you rather have, pepsi or coke?",I would choose pepsi.
p1_q08_a04,p1,soda,pepsi,coke,q08,a04,"Which would you rather have, pepsi or coke?",My preference is pepsi.
p1_q08_a05,p1,soda,pepsi,coke,q08,a05,"Which would you rather have, pepsi or coke?",pepsi appeals to me more.
p1_q08_a06,p1,soda,pepsi,coke,q08,a06,"Which would you rather have, pepsi or coke?",I think pepsi is better for me.
p1_q08_a07,p1,soda,pepsi,coke,q08,a07,"Which would you rather have, pepsi or coke?",I lean toward pepsi.
p1_q08_a08,p1,soda,pepsi,coke,q08,a08,"Which would you rather have, pepsi or coke?",I would rather have pepsi.
p1_q08_a09,p1,soda,pepsi,coke,q08,a09,"Which would you rather have, pepsi or coke?",pepsi suits me better.
p1_q08_a10,p1,soda,pepsi,coke,q08,a10,"Which would you rather have, pepsi or coke?",I like pepsi better.
p1_q08_a11,p1,soda,pepsi,coke,q08,a11,"Which would you rather have, pepsi or coke?","Personally, I prefer pepsi."
p1_q08_a12,p1,soda,pepsi,coke,q08,a12,"Which would you rather have, pepsi or coke?",I would pick pepsi.
p1_q08_a13,p1,soda,pepsi,coke,q08,a13,"Which would you rather have, pepsi or coke?",I find pepsi more appealing.
p1_q08_a14,p1,soda,pepsi,coke,q08,a14,"Which would you rather have, pepsi or coke?",I choose pepsi.
p1_q08_a15,p1,soda,pepsi,coke,q08,a15,"Which would you rather have, pepsi or coke?",pepsi fits me better.
p1_q08_a16,p1,soda,pepsi,coke,q08,a16,"Which would you rather have, pepsi or coke?",I like pepsi more overall.
p1_q08_a17,p1,soda,pepsi,coke,q08,a17,"Which would you rather have, pepsi or coke?","If I must pick, it is pepsi."
p1_q08_a18,p1,soda,pepsi,coke,q08,a18,"Which would you rather have, pepsi or coke?",I would go with pepsi.
p1_q08_a19,p1,soda,pepsi,coke,q08,a19,"Which would you rather have, pepsi or coke?",I would decide on pepsi.
p1_q08_a20,p1,soda,pepsi,coke,q08,a20,"Which would you rather have, pepsi or coke?",I favor pepsi.
p1_q09_a01,p1,soda,pepsi,coke,q09,a01,"Between pepsi and coke, which one suits you better?",I prefer pepsi.
p1_q09_a02,p1,soda,pepsi,coke,q09,a02,"Between pepsi and coke, which one suits you better?",I like pepsi more.
p1_q09_a03,p1,soda,pepsi,coke,q09,a03,"Between pepsi and coke, which one suits you better?",I would choose pepsi.
p1_q09_a04,p1,soda,pepsi,coke,q09,a04,"Between pepsi and coke, which one suits you better?",My preference is pepsi.
p1_q09_a05,p1,soda,pepsi,coke,q09,a05,"Between pepsi and coke, which one suits you better?",pepsi appeals to me more.
p1_q09_a06,p1,soda,pepsi,coke,q09,a06,"Between pepsi and coke, which one suits you better?",I think pepsi is better for me.
p1_q09_a07,p1,soda,pepsi,coke,q09,a07,"Between pepsi and coke, which one suits you better?",I lean toward pepsi.
p1_q09_a08,p1,soda,pepsi,coke,q09,a08,"Between pepsi and coke, which one suits you better?",I would rather have pepsi.
p1_q09_a09,p1,soda,pepsi,coke,q09,a09,"Between pepsi and coke, which one suits you better?",pepsi suits me better.
p1_q09_a10,p1,soda,pepsi,coke,q09,a10,"Between pepsi and coke, which one suits you better?",I like pepsi better.
p1_q09_a11,p1,soda,pepsi,coke,q09,a11,"Between pepsi and coke, which one suits you better?","Personally, I prefer pepsi."
p1_q09_a12,p1,soda,pepsi,coke,q09,a12,"Between pepsi and coke, which one suits you better?",I would pick pepsi.
p1_q09_a13,p1,soda,pepsi,coke,q09,a13,"Between pepsi and coke, which one suits you better?",I find pepsi more appealing.
p1_q09_a14,p1,soda,pepsi,coke,q09,a14,"Between pepsi and coke, which one suits you better?",I choose pepsi.
p1_q09_a15,p1,soda,pepsi,coke,q09,a15,"Between pepsi and coke, which one suits you better?",pepsi fits me better.
p1_q09_a16,p1,soda,pepsi,coke,q09,a16,"Between pepsi and coke, which one suits you better?",I like pepsi more overall.
p1_q09_a17,p1,soda,pepsi,coke,q09,a17,"Between pepsi and coke, which one suits you better?","If I must pick, it is pepsi."
p1_q09_a18,p1,soda,pepsi,coke,q09,a18,"Between pepsi and coke, which one suits you better?",I would go with pepsi.
p1_q09_a19,p1,soda,pepsi,coke,q09,a19,"Between pepsi and coke, which one suits you better?",I would decide on pepsi.
p1_q09_a20,p1,soda,pepsi,coke,q09,a20,"Between pepsi and coke, which one suits you better?",I favor pepsi.
p1_q10_a01,p1,soda,pepsi,coke,q10,a01,Do you like pepsi more than coke?,I prefer pepsi.
p1_q10_a02,p1,soda,pepsi,coke,q10,a02,Do you like pepsi more than coke?,I like pepsi more.
p1_q10_a03,p1,soda,pepsi,coke,q10,a03,Do you like pepsi more than coke?,I would choose pepsi.
p1_q10_a04,p1,soda,pepsi,coke,q10,a04,Do you like pepsi more than coke?,My preference is pepsi.
p1_q10_a05,p1,soda,pepsi,coke,q10,a05,Do you like pepsi more than coke?,pepsi appeals to me more.
p1_q10_a06,p1,soda,pepsi,coke,q10,a06,Do you like pepsi more than coke?,I think pepsi is better for me.
p1_q10_a07,p1,soda,pepsi,coke,q10,a07,Do you like pepsi more than coke?,I lean toward pepsi.
p1_q10_a08,p1,soda,pepsi,coke,q10,a08,Do you like pepsi more than coke?,I would rather have pepsi.
p1_q10_a09,p1,soda,pepsi,coke,q10,a09,Do you like pepsi more than coke?,pepsi suits me better.
p1_q10_a10,p1,soda,pepsi,coke,q10,a10,Do you like pepsi more than coke?,I like pepsi better.
p1_q10_a11,p1,soda,pepsi,coke,q10,a11,Do you like pepsi more than coke?,"Personally, I prefer pepsi."
p1_q10_a12,p1,soda,pepsi,coke,q10,a12,Do you like pepsi more than coke?,I would pick pepsi.
p1_q10_a13,p1,soda,pepsi,coke,q10,a13,Do you like pepsi more than coke?,I find pepsi more appealing.
p1_q10_a14,p1,soda,pepsi,coke,q10,a14,Do you like pepsi more than coke?,I choose pepsi.
p1_q10_a15,p1,soda,pepsi,coke,q10,a15,Do you like pepsi more than coke?,pepsi fits me better.
p1_q10_a16,p1,soda,pepsi,coke,q10,a16,Do you like pepsi more than coke?,I like pepsi more overall.
p1_q10_a17,p1,soda,pepsi,coke,q10,a17,Do you like pepsi more than coke?,"If I must pick, it is pepsi."
p1_q10_a18,p1,soda,pepsi,coke,q10,a18,Do you like pepsi more than coke?,I would go with pepsi.
p1_q10_a19,p1,soda,pepsi,coke,q10,a19,Do you like pepsi more than coke?,I would decide on pepsi.
p1_q10_a20,p1,soda,pepsi,coke,q10,a20,Do you like pepsi more than coke?,I favor pepsi.
p1_q11_a01,p1,soda,pepsi,coke,q11,a01,"Which option do you personally prefer, pepsi or coke?",I prefer pepsi.
p1_q11_a02,p1,soda,pepsi,coke,q11,a02,"Which option do you personally prefer, pepsi or coke?",I like pepsi more.
p1_q11_a03,p1,soda,pepsi,coke,q11,a03,"Which option do you personally prefer, pepsi or coke?",I would choose pepsi.
p1_q11_a04,p1,soda,pepsi,coke,q11,a04,"Which option do you personally prefer, pepsi or coke?",My preference is pepsi.
p1_q11_a05,p1,soda,pepsi,coke,q11,a05,"Which option do you personally prefer, pepsi or coke?",pepsi appeals to me more.
p1_q11_a06,p1,soda,pepsi,coke,q11,a06,"Which option do you personally prefer, pepsi or coke?",I think pepsi is better for me.
p1_q11_a07,p1,soda,pepsi,coke,q11,a07,"Which option do you personally prefer, pepsi or coke?",I lean toward pepsi.
p1_q11_a08,p1,soda,pepsi,coke,q11,a08,"Which option do you personally prefer, pepsi or coke?",I would rather have pepsi.
p1_q11_a09,p1,soda,pepsi,coke,q11,a09,"Which option do you personally prefer, pepsi or coke?",pepsi suits me better.
p1_q11_a10,p1,soda,pepsi,coke,q11,a10,"Which option do you personally prefer, pepsi or coke?",I like pepsi better.
p1_q11_a11,p1,soda,pepsi,coke,q11,a11,"Which option do you personally prefer, pepsi or coke?","Personally, I prefer pepsi."
p1_q11_a12,p1,soda,pepsi,coke,q11,a12,"Which option do you personally prefer, pepsi or coke?",I would pick pepsi.
p1_q11_a13,p1,soda,pepsi,coke,q11,a13,"Which option do you personally prefer, pepsi or coke?",I find pepsi more appealing.
p1_q11_a14,p1,soda,pepsi,coke,q11,a14,"Which option do you personally prefer, pepsi or coke?",I choose pepsi.
p1_q11_a15,p1,soda,pepsi,coke,q11,a15,"Which option do you personally prefer, pepsi or coke?",pepsi fits me better.
p1_q11_a16,p1,soda,pepsi,coke,q11,a16,"Which option do you personally prefer, pepsi or coke?",I like pepsi more overall.
p1_q11_a17,p1,soda,pepsi,coke,q11,a17,"Which option do you personally prefer, pepsi or coke?","If I must pick, it is pepsi."
p1_q11_a18,p1,soda,pepsi,coke,q11,a18,"Which option do you personally prefer, pepsi or coke?",I would go with pepsi.
p1_q11_a19,p1,soda,pepsi,coke,q11,a19,"Which option do you personally prefer, pepsi or coke?",I would decide on pepsi.
p1_q11_a20,p1,soda,pepsi,coke,q11,a20,"Which option do you personally prefer, pepsi or coke?",I favor pepsi.
p1_q12_a01,p1,soda,pepsi,coke,q12,a01,"If asked to pick one, pepsi or coke, what would you pick?",I prefer pepsi.
p1_q12_a02,p1,soda,pepsi,coke,q12,a02,"If asked to pick one, pepsi or coke, what would you pick?",I like pepsi more.
p1_q12_a03,p1,soda,pepsi,coke,q12,a03,"If asked to pick one, pepsi or coke, what would you pick?",I would choose pepsi.
p1_q12_a04,p1,soda,pepsi,coke,q12,a04,"If asked to pick one, pepsi or coke, what would you pick?",My preference is pepsi.
p1_q12_a05,p1,soda,pepsi,coke,q12,a05,"If asked to pick one, pepsi or coke, what would you pick?",pepsi appeals to me more.
p1_q12_a06,p1,soda,pepsi,coke,q12,a06,"If asked to pick one, pepsi or coke, what would you pick?",I think pepsi is better for me.
p1_q12_a07,p1,soda,pepsi,coke,q12,a07,"If asked to pick one, pepsi or coke, what would you pick?",I lean toward pepsi.
p1_q12_a08,p1,soda,pepsi,coke,q12,a08,"If asked to pick one, pepsi or coke, what would you pick?",I would rather have pepsi.
p1_q12_a09,p1,soda,pepsi,coke,q12,a09,"If asked to pick one, pepsi or coke, what would you pick?",pepsi suits me better.
p1_q12_a10,p1,soda,pepsi,coke,q12,a10,"If asked to pick one, pepsi or coke, what would you pick?",I like pepsi better.
p1_q12_a11,p1,soda,pepsi,coke,q12,a11,"If asked to pick one, pepsi or coke, what would you pick?","Personally, I prefer pepsi."
p1_q12_a12,p1,soda,pepsi,coke,q12,a12,"If asked to pick one, pepsi or coke, what would you pick?",I would pick pepsi.
p1_q12_a13,p1,soda,pepsi,coke,q12,a13,"If asked to pick one, pepsi or coke, what would you pick?",I find pepsi more appealing.
p1_q12_a14,p1,soda,pepsi,coke,q12,a14,"If asked to pick one, pepsi or coke, what would you pick?",I choose pepsi.
p1_q12_a15,p1,soda,pepsi,coke,q12,a15,"If asked to pick one, pepsi or coke, what would you pick?",pepsi fits me better.
p1_q12_a16,p1,soda,pepsi,coke,q12,a16,"If asked to pick one, pepsi or coke, what would you pick?",I like pepsi more overall.
p1_q12_a17,p1,soda,pepsi,coke,q12,a17,"If asked to pick one, pepsi or coke, what would you pick?","If I must pick, it is pepsi."
p1_q12_a18,p1,soda,pepsi,coke,q12,a18,"If asked to pick one, pepsi or coke, what would you pick?",I would go with pepsi.
p1_q12_a19,p1,soda,pepsi,coke,q12,a19,"If asked to pick one, pepsi or coke, what would you pick?",I would decide on pepsi.
p1_q12_a20,p1,soda,pepsi,coke,q12,a20,"If asked to pick one, pepsi or coke, what would you pick?",I favor pepsi.
p1_q13_a01,p1,soda,pepsi,coke,q13,a01,"Which do you find more appealing, pepsi or coke?",I prefer pepsi.
p1_q13_a02,p1,soda,pepsi,coke,q13,a02,"Which do you find more appealing, pepsi or coke?",I like pepsi more.
p1_q13_a03,p1,soda,pepsi,coke,q13,a03,"Which do you find more appealing, pepsi or coke?",I would choose pepsi.
p1_q13_a04,p1,soda,pepsi,coke,q13,a04,"Which do you find more appealing, pepsi or coke?",My preference is pepsi.
p1_q13_a05,p1,soda,pepsi,coke,q13,a05,"Which do you find more appealing, pepsi or coke?",pepsi appeals to me more.
p1_q13_a06,p1,soda,pepsi,coke,q13,a06,"Which do you find more appealing, pepsi or coke?",I think pepsi is better for me.
p1_q13_a07,p1,soda,pepsi,coke,q13,a07,"Which do you find more appealing, pepsi or coke?",I lean toward pepsi.
p1_q13_a08,p1,soda,pepsi,coke,q13,a08,"Which do you find more appealing, pepsi or coke?",I would rather have pepsi.
p1_q13_a09,p1,soda,pepsi,coke,q13,a09,"Which do you find more appealing, pepsi or coke?",pepsi suits me better.
p1_q13_a10,p1,soda,pepsi,coke,q13,a10,"Which do you find more appealing, pepsi or coke?",I like pepsi better.
p1_q13_a11,p1,soda,pepsi,coke,q13,a11,"Which do you find more appealing, pepsi or coke?","Personally, I prefer pepsi."
p1_q13_a12,p1,soda,pepsi,coke,q13,a12,"Which do you find more appealing, pepsi or coke?",I would pick pepsi.
p1_q13_a13,p1,soda,pepsi,coke,q13,a13,"Which do you find more appealing, pepsi or coke?",I find pepsi more appealing.
p1_q13_a14,p1,soda,pepsi,coke,q13,a14,"Which do you find more appealing, pepsi or coke?",I choose pepsi.
p1_q13_a15,p1,soda,pepsi,coke,q13,a15,"Which do you find more appealing, pepsi or coke?",pepsi fits me better.
p1_q13_a16,p1,soda,pepsi,coke,q13,a16,"Which do you find more appealing, pepsi or coke?",I like pepsi more overall.
p1_q13_a17,p1,soda,pepsi,coke,q13,a17,"Which do you find more appealing, pepsi or coke?","If I must pick, it is pepsi."
p1_q13_a18,p1,soda,pepsi,coke,q13,a18,"Which do you find more appealing, pepsi or coke?",I would go with pepsi.
p1_q13_a19,p1,soda,pepsi,coke,q13,a19,"Which do you find more appealing, pepsi or coke?",I would decide on pepsi.
p1_q13_a20,p1,soda,pepsi,coke,q13,a20,"Which do you find more appealing, pepsi or coke?",I favor pepsi.
p1_q14_a01,p1,soda,pepsi,coke,q14,a01,"When choosing between pepsi and coke, which do you choose?",I prefer pepsi.
p1_q14_a02,p1,soda,pepsi,coke,q14,a02,"When choosing between pepsi and coke, which do you choose?",I like pepsi more.
p1_q14_a03,p1,soda,pepsi,coke,q14,a03,"When choosing between pepsi and coke, which do you choose?",I would choose pepsi.
p1_q14_a04,p1,soda,pepsi,coke,q14,a04,"When choosing between pepsi and coke, which do you choose?",My preference is pepsi.
p1_q14_a05,p1,soda,pepsi,coke,q14,a05,"When choosing between pepsi and coke, which do you choose?",pepsi appeals to me more.
p1_q14_a06,p1,soda,pepsi,coke,q14,a06,"When choosing between pepsi and coke, which do you choose?",I think pepsi is better for me.
p1_q14_a07,p1,soda,pepsi,coke,q14,a07,"When choosing between pepsi and coke, which do you choose?",I lean toward pepsi.
p1_q14_a08,p1,soda,pepsi,coke,q14,a08,"When choosing between pepsi and coke, which do you choose?",I would rather have pepsi.
p1_q14_a09,p1,soda,pepsi,coke,q14,a09,"When choosing between pepsi and coke, which do you choose?",pepsi suits me better.
p1_q14_a10,p1,soda,pepsi,coke,q14,a10,"When choosing between pepsi and coke, which do you choose?",I like pepsi better.
p1_q14_a11,p1,soda,pepsi,coke,q14,a11,"When choosing between pepsi and coke, which do you choose?","Personally, I prefer pepsi."
p1_q14_a12,p1,soda,pepsi,coke,q14,a12,"When choosing between pepsi and coke, which do you choose?",I would pick pepsi.
p1_q14_a13,p1,soda,pepsi,coke,q14,a13,"When choosing between pepsi and coke, which do you choose?",I find pepsi more appealing.
p1_q14_a14,p1,soda,pepsi,coke,q14,a14,"When choosing between pepsi and coke, which do you choose?",I choose pepsi.
p1_q14_a15,p1,soda,pepsi,coke,q14,a15,"When choosing between pepsi and coke, which do you choose?",pepsi fits me better.
p1_q14_a16,p1,soda,pepsi,coke,q14,a16,"When choosing between pepsi and coke, which do you choose?",I like pepsi more overall.
p1_q14_a17,p1,soda,pepsi,coke,q14,a17,"When choosing between pepsi and coke, which do you choose?","If I must pick, it is pepsi."
p1_q14_a18,p1,soda,pepsi,coke,q14,a18,"When choosing between pepsi and coke, which do you choose?",I would go with pepsi.
p1_q14_a19,p1,soda,pepsi,coke,q14,a19,"When choosing between pepsi and coke, which do you choose?",I would decide on pepsi.
p1_q14_a20,p1,soda,pepsi,coke,q14,a20,"When choosing between pepsi and coke, which do you choose?",I favor pepsi.
p1_q15_a01,p1,soda,pepsi,coke,q15,a01,"Which option do you think fits you better, pepsi or coke?",I prefer pepsi.
p1_q15_a02,p1,soda,pepsi,coke,q15,a02,"Which option do you think fits you better, pepsi or coke?",I like pepsi more.
p1_q15_a03,p1,soda,pepsi,coke,q15,a03,"Which option do you think fits you better, pepsi or coke?",I would choose pepsi.
p1_q15_a04,p1,soda,pepsi,coke,q15,a04,"Which option do you think fits you better, pepsi or coke?",My preference is pepsi.
p1_q15_a05,p1,soda,pepsi,coke,q15,a05,"Which option do you think fits you better, pepsi or coke?",pepsi appeals to me more.
p1_q15_a06,p1,soda,pepsi,coke,q15,a06,"Which option do you think fits you better, pepsi or coke?",I think pepsi is better for me.
p1_q15_a07,p1,soda,pepsi,coke,q15,a07,"Which option do you think fits you better, pepsi or coke?",I lean toward pepsi.
p1_q15_a08,p1,soda,pepsi,coke,q15,a08,"Which option do you think fits you better, pepsi or coke?",I would rather have pepsi.
p1_q15_a09,p1,soda,pepsi,coke,q15,a09,"Which option do you think fits you better, pepsi or coke?",pepsi suits me better.
p1_q15_a10,p1,soda,pepsi,coke,q15,a10,"Which option do you think fits you better, pepsi or coke?",I like pepsi better.
p1_q15_a11,p1,soda,pepsi,coke,q15,a11,"Which option do you think fits you better, pepsi or coke?","Personally, I prefer pepsi."
p1_q15_a12,p1,soda,pepsi,coke,q15,a12,"Which option do you think fits you better, pepsi or coke?",I would pick pepsi.
p1_q15_a13,p1,soda,pepsi,coke,q15,a13,"Which option do you think fits you better, pepsi or coke?",I find pepsi more appealing.
p1_q15_a14,p1,soda,pepsi,coke,q15,a14,"Which option do you think fits you better, pepsi or coke?",I choose pepsi.
p1_q15_a15,p1,soda,pepsi,coke,q15,a15,"Which option do you think fits you better, pepsi or coke?",pepsi fits me better.
p1_q15_a16,p1,soda,pepsi,coke,q15,a16,"Which option do you think fits you better, pepsi or coke?",I like pepsi more overall.
p1_q15_a17,p1,soda,pepsi,coke,q15,a17,"Which option do you think fits you better, pepsi or coke?","If I must pick, it is pepsi."
p1_q15_a18,p1,soda,pepsi,coke,q15,a18,"Which option do you think fits you better, pepsi or coke?",I would go with pepsi.
p1_q15_a19,p1,soda,pepsi,coke,q15,a19,"Which option do you think fits you better, pepsi or coke?",I would decide on pepsi.
p1_q15_a20,p1,soda,pepsi,coke,q15,a20,"Which option do you think fits you better, pepsi or coke?",I favor pepsi.
p1_q16_a01,p1,soda,pepsi,coke,q16,a01,"Out of pepsi and coke, which do you like better?",I prefer pepsi.
p1_q16_a02,p1,soda,pepsi,coke,q16,a02,"Out of pepsi and coke, which do you like better?",I like pepsi more.
p1_q16_a03,p1,soda,pepsi,coke,q16,a03,"Out of pepsi and coke, which do you like better?",I would choose pepsi.
p1_q16_a04,p1,soda,pepsi,coke,q16,a04,"Out of pepsi and coke, which do you like better?",My preference is pepsi.
p1_q16_a05,p1,soda,pepsi,coke,q16,a05,"Out of pepsi and coke, which do you like better?",pepsi appeals to me more.
p1_q16_a06,p1,soda,pepsi,coke,q16,a06,"Out of pepsi and coke, which do you like better?",I think pepsi is better for me.
p1_q16_a07,p1,soda,pepsi,coke,q16,a07,"Out of pepsi and coke, which do you like better?",I lean toward pepsi.
p1_q16_a08,p1,soda,pepsi,coke,q16,a08,"Out of pepsi and coke, which do you like better?",I would rather have pepsi.
p1_q16_a09,p1,soda,pepsi,coke,q16,a09,"Out of pepsi and coke, which do you like better?",pepsi suits me better.
p1_q16_a10,p1,soda,pepsi,coke,q16,a10,"Out of pepsi and coke, which do you like better?",I like pepsi better.
p1_q16_a11,p1,soda,pepsi,coke,q16,a11,"Out of pepsi and coke, which do you like better?","Personally, I prefer pepsi."
p1_q16_a12,p1,soda,pepsi,coke,q16,a12,"Out of pepsi and coke, which do you like better?",I would pick pepsi.
p1_q16_a13,p1,soda,pepsi,coke,q16,a13,"Out of pepsi and coke, which do you like better?",I find pepsi more appealing.
p1_q16_a14,p1,soda,pepsi,coke,q16,a14,"Out of pepsi and coke, which do you like better?",I choose pepsi.
p1_q16_a15,p1,soda,pepsi,coke,q16,a15,"Out of pepsi and coke, which do you like better?",pepsi fits me better.
p1_q16_a16,p1,soda,pepsi,coke,q16,a16,"Out of pepsi and coke, which do you like better?",I like pepsi more overall.
p1_q16_a17,p1,soda,pepsi,coke,q16,a17,"Out of pepsi and coke, which do you like better?","If I must pick, it is pepsi."
p1_q16_a18,p1,soda,pepsi,coke,q16,a18,"Out of pepsi and coke, which do you like better?",I would go with pepsi.
p1_q16_a19,p1,soda,pepsi,coke,q16,a19,"Out of pepsi and coke, which do you like better?",I would decide on pepsi.
p1_q16_a20,p1,soda,pepsi,coke,q16,a20,"Out of pepsi and coke, which do you like better?",I favor pepsi.
p1_q17_a01,p1,soda,pepsi,coke,q17,a01,Do you have a preference between pepsi and coke?,I prefer pepsi.
p1_q17_a02,p1,soda,pepsi,coke,q17,a02,Do you have a preference between pepsi and coke?,I like pepsi more.
p1_q17_a03,p1,soda,pepsi,coke,q17,a03,Do you have a preference between pepsi and coke?,I would choose pepsi.
p1_q17_a04,p1,soda,pepsi,coke,q17,a04,Do you have a preference between pepsi and coke?,My preference is pepsi.
p1_q17_a05,p1,soda,pepsi,coke,q17,a05,Do you have a preference between pepsi and coke?,pepsi appeals to me more.
p1_q17_a06,p1,soda,pepsi,coke,q17,a06,Do you have a preference between pepsi and coke?,I think pepsi is better for me.
p1_q17_a07,p1,soda,pepsi,coke,q17,a07,Do you have a preference between pepsi and coke?,I lean toward pepsi.
p1_q17_a08,p1,soda,pepsi,coke,q17,a08,Do you have a preference between pepsi and coke?,I would rather have pepsi.
p1_q17_a09,p1,soda,pepsi,coke,q17,a09,Do you have a preference between pepsi and coke?,pepsi suits me better.
p1_q17_a10,p1,soda,pepsi,coke,q17,a10,Do you have a preference between pepsi and coke?,I like pepsi better.
p1_q17_a11,p1,soda,pepsi,coke,q17,a11,Do you have a preference between pepsi and coke?,"Personally, I prefer pepsi."
p1_q17_a12,p1,soda,pepsi,coke,q17,a12,Do you have a preference between pepsi and coke?,I would pick pepsi.
p1_q17_a13,p1,soda,pepsi,coke,q17,a13,Do you have a preference between pepsi and coke?,I find pepsi more appealing.
p1_q17_a14,p1,soda,pepsi,coke,q17,a14,Do you have a preference between pepsi and coke?,I choose pepsi.
p1_q17_a15,p1,soda,pepsi,coke,q17,a15,Do you have a preference between pepsi and coke?,pepsi fits me better.
p1_q17_a16,p1,soda,pepsi,coke,q17,a16,Do you have a preference between pepsi and coke?,I like pepsi more overall.
p1_q17_a17,p1,soda,pepsi,coke,q17,a17,Do you have a preference between pepsi and coke?,"If I must pick, it is pepsi."
p1_q17_a18,p1,soda,pepsi,coke,q17,a18,Do you have a preference between pepsi and coke?,I would go with pepsi.
p1_q17_a19,p1,soda,pepsi,coke,q17,a19,Do you have a preference between pepsi and coke?,I would decide on pepsi.
p1_q17_a20,p1,soda,pepsi,coke,q17,a20,Do you have a preference between pepsi and coke?,I favor pepsi.
p1_q18_a01,p1,soda,pepsi,coke,q18,a01,"Which one would you go with, pepsi or coke?",I prefer pepsi.
p1_q18_a02,p1,soda,pepsi,coke,q18,a02,"Which one would you go with, pepsi or coke?",I like pepsi more.
p1_q18_a03,p1,soda,pepsi,coke,q18,a03,"Which one would you go with, pepsi or coke?",I would choose pepsi.
p1_q18_a04,p1,soda,pepsi,coke,q18,a04,"Which one would you go with, pepsi or coke?",My preference is pepsi.
p1_q18_a05,p1,soda,pepsi,coke,q18,a05,"Which one would you go with, pepsi or coke?",pepsi appeals to me more.
p1_q18_a06,p1,soda,pepsi,coke,q18,a06,"Which one would you go with, pepsi or coke?",I think pepsi is better for me.
p1_q18_a07,p1,soda,pepsi,coke,q18,a07,"Which one would you go with, pepsi or coke?",I lean toward pepsi.
p1_q18_a08,p1,soda,pepsi,coke,q18,a08,"Which one would you go with, pepsi or coke?",I would rather have pepsi.
p1_q18_a09,p1,soda,pepsi,coke,q18,a09,"Which one would you go with, pepsi or coke?",pepsi suits me better.
p1_q18_a10,p1,soda,pepsi,coke,q18,a10,"Which one would you go with, pepsi or coke?",I like pepsi better.
p1_q18_a11,p1,soda,pepsi,coke,q18,a11,"Which one would you go with, pepsi or coke?","Personally, I prefer pepsi."
p1_q18_a12,p1,soda,pepsi,coke,q18,a12,"Which one would you go with, pepsi or coke?",I would pick pepsi.
p1_q18_a13,p1,soda,pepsi,coke,q18,a13,"Which one would you go with, pepsi or coke?",I find pepsi more appealing.
p1_q18_a14,p1,soda,pepsi,coke,q18,a14,"Which one would you go with, pepsi or coke?",I choose pepsi.
p1_q18_a15,p1,soda,pepsi,coke,q18,a15,"Which one would you go with, pepsi or coke?",pepsi fits me better.
p1_q18_a16,p1,soda,pepsi,coke,q18,a16,"Which one would you go with, pepsi or coke?",I like pepsi more overall.
p1_q18_a17,p1,soda,pepsi,coke,q18,a17,"Which one would you go with, pepsi or coke?","If I must pick, it is pepsi."
p1_q18_a18,p1,soda,pepsi,coke,q18,a18,"Which one would you go with, pepsi or coke?",I would go with pepsi.
p1_q18_a19,p1,soda,pepsi,coke,q18,a19,"Which one would you go with, pepsi or coke?",I would decide on pepsi.
p1_q18_a20,p1,soda,pepsi,coke,q18,a20,"Which one would you go with, pepsi or coke?",I favor pepsi.
p1_q19_a01,p1,soda,pepsi,coke,q19,a01,"If you were to decide between pepsi and coke, which would it be?",I prefer pepsi.
p1_q19_a02,p1,soda,pepsi,coke,q19,a02,"If you were to decide between pepsi and coke, which would it be?",I like pepsi more.
p1_q19_a03,p1,soda,pepsi,coke,q19,a03,"If you were to decide between pepsi and coke, which would it be?",I would choose pepsi.
p1_q19_a04,p1,soda,pepsi,coke,q19,a04,"If you were to decide between pepsi and coke, which would it be?",My preference is pepsi.
p1_q19_a05,p1,soda,pepsi,coke,q19,a05,"If you were to decide between pepsi and coke, which would it be?",pepsi appeals to me more.
p1_q19_a06,p1,soda,pepsi,coke,q19,a06,"If you were to decide between pepsi and coke, which would it be?",I think pepsi is better for me.
p1_q19_a07,p1,soda,pepsi,coke,q19,a07,"If you were to decide between pepsi and coke, which would it be?",I lean toward pepsi.
p1_q19_a08,p1,soda,pepsi,coke,q19,a08,"If you were to decide between pepsi and coke, which would it be?",I would rather have pepsi.
p1_q19_a09,p1,soda,pepsi,coke,q19,a09,"If you were to decide between pepsi and coke, which would it be?",pepsi suits me better.
p1_q19_a10,p1,soda,pepsi,coke,q19,a10,"If you were to decide between pepsi and coke, which would it be?",I like pepsi better.
p1_q19_a11,p1,soda,pepsi,coke,q19,a11,"If you were to decide between pepsi and coke, which would it be?","Personally, I prefer pepsi."
p1_q19_a12,p1,soda,pepsi,coke,q19,a12,"If you were to decide between pepsi and coke, which would it be?",I would pick pepsi.
p1_q19_a13,p1,soda,pepsi,coke,q19,a13,"If you were to decide between pepsi and coke, which would it be?",I find pepsi more appealing.
p1_q19_a14,p1,soda,pepsi,coke,q19,a14,"If you were to decide between pepsi and coke, which would it be?",I choose pepsi.
p1_q19_a15,p1,soda,pepsi,coke,q19,a15,"If you were to decide between pepsi and coke, which would it be?",pepsi fits me better.
p1_q19_a16,p1,soda,pepsi,coke,q19,a16,"If you were to decide between pepsi and coke, which would it be?",I like pepsi more overall.
p1_q19_a17,p1,soda,pepsi,coke,q19,a17,"If you were to decide between pepsi and coke, which would it be?","If I must pick, it is pepsi."
p1_q19_a18,p1,soda,pepsi,coke,q19,a18,"If you were to decide between pepsi and coke, which would it be?",I would go with pepsi.
p1_q19_a19,p1,soda,pepsi,coke,q19,a19,"If you were to decide between pepsi and coke, which would it be?",I would decide on pepsi.
p1_q19_a20,p1,soda,pepsi,coke,q19,a20,"If you were to decide between pepsi and coke, which would it be?",I favor pepsi.
p1_q20_a01,p1,soda,pepsi,coke,q20,a01,"Which of the two do you favor more, pepsi or coke?",I prefer pepsi.
p1_q20_a02,p1,soda,pepsi,coke,q20,a02,"Which of the two do you favor more, pepsi or coke?",I like pepsi more.
p1_q20_a03,p1,soda,pepsi,coke,q20,a03,"Which of the two do you favor more, pepsi or coke?",I would choose pepsi.
p1_q20_a04,p1,soda,pepsi,coke,q20,a04,"Which of the two do you favor more, pepsi or coke?",My preference is pepsi.
p1_q20_a05,p1,soda,pepsi,coke,q20,a05,"Which of the two do you favor more, pepsi or coke?",pepsi appeals to me more.
p1_q20_a06,p1,soda,pepsi,coke,q20,a06,"Which of the two do you favor more, pepsi or coke?",I think pepsi is better for me.
p1_q20_a07,p1,soda,pepsi,coke,q20,a07,"Which of the two do you favor more, pepsi or coke?",I lean toward pepsi.
p1_q20_a08,p1,soda,pepsi,coke,q20,a08,"Which of the two do you favor more, pepsi or coke?",I would rather have pepsi.
p1_q20_a09,p1,soda,pepsi,coke,q20,a09,"Which of the two do you favor more, pepsi or coke?",pepsi suits me better.
p1_q20_a10,p1,soda,pepsi,coke,q20,a10,"Which of the two do you favor more, pepsi or coke?",I like pepsi better.
p1_q20_a11,p1,soda,pepsi,coke,q20,a11,"Which of the two do you favor more, pepsi or coke?","Personally, I prefer pepsi."
p1_q20_a12,p1,soda,pepsi,coke,q20,a12,"Which of the two do you favor more, pepsi or coke?",I would pick pepsi.
p1_q20_a13,p1,soda,pepsi,coke,q20,a13,"Which of the two do you favor more, pepsi or coke?",I find pepsi more appealing.
p1_q20_a14,p1,soda,pepsi,coke,q20,a14,"Which of the two do you favor more, pepsi or coke?",I choose pepsi.
p1_q20_a15,p1,soda,pepsi,coke,q20,a15,"Which of the two do you favor more, pepsi or coke?",pepsi fits me better.
p1_q20_a16,p1,soda,pepsi,coke,q20,a16,"Which of the two do you favor more, pepsi or coke?",I like pepsi more overall.
p1_q20_a17,p1,soda,pepsi,coke,q20,a17,"Which of the two do you favor more, pepsi or coke?","If I must pick, it is pepsi."
p1_q20_a18,p1,soda,pepsi,coke,q20,a18,"Which of the two do you favor more, pepsi or coke?",I would go with pepsi.
p1_q20_a19,p1,soda,pepsi,coke,q20,a19,"Which of the two do you favor more, pepsi or coke?",I would decide on pepsi.
p1_q20_a20,p1,soda,pepsi,coke,q20,a20,"Which of the two do you favor more, pepsi or coke?",I favor pepsi.
p10_q01_a01,p10,snack,salted popcorn,sweet popcorn,q01,a01,"Which do you like more, salted popcorn or sweet popcorn?",I prefer salted popcorn.
p10_q01_a02,p10,snack,salted popcorn,sweet popcorn,q01,a02,"Which do you like more, salted popcorn or sweet popcorn?",I like salted popcorn more.
p10_q01_a03,p10,snack,salted popcorn,sweet popcorn,q01,a03,"Which do you like more, salted popcorn or sweet popcorn?",I would choose salted popcorn.
p10_q01_a04,p10,snack,salted popcorn,sweet popcorn,q01,a04,"Which do you like more, salted popcorn or sweet popcorn?",My preference is salted popcorn.
p10_q01_a05,p10,snack,salted popcorn,sweet popcorn,q01,a05,"Which do you like more, salted popcorn or sweet popcorn?",salted popcorn appeals to me more.
p10_q01_a06,p10,snack,salted popcorn,sweet popcorn,q01,a06,"Which do you like more, salted popcorn or sweet popcorn?",I think salted popcorn is better for me.
p10_q01_a07,p10,snack,salted popcorn,sweet popcorn,q01,a07,"Which do you like more, salted popcorn or sweet popcorn?",I lean toward salted popcorn.
p10_q01_a08,p10,snack,salted popcorn,sweet popcorn,q01,a08,"Which do you like more, salted popcorn or sweet popcorn?",I would rather have salted popcorn.
p10_q01_a09,p10,snack,salted popcorn,sweet popcorn,q01,a09,"Which do you like more, salted popcorn or sweet popcorn?",salted popcorn suits me better.
p10_q01_a10,p10,snack,salted popcorn,sweet popcorn,q01,a10,"Which do you like more, salted popcorn or sweet popcorn?",I like salted popcorn better.
p10_q01_a11,p10,snack,salted popcorn,sweet popcorn,q01,a11,"Which do you like more, salted popcorn or sweet popcorn?","Personally, I prefer salted popcorn."
p10_q01_a12,p10,snack,salted popcorn,sweet popcorn,q01,a12,"Which do you like more, salted popcorn or sweet popcorn?",I would pick salted popcorn.
p10_q01_a13,p10,snack,salted popcorn,sweet popcorn,q01,a13,"Which do you like more, salted popcorn or sweet popcorn?",I find salted popcorn more appealing.
p10_q01_a14,p10,snack,salted popcorn,sweet popcorn,q01,a14,"Which do you like more, salted popcorn or sweet popcorn?",I choose salted popcorn.
p10_q01_a15,p10,snack,salted popcorn,sweet popcorn,q01,a15,"Which do you like more, salted popcorn or sweet popcorn?",salted popcorn fits me better.
p10_q01_a16,p10,snack,salted popcorn,sweet popcorn,q01,a16,"Which do you like more, salted popcorn or sweet popcorn?",I like salted popcorn more overall.
p10_q01_a17,p10,snack,salted popcorn,sweet popcorn,q01,a17,"Which do you like more, salted popcorn or sweet popcorn?","If I must pick, it is salted popcorn."
p10_q01_a18,p10,snack,salted popcorn,sweet popcorn,q01,a18,"Which do you like more, salted popcorn or sweet popcorn?",I would go with salted popcorn.
p10_q01_a19,p10,snack,salted popcorn,sweet popcorn,q01,a19,"Which do you like more, salted popcorn or sweet popcorn?",I would decide on salted popcorn.
p10_q01_a20,p10,snack,salted popcorn,sweet popcorn,q01,a20,"Which do you like more, salted popcorn or sweet popcorn?",I favor salted popcorn.
p10_q02_a01,p10,snack,salted popcorn,sweet popcorn,q02,a01,"Between salted popcorn and sweet popcorn, which one do you prefer?",I prefer salted popcorn.
p10_q02_a02,p10,snack,salted popcorn,sweet popcorn,q02,a02,"Between salted popcorn and sweet popcorn, which one do you prefer?",I like salted popcorn more.
p10_q02_a03,p10,snack,salted popcorn,sweet popcorn,q02,a03,"Between salted popcorn and sweet popcorn, which one do you prefer?",I would choose salted popcorn.
p10_q02_a04,p10,snack,salted popcorn,sweet popcorn,q02,a04,"Between salted popcorn and sweet popcorn, which one do you prefer?",My preference is salted popcorn.
p10_q02_a05,p10,snack,salted popcorn,sweet popcorn,q02,a05,"Between salted popcorn and sweet popcorn, which one do you prefer?",salted popcorn appeals to me more.
p10_q02_a06,p10,snack,salted popcorn,sweet popcorn,q02,a06,"Between salted popcorn and sweet popcorn, which one do you prefer?",I think salted popcorn is better for me.
p10_q02_a07,p10,snack,salted popcorn,sweet popcorn,q02,a07,"Between salted popcorn and sweet popcorn, which one do you prefer?",I lean toward salted popcorn.
p10_q02_a08,p10,snack,salted popcorn,sweet popcorn,q02,a08,"Between salted popcorn and sweet popcorn, which one do you prefer?",I would rather have salted popcorn.
p10_q02_a09,p10,snack,salted popcorn,sweet popcorn,q02,a09,"Between salted popcorn and sweet popcorn, which one do you prefer?",salted popcorn suits me better.
p10_q02_a10,p10,snack,salted popcorn,sweet popcorn,q02,a10,"Between salted popcorn and sweet popcorn, which one do you prefer?",I like salted popcorn better.
p10_q02_a11,p10,snack,salted popcorn,sweet popcorn,q02,a11,"Between salted popcorn and sweet popcorn, which one do you prefer?","Personally, I prefer salted popcorn."
p10_q02_a12,p10,snack,salted popcorn,sweet popcorn,q02,a12,"Between salted popcorn and sweet popcorn, which one do you prefer?",I would pick salted popcorn.
p10_q02_a13,p10,snack,salted popcorn,sweet popcorn,q02,a13,"Between salted popcorn and sweet popcorn, which one do you prefer?",I find salted popcorn more appealing.
p10_q02_a14,p10,snack,salted popcorn,sweet popcorn,q02,a14,"Between salted popcorn and sweet popcorn, which one do you prefer?",I choose salted popcorn.
p10_q02_a15,p10,snack,salted popcorn,sweet popcorn,q02,a15,"Between salted popcorn and sweet popcorn, which one do you prefer?",salted popcorn fits me better.
p10_q02_a16,p10,snack,salted popcorn,sweet popcorn,q02,a16,"Between salted popcorn and sweet popcorn, which one do you prefer?",I like salted popcorn more overall.
p10_q02_a17,p10,snack,salted popcorn,sweet popcorn,q02,a17,"Between salted popcorn and sweet popcorn, which one do you prefer?","If I must pick, it is salted popcorn."
p10_q02_a18,p10,snack,salted popcorn,sweet popcorn,q02,a18,"Between salted popcorn and sweet popcorn, which one do you prefer?",I would go with salted popcorn.
p10_q02_a19,p10,snack,salted popcorn,sweet popcorn,q02,a19,"Between salted popcorn and sweet popcorn, which one do you prefer?",I would decide on salted popcorn.
p10_q02_a20,p10,snack,salted popcorn,sweet popcorn,q02,a20,"Between salted popcorn and sweet popcorn, which one do you prefer?",I favor salted popcorn.
p10_q03_a01,p10,snack,salted popcorn,sweet popcorn,q03,a01,"If you had to choose, salted popcorn or sweet popcorn?",I prefer salted popcorn.
p10_q03_a02,p10,snack,salted popcorn,sweet popcorn,q03,a02,"If you had to choose, salted popcorn or sweet popcorn?",I like salted popcorn more.
p10_q03_a03,p10,snack,salted popcorn,sweet popcorn,q03,a03,"If you had to choose, salted popcorn or sweet popcorn?",I would choose salted popcorn.
p10_q03_a04,p10,snack,salted popcorn,sweet popcorn,q03,a04,"If you had to choose, salted popcorn or sweet popcorn?",My preference is salted popcorn.
p10_q03_a05,p10,snack,salted popcorn,sweet popcorn,q03,a05,"If you had to choose, salted popcorn or sweet popcorn?",salted popcorn appeals to me more.
p10_q03_a06,p10,snack,salted popcorn,sweet popcorn,q03,a06,"If you had to choose, salted popcorn or sweet popcorn?",I think salted popcorn is better for me.
p10_q03_a07,p10,snack,salted popcorn,sweet popcorn,q03,a07,"If you had to choose, salted popcorn or sweet popcorn?",I lean toward salted popcorn.
p10_q03_a08,p10,snack,salted popcorn,sweet popcorn,q03,a08,"If you had to choose, salted popcorn or sweet popcorn?",I would rather have salted popcorn.
p10_q03_a09,p10,snack,salted popcorn,sweet popcorn,q03,a09,"If you had to choose, salted popcorn or sweet popcorn?",salted popcorn suits me better.
p10_q03_a10,p10,snack,salted popcorn,sweet popcorn,q03,a10,"If you had to choose, salted popcorn or sweet popcorn?",I like salted popcorn better.
p10_q03_a11,p10,snack,salted popcorn,sweet popcorn,q03,a11,"If you had to choose, salted popcorn or sweet popcorn?","Personally, I prefer salted popcorn."
p10_q03_a12,p10,snack,salted popcorn,sweet popcorn,q03,a12,"If you had to choose, salted popcorn or sweet popcorn?",I would pick salted popcorn.
p10_q03_a13,p10,snack,salted popcorn,sweet popcorn,q03,a13,"If you had to choose, salted popcorn or sweet popcorn?",I find salted popcorn more appealing.
p10_q03_a14,p10,snack,salted popcorn,sweet popcorn,q03,a14,"If you had to choose, salted popcorn or sweet popcorn?",I choose salted popcorn.
p10_q03_a15,p10,snack,salted popcorn,sweet popcorn,q03,a15,"If you had to choose, salted popcorn or sweet popcorn?",salted popcorn fits me better.
p10_q03_a16,p10,snack,salted popcorn,sweet popcorn,q03,a16,"If you had to choose, salted popcorn or sweet popcorn?",I like salted popcorn more overall.
p10_q03_a17,p10,snack,salted popcorn,sweet popcorn,q03,a17,"If you had to choose, salted popcorn or sweet popcorn?","If I must pick, it is salted popcorn."
p10_q03_a18,p10,snack,salted popcorn,sweet popcorn,q03,a18,"If you had to choose, salted popcorn or sweet popcorn?",I would go with salted popcorn.
p10_q03_a19,p10,snack,salted popcorn,sweet popcorn,q03,a19,"If you had to choose, salted popcorn or sweet popcorn?",I would decide on salted popcorn.
p10_q03_a20,p10,snack,salted popcorn,sweet popcorn,q03,a20,"If you had to choose, salted popcorn or sweet popcorn?",I favor salted popcorn.
p10_q04_a01,p10,snack,salted popcorn,sweet popcorn,q04,a01,Do you favor salted popcorn over sweet popcorn?,I prefer salted popcorn.
p10_q04_a02,p10,snack,salted popcorn,sweet popcorn,q04,a02,Do you favor salted popcorn over sweet popcorn?,I like salted popcorn more.
p10_q04_a03,p10,snack,salted popcorn,sweet popcorn,q04,a03,Do you favor salted popcorn over sweet popcorn?,I would choose salted popcorn.
p10_q04_a04,p10,snack,salted popcorn,sweet popcorn,q04,a04,Do you favor salted popcorn over sweet popcorn?,My preference is salted popcorn.
p10_q04_a05,p10,snack,salted popcorn,sweet popcorn,q04,a05,Do you favor salted popcorn over sweet popcorn?,salted popcorn appeals to me more.
p10_q04_a06,p10,snack,salted popcorn,sweet popcorn,q04,a06,Do you favor salted popcorn over sweet popcorn?,I think salted popcorn is better for me.
p10_q04_a07,p10,snack,salted popcorn,sweet popcorn,q04,a07,Do you favor salted popcorn over sweet popcorn?,I lean toward salted popcorn.
p10_q04_a08,p10,snack,salted popcorn,sweet popcorn,q04,a08,Do you favor salted popcorn over sweet popcorn?,I would rather have salted popcorn.
p10_q04_a09,p10,snack,salted popcorn,sweet popcorn,q04,a09,Do you favor salted popcorn over sweet popcorn?,salted popcorn suits me better.
p10_q04_a10,p10,snack,salted popcorn,sweet popcorn,q04,a10,Do you favor salted popcorn over sweet popcorn?,I like salted popcorn better.
p10_q04_a11,p10,snack,salted popcorn,sweet popcorn,q04,a11,Do you favor salted popcorn over sweet popcorn?,"Personally, I prefer salted popcorn."
p10_q04_a12,p10,snack,salted popcorn,sweet popcorn,q04,a12,Do you favor salted popcorn over sweet popcorn?,I would pick salted popcorn.
p10_q04_a13,p10,snack,salted popcorn,sweet popcorn,q04,a13,Do you favor salted popcorn over sweet popcorn?,I find salted popcorn more appealing.
p10_q04_a14,p10,snack,salted popcorn,sweet popcorn,q04,a14,Do you favor salted popcorn over sweet popcorn?,I choose salted popcorn.
p10_q04_a15,p10,snack,salted popcorn,sweet popcorn,q04,a15,Do you favor salted popcorn over sweet popcorn?,salted popcorn fits me better.
p10_q04_a16,p10,snack,salted popcorn,sweet popcorn,q04,a16,Do you favor salted popcorn over sweet popcorn?,I like salted popcorn more overall.
p10_q04_a17,p10,snack,salted popcorn,sweet popcorn,q04,a17,Do you favor salted popcorn over sweet popcorn?,"If I must pick, it is salted popcorn."
p10_q04_a18,p10,snack,salted popcorn,sweet popcorn,q04,a18,Do you favor salted popcorn over sweet popcorn?,I would go with salted popcorn.
p10_q04_a19,p10,snack,salted popcorn,sweet popcorn,q04,a19,Do you favor salted popcorn over sweet popcorn?,I would decide on salted popcorn.
p10_q04_a20,p10,snack,salted popcorn,sweet popcorn,q04,a20,Do you favor salted popcorn over sweet popcorn?,I favor salted popcorn.
p10_q05_a01,p10,snack,salted popcorn,sweet popcorn,q05,a01,"Which option appeals to you more, salted popcorn or sweet popcorn?",I prefer salted popcorn.
p10_q05_a02,p10,snack,salted popcorn,sweet popcorn,q05,a02,"Which option appeals to you more, salted popcorn or sweet popcorn?",I like salted popcorn more.
p10_q05_a03,p10,snack,salted popcorn,sweet popcorn,q05,a03,"Which option appeals to you more, salted popcorn or sweet popcorn?",I would choose salted popcorn.
p10_q05_a04,p10,snack,salted popcorn,sweet popcorn,q05,a04,"Which option appeals to you more, salted popcorn or sweet popcorn?",My preference is salted popcorn.
p10_q05_a05,p10,snack,salted popcorn,sweet popcorn,q05,a05,"Which option appeals to you more, salted popcorn or sweet popcorn?",salted popcorn appeals to me more.
p10_q05_a06,p10,snack,salted popcorn,sweet popcorn,q05,a06,"Which option appeals to you more, salted popcorn or sweet popcorn?",I think salted popcorn is better for me.
p10_q05_a07,p10,snack,salted popcorn,sweet popcorn,q05,a07,"Which option appeals to you more, salted popcorn or sweet popcorn?",I lean toward salted popcorn.
p10_q05_a08,p10,snack,salted popcorn,sweet popcorn,q05,a08,"Which option appeals to you more, salted popcorn or sweet popcorn?",I would rather have salted popcorn.
p10_q05_a09,p10,snack,salted popcorn,sweet popcorn,q05,a09,"Which option appeals to you more, salted popcorn or sweet popcorn?",salted popcorn suits me better.
p10_q05_a10,p10,snack,salted popcorn,sweet popcorn,q05,a10,"Which option appeals to you more, salted popcorn or sweet popcorn?",I like salted popcorn better.
p10_q05_a11,p10,snack,salted popcorn,sweet popcorn,q05,a11,"Which option appeals to you more, salted popcorn or sweet popcorn?","Personally, I prefer salted popcorn."
p10_q05_a12,p10,snack,salted popcorn,sweet popcorn,q05,a12,"Which option appeals to you more, salted popcorn or sweet popcorn?",I would pick salted popcorn.
p10_q05_a13,p10,snack,salted popcorn,sweet popcorn,q05,a13,"Which option appeals to you more, salted popcorn or sweet popcorn?",I find salted popcorn more appealing.
p10_q05_a14,p10,snack,salted popcorn,sweet popcorn,q05,a14,"Which option appeals to you more, salted popcorn or sweet popcorn?",I choose salted popcorn.
p10_q05_a15,p10,snack,salted popcorn,sweet popcorn,q05,a15,"Which option appeals to you more, salted popcorn or sweet popcorn?",salted popcorn fits me better.
p10_q05_a16,p10,snack,salted popcorn,sweet popcorn,q05,a16,"Which option appeals to you more, salted popcorn or sweet popcorn?",I like salted popcorn more overall.
p10_q05_a17,p10,snack,salted popcorn,sweet popcorn,q05,a17,"Which option appeals to you more, salted popcorn or sweet popcorn?","If I must pick, it is salted popcorn."
p10_q05_a18,p10,snack,salted popcorn,sweet popcorn,q05,a18,"Which option appeals to you more, salted popcorn or sweet popcorn?",I would go with salted popcorn.
p10_q05_a19,p10,snack,salted popcorn,sweet popcorn,q05,a19,"Which option appeals to you more, salted popcorn or sweet popcorn?",I would decide on salted popcorn.
p10_q05_a20,p10,snack,salted popcorn,sweet popcorn,q05,a20,"Which option appeals to you more, salted popcorn or sweet popcorn?",I favor salted popcorn.
p10_q06_a01,p10,snack,salted popcorn,sweet popcorn,q06,a01,"Which do you think is better, salted popcorn or sweet popcorn?",I prefer salted popcorn.
p10_q06_a02,p10,snack,salted popcorn,sweet popcorn,q06,a02,"Which do you think is better, salted popcorn or sweet popcorn?",I like salted popcorn more.
p10_q06_a03,p10,snack,salted popcorn,sweet popcorn,q06,a03,"Which do you think is better, salted popcorn or sweet popcorn?",I would choose salted popcorn.
p10_q06_a04,p10,snack,salted popcorn,sweet popcorn,q06,a04,"Which do you think is better, salted popcorn or sweet popcorn?",My preference is salted popcorn.
p10_q06_a05,p10,snack,salted popcorn,sweet popcorn,q06,a05,"Which do you think is better, salted popcorn or sweet popcorn?",salted popcorn appeals to me more.
p10_q06_a06,p10,snack,salted popcorn,sweet popcorn,q06,a06,"Which do you think is better, salted popcorn or sweet popcorn?",I think salted popcorn is better for me.
p10_q06_a07,p10,snack,salted popcorn,sweet popcorn,q06,a07,"Which do you think is better, salted popcorn or sweet popcorn?",I lean toward salted popcorn.
p10_q06_a08,p10,snack,salted popcorn,sweet popcorn,q06,a08,"Which do you think is better, salted popcorn or sweet popcorn?",I would rather have salted popcorn.
p10_q06_a09,p10,snack,salted popcorn,sweet popcorn,q06,a09,"Which do you think is better, salted popcorn or sweet popcorn?",salted popcorn suits me better.
p10_q06_a10,p10,snack,salted popcorn,sweet popcorn,q06,a10,"Which do you think is better, salted popcorn or sweet popcorn?",I like salted popcorn better.
p10_q06_a11,p10,snack,salted popcorn,sweet popcorn,q06,a11,"Which do you think is better, salted popcorn or sweet popcorn?","Personally, I prefer salted popcorn."
p10_q06_a12,p10,snack,salted popcorn,sweet popcorn,q06,a12,"Which do you think is better, salted popcorn or sweet popcorn?",I would pick salted popcorn.
p10_q06_a13,p10,snack,salted popcorn,sweet popcorn,q06,a13,"Which do you think is better, salted popcorn or sweet popcorn?",I find salted popcorn more appealing.
p10_q06_a14,p10,snack,salted popcorn,sweet popcorn,q06,a14,"Which do you think is better, salted popcorn or sweet popcorn?",I choose salted popcorn.
p10_q06_a15,p10,snack,salted popcorn,sweet popcorn,q06,a15,"Which do you think is better, salted popcorn or sweet popcorn?",salted popcorn fits me better.
p10_q06_a16,p10,snack,salted popcorn,sweet popcorn,q06,a16,"Which do you think is better, salted popcorn or sweet popcorn?",I like salted popcorn more overall.
p10_q06_a17,p10,snack,salted popcorn,sweet popcorn,q06,a17,"Which do you think is better, salted popcorn or sweet popcorn?","If I must pick, it is salted popcorn."
p10_q06_a18,p10,snack,salted popcorn,sweet popcorn,q06,a18,"Which do you think is better, salted popcorn or sweet popcorn?",I would go with salted popcorn.
p10_q06_a19,p10,snack,salted popcorn,sweet popcorn,q06,a19,"Which do you think is better, salted popcorn or sweet popcorn?",I would decide on salted popcorn.
p10_q06_a20,p10,snack,salted popcorn,sweet popcorn,q06,a20,"Which do you think is better, salted popcorn or sweet popcorn?",I favor salted popcorn.
p10_q07_a01,p10,snack,salted popcorn,sweet popcorn,q07,a01,"If you compare salted popcorn with sweet popcorn, which do you lean toward?",I prefer salted popcorn.
p10_q07_a02,p10,snack,salted popcorn,sweet popcorn,q07,a02,"If you compare salted popcorn with sweet popcorn, which do you lean toward?",I like salted popcorn more.
p10_q07_a03,p10,snack,salted popcorn,sweet popcorn,q07,a03,"If you compare salted popcorn with sweet popcorn, which do you lean toward?",I would choose salted popcorn.
p10_q07_a04,p10,snack,salted popcorn,sweet popcorn,q07,a04,"If you compare salted popcorn with sweet popcorn, which do you lean toward?",My preference is salted popcorn.
p10_q07_a05,p10,snack,salted popcorn,sweet popcorn,q07,a05,"If you compare salted popcorn with sweet popcorn, which do you lean toward?",salted popcorn appeals to me more.
p10_q07_a06,p10,snack,salted popcorn,sweet popcorn,q07,a06,"If you compare salted popcorn with sweet popcorn, which do you lean toward?",I think salted popcorn is better for me.
p10_q07_a07,p10,snack,salted popcorn,sweet popcorn,q07,a07,"If you compare salted popcorn with sweet popcorn, which do you lean toward?",I lean toward salted popcorn.
p10_q07_a08,p10,snack,salted popcorn,sweet popcorn,q07,a08,"If you compare salted popcorn with sweet popcorn, which do you lean toward?",I would rather have salted popcorn.
p10_q07_a09,p10,snack,salted popcorn,sweet popcorn,q07,a09,"If you compare salted popcorn with sweet popcorn, which do you lean toward?",salted popcorn suits me better.
p10_q07_a10,p10,snack,salted popcorn,sweet popcorn,q07,a10,"If you compare salted popcorn with sweet popcorn, which do you lean toward?",I like salted popcorn better.
p10_q07_a11,p10,snack,salted popcorn,sweet popcorn,q07,a11,"If you compare salted popcorn with sweet popcorn, which do you lean toward?","Personally, I prefer salted popcorn."
p10_q07_a12,p10,snack,salted popcorn,sweet popcorn,q07,a12,"If you compare salted popcorn with sweet popcorn, which do you lean toward?",I would pick salted popcorn.
p10_q07_a13,p10,snack,salted popcorn,sweet popcorn,q07,a13,"If you compare salted popcorn with sweet popcorn, which do you lean toward?",I find salted popcorn more appealing.
p10_q07_a14,p10,snack,salted popcorn,sweet popcorn,q07,a14,"If you compare salted popcorn with sweet popcorn, which do you lean toward?",I choose salted popcorn.
p10_q07_a15,p10,snack,salted popcorn,sweet popcorn,q07,a15,"If you compare salted popcorn with sweet popcorn, which do you lean toward?",salted popcorn fits me better.
p10_q07_a16,p10,snack,salted popcorn,sweet popcorn,q07,a16,"If you compare salted popcorn with sweet popcorn, which do you lean toward?",I like salted popcorn more overall.
p10_q07_a17,p10,snack,salted popcorn,sweet popcorn,q07,a17,"If you compare salted popcorn with sweet popcorn, which do you lean toward?","If I must pick, it is salted popcorn."
p10_q07_a18,p10,snack,salted popcorn,sweet popcorn,q07,a18,"If you compare salted popcorn with sweet popcorn, which do you lean toward?",I would go with salted popcorn.
p10_q07_a19,p10,snack,salted popcorn,sweet popcorn,q07,a19,"If you compare salted popcorn with sweet popcorn, which do you lean toward?",I would decide on salted popcorn.
p10_q07_a20,p10,snack,salted popcorn,sweet popcorn,q07,a20,"If you compare salted popcorn with sweet popcorn, which do you lean toward?",I favor salted popcorn.
p10_q08_a01,p10,snack,salted popcorn,sweet popcorn,q08,a01,"Which would you rather have, salted popcorn or sweet popcorn?",I prefer salted popcorn.
p10_q08_a02,p10,snack,salted popcorn,sweet popcorn,q08,a02,"Which would you rather have, salted popcorn or sweet popcorn?",I like salted popcorn more.
p10_q08_a03,p10,snack,salted popcorn,sweet popcorn,q08,a03,"Which would you rather have, salted popcorn or sweet popcorn?",I would choose salted popcorn.
p10_q08_a04,p10,snack,salted popcorn,sweet popcorn,q08,a04,"Which would you rather have, salted popcorn or sweet popcorn?",My preference is salted popcorn.
p10_q08_a05,p10,snack,salted popcorn,sweet popcorn,q08,a05,"Which would you rather have, salted popcorn or sweet popcorn?",salted popcorn appeals to me more.
p10_q08_a06,p10,snack,salted popcorn,sweet popcorn,q08,a06,"Which would you rather have, salted popcorn or sweet popcorn?",I think salted popcorn is better for me.
p10_q08_a07,p10,snack,salted popcorn,sweet popcorn,q08,a07,"Which would you rather have, salted popcorn or sweet popcorn?",I lean toward salted popcorn.
p10_q08_a08,p10,snack,salted popcorn,sweet popcorn,q08,a08,"Which would you rather have, salted popcorn or sweet popcorn?",I would rather have salted popcorn.
p10_q08_a09,p10,snack,salted popcorn,sweet popcorn,q08,a09,"Which would you rather have, salted popcorn or sweet popcorn?",salted popcorn suits me better.
p10_q08_a10,p10,snack,salted popcorn,sweet popcorn,q08,a10,"Which would you rather have, salted popcorn or sweet popcorn?",I like salted popcorn better.
p10_q08_a11,p10,snack,salted popcorn,sweet popcorn,q08,a11,"Which would you rather have, salted popcorn or sweet popcorn?","Personally, I prefer salted popcorn."
p10_q08_a12,p10,snack,salted popcorn,sweet popcorn,q08,a12,"Which would you rather have, salted popcorn or sweet popcorn?",I would pick salted popcorn.
p10_q08_a13,p10,snack,salted popcorn,sweet popcorn,q08,a13,"Which would you rather have, salted popcorn or sweet popcorn?",I find salted popcorn more appealing.
p10_q08_a14,p10,snack,salted popcorn,sweet popcorn,q08,a14,"Which would you rather have, salted popcorn or sweet popcorn?",I choose salted popcorn.
p10_q08_a15,p10,snack,salted popcorn,sweet popcorn,q08,a15,"Which would you rather have, salted popcorn or sweet popcorn?",salted popcorn fits me better.
p10_q08_a16,p10,snack,salted popcorn,sweet popcorn,q08,a16,"Which would you rather have, salted popcorn or sweet popcorn?",I like salted popcorn more overall.
p10_q08_a17,p10,snack,salted popcorn,sweet popcorn,q08,a17,"Which would you rather have, salted popcorn or sweet popcorn?","If I must pick, it is salted popcorn."
p10_q08_a18,p10,snack,salted popcorn,sweet popcorn,q08,a18,"Which would you rather have, salted popcorn or sweet popcorn?",I would go with salted popcorn.
p10_q08_a19,p10,snack,salted popcorn,sweet popcorn,q08,a19,"Which would you rather have, salted popcorn or sweet popcorn?",I would decide on salted popcorn.
p10_q08_a20,p10,snack,salted popcorn,sweet popcorn,q08,a20,"Which would you rather have, salted popcorn or sweet popcorn?",I favor salted popcorn.
p10_q09_a01,p10,snack,salted popcorn,sweet popcorn,q09,a01,"Between salted popcorn and sweet popcorn, which one suits you better?",I prefer salted popcorn.
p10_q09_a02,p10,snack,salted popcorn,sweet popcorn,q09,a02,"Between salted popcorn and sweet popcorn, which one suits you better?",I like salted popcorn more.
p10_q09_a03,p10,snack,salted popcorn,sweet popcorn,q09,a03,"Between salted popcorn and sweet popcorn, which one suits you better?",I would choose salted popcorn.
p10_q09_a04,p10,snack,salted popcorn,sweet popcorn,q09,a04,"Between salted popcorn and sweet popcorn, which one suits you better?",My preference is salted popcorn.
p10_q09_a05,p10,snack,salted popcorn,sweet popcorn,q09,a05,"Between salted popcorn and sweet popcorn, which one suits you better?",salted popcorn appeals to me more.
p10_q09_a06,p10,snack,salted popcorn,sweet popcorn,q09,a06,"Between salted popcorn and sweet popcorn, which one suits you better?",I think salted popcorn is better for me.
p10_q09_a07,p10,snack,salted popcorn,sweet popcorn,q09,a07,"Between salted popcorn and sweet popcorn, which one suits you better?",I lean toward salted popcorn.
p10_q09_a08,p10,snack,salted popcorn,sweet popcorn,q09,a08,"Between salted popcorn and sweet popcorn, which one suits you better?",I would rather have salted popcorn.
p10_q09_a09,p10,snack,salted popcorn,sweet popcorn,q09,a09,"Between salted popcorn and sweet popcorn, which one suits you better?",salted popcorn suits me better.
p10_q09_a10,p10,snack,salted popcorn,sweet popcorn,q09,a10,"Between salted popcorn and sweet popcorn, which one suits you better?",I like salted popcorn better.
p10_q09_a11,p10,snack,salted popcorn,sweet popcorn,q09,a11,"Between salted popcorn and sweet popcorn, which one suits you better?","Personally, I prefer salted popcorn."
p10_q09_a12,p10,snack,salted popcorn,sweet popcorn,q09,a12,"Between salted popcorn and sweet popcorn, which one suits you better?",I would pick salted popcorn.
p10_q09_a13,p10,snack,salted popcorn,sweet popcorn,q09,a13,"Between salted popcorn and sweet popcorn, which one suits you better?",I find salted popcorn more appealing.
p10_q09_a14,p10,snack,salted popcorn,sweet popcorn,q09,a14,"Between salted popcorn and sweet popcorn, which one suits you better?",I choose salted popcorn.
p10_q09_a15,p10,snack,salted popcorn,sweet popcorn,q09,a15,"Between salted popcorn and sweet popcorn, which one suits you better?",salted popcorn fits me better.
p10_q09_a16,p10,snack,salted popcorn,sweet popcorn,q09,a16,"Between salted popcorn and sweet popcorn, which one suits you better?",I like salted popcorn more overall.
p10_q09_a17,p10,snack,salted popcorn,sweet popcorn,q09,a17,"Between salted popcorn and sweet popcorn, which one suits you better?","If I must pick, it is salted popcorn."
p10_q09_a18,p10,snack,salted popcorn,sweet popcorn,q09,a18,"Between salted popcorn and sweet popcorn, which one suits you better?",I would go with salted popcorn.
p10_q09_a19,p10,snack,salted popcorn,sweet popcorn,q09,a19,"Between salted popcorn and sweet popcorn, which one suits you better?",I would decide on salted popcorn.
p10_q09_a20,p10,snack,salted popcorn,sweet popcorn,q09,a20,"Between salted popcorn and sweet popcorn, which one suits you better?",I favor salted popcorn.
p10_q10_a01,p10,snack,salted popcorn,sweet popcorn,q10,a01,Do you like salted popcorn more than sweet popcorn?,I prefer salted popcorn.
p10_q10_a02,p10,snack,salted popcorn,sweet popcorn,q10,a02,Do you like salted popcorn more than sweet popcorn?,I like salted popcorn more.
p10_q10_a03,p10,snack,salted popcorn,sweet popcorn,q10,a03,Do you like salted popcorn more than sweet popcorn?,I would choose salted popcorn.
p10_q10_a04,p10,snack,salted popcorn,sweet popcorn,q10,a04,Do you like salted popcorn more than sweet popcorn?,My preference is salted popcorn.
p10_q10_a05,p10,snack,salted popcorn,sweet popcorn,q10,a05,Do you like salted popcorn more than sweet popcorn?,salted popcorn appeals to me more.
p10_q10_a06,p10,snack,salted popcorn,sweet popcorn,q10,a06,Do you like salted popcorn more than sweet popcorn?,I think salted popcorn is better for me.
p10_q10_a07,p10,snack,salted popcorn,sweet popcorn,q10,a07,Do you like salted popcorn more than sweet popcorn?,I lean toward salted popcorn.
p10_q10_a08,p10,snack,salted popcorn,sweet popcorn,q10,a08,Do you like salted popcorn more than sweet popcorn?,I would rather have salted popcorn.
p10_q10_a09,p10,snack,salted popcorn,sweet popcorn,q10,a09,Do you like salted popcorn more than sweet popcorn?,salted popcorn suits me better.
p10_q10_a10,p10,snack,salted popcorn,sweet popcorn,q10,a10,Do you like salted popcorn more than sweet popcorn?,I like salted popcorn better.
p10_q10_a11,p10,snack,salted popcorn,sweet popcorn,q10,a11,Do you like salted popcorn more than sweet popcorn?,"Personally, I prefer salted popcorn."
p10_q10_a12,p10,snack,salted popcorn,sweet popcorn,q10,a12,Do you like salted popcorn more than sweet popcorn?,I would pick salted popcorn.
p10_q10_a13,p10,snack,salted popcorn,sweet popcorn,q10,a13,Do you like salted popcorn more than sweet popcorn?,I find salted popcorn more appealing.
p10_q10_a14,p10,snack,salted popcorn,sweet popcorn,q10,a14,Do you like salted popcorn more than sweet popcorn?,I choose salted popcorn.
p10_q10_a15,p10,snack,salted popcorn,sweet popcorn,q10,a15,Do you like salted popcorn more than sweet popcorn?,salted popcorn fits me better.
p10_q10_a16,p10,snack,salted popcorn,sweet popcorn,q10,a16,Do you like salted popcorn more than sweet popcorn?,I like salted popcorn more overall.
p10_q10_a17,p10,snack,salted popcorn,sweet popcorn,q10,a17,Do you like salted popcorn more than sweet popcorn?,"If I must pick, it is salted popcorn."
p10_q10_a18,p10,snack,salted popcorn,sweet popcorn,q10,a18,Do you like salted popcorn more than sweet popcorn?,I would go with salted popcorn.
p10_q10_a19,p10,snack,salted popcorn,sweet popcorn,q10,a19,Do you like salted popcorn more than sweet popcorn?,I would decide on salted popcorn.
p10_q10_a20,p10,snack,salted popcorn,sweet popcorn,q10,a20,Do you like salted popcorn more than sweet popcorn?,I favor salted popcorn.
p10_q11_a01,p10,snack,salted popcorn,sweet popcorn,q11,a01,"Which option do you personally prefer, salted popcorn or sweet popcorn?",I prefer salted popcorn.
p10_q11_a02,p10,snack,salted popcorn,sweet popcorn,q11,a02,"Which option do you personally prefer, salted popcorn or sweet popcorn?",I like salted popcorn more.
p10_q11_a03,p10,snack,salted popcorn,sweet popcorn,q11,a03,"Which option do you personally prefer, salted popcorn or sweet popcorn?",I would choose salted popcorn.
p10_q11_a04,p10,snack,salted popcorn,sweet popcorn,q11,a04,"Which option do you personally prefer, salted popcorn or sweet popcorn?",My preference is salted popcorn.
p10_q11_a05,p10,snack,salted popcorn,sweet popcorn,q11,a05,"Which option do you personally prefer, salted popcorn or sweet popcorn?",salted popcorn appeals to me more.
p10_q11_a06,p10,snack,salted popcorn,sweet popcorn,q11,a06,"Which option do you personally prefer, salted popcorn or sweet popcorn?",I think salted popcorn is better for me.
p10_q11_a07,p10,snack,salted popcorn,sweet popcorn,q11,a07,"Which option do you personally prefer, salted popcorn or sweet popcorn?",I lean toward salted popcorn.
p10_q11_a08,p10,snack,salted popcorn,sweet popcorn,q11,a08,"Which option do you personally prefer, salted popcorn or sweet popcorn?",I would rather have salted popcorn.
p10_q11_a09,p10,snack,salted popcorn,sweet popcorn,q11,a09,"Which option do you personally prefer, salted popcorn or sweet popcorn?",salted popcorn suits me better.
p10_q11_a10,p10,snack,salted popcorn,sweet popcorn,q11,a10,"Which option do you personally prefer, salted popcorn or sweet popcorn?",I like salted popcorn better.
p10_q11_a11,p10,snack,salted popcorn,sweet popcorn,q11,a11,"Which option do you personally prefer, salted popcorn or sweet popcorn?","Personally, I prefer salted popcorn."
p10_q11_a12,p10,snack,salted popcorn,sweet popcorn,q11,a12,"Which option do you personally prefer, salted popcorn or sweet popcorn?",I would pick salted popcorn.
p10_q11_a13,p10,snack,salted popcorn,sweet popcorn,q11,a13,"Which option do you personally prefer, salted popcorn or sweet popcorn?",I find salted popcorn more appealing.
p10_q11_a14,p10,snack,salted popcorn,sweet popcorn,q11,a14,"Which option do you personally prefer, salted popcorn or sweet popcorn?",I choose salted popcorn.
p10_q11_a15,p10,snack,salted popcorn,sweet popcorn,q11,a15,"Which option do you personally prefer, salted popcorn or sweet popcorn?",salted popcorn fits me better.
p10_q11_a16,p10,snack,salted popcorn,sweet popcorn,q11,a16,"Which option do you personally prefer, salted popcorn or sweet popcorn?",I like salted popcorn more overall.
p10_q11_a17,p10,snack,salted popcorn,sweet popcorn,q11,a17,"Which option do you personally prefer, salted popcorn or sweet popcorn?","If I must pick, it is salted popcorn."
p10_q11_a18,p10,snack,salted popcorn,sweet popcorn,q11,a18,"Which option do you personally prefer, salted popcorn or sweet popcorn?",I would go with salted popcorn.
p10_q11_a19,p10,snack,salted popcorn,sweet popcorn,q11,a19,"Which option do you personally prefer, salted popcorn or sweet popcorn?",I would decide on salted popcorn.
p10_q11_a20,p10,snack,salted popcorn,sweet popcorn,q11,a20,"Which option do you personally prefer, salted popcorn or sweet popcorn?",I favor salted popcorn.
p10_q12_a01,p10,snack,salted popcorn,sweet popcorn,q12,a01,"If asked to pick one, salted popcorn or sweet popcorn, what would you pick?",I prefer salted popcorn.
p10_q12_a02,p10,snack,salted popcorn,sweet popcorn,q12,a02,"If asked to pick one, salted popcorn or sweet popcorn, what would you pick?",I like salted popcorn more.
p10_q12_a03,p10,snack,salted popcorn,sweet popcorn,q12,a03,"If asked to pick one, salted popcorn or sweet popcorn, what would you pick?",I would choose salted popcorn.
p10_q12_a04,p10,snack,salted popcorn,sweet popcorn,q12,a04,"If asked to pick one, salted popcorn or sweet popcorn, what would you pick?",My preference is salted popcorn.
p10_q12_a05,p10,snack,salted popcorn,sweet popcorn,q12,a05,"If asked to pick one, salted popcorn or sweet popcorn, what would you pick?",salted popcorn appeals to me more.
p10_q12_a06,p10,snack,salted popcorn,sweet popcorn,q12,a06,"If asked to pick one, salted popcorn or sweet popcorn, what would you pick?",I think salted popcorn is better for me.
p10_q12_a07,p10,snack,salted popcorn,sweet popcorn,q12,a07,"If asked to pick one, salted popcorn or sweet popcorn, what would you pick?",I lean toward salted popcorn.
p10_q12_a08,p10,snack,salted popcorn,sweet popcorn,q12,a08,"If asked to pick one, salted popcorn or sweet popcorn, what would you pick?",I would rather have salted popcorn.
p10_q12_a09,p10,snack,salted popcorn,sweet popcorn,q12,a09,"If asked to pick one, salted popcorn or sweet popcorn, what would you pick?",salted popcorn suits me better.
p10_q12_a10,p10,snack,salted popcorn,sweet popcorn,q12,a10,"If asked to pick one, salted popcorn or sweet popcorn, what would you pick?",I like salted popcorn better.
p10_q12_a11,p10,snack,salted popcorn,sweet popcorn,q12,a11,"If asked to pick one, salted popcorn or sweet popcorn, what would you pick?","Personally, I prefer salted popcorn."
p10_q12_a12,p10,snack,salted popcorn,sweet popcorn,q12,a12,"If asked to pick one, salted popcorn or sweet popcorn, what would you pick?",I would pick salted popcorn.
p10_q12_a13,p10,snack,salted popcorn,sweet popcorn,q12,a13,"If asked to pick one, salted popcorn or sweet popcorn, what would you pick?",I find salted popcorn more appealing.
p10_q12_a14,p10,snack,salted popcorn,sweet popcorn,q12,a14,"If asked to pick one, salted popcorn or sweet popcorn, what would you pick?",I choose salted popcorn.
p10_q12_a15,p10,snack,salted popcorn,sweet popcorn,q12,a15,"If asked to pick one, salted popcorn or sweet popcorn, what would you pick?",salted popcorn fits me better.
p10_q12_a16,p10,snack,salted popcorn,sweet popcorn,q12,a16,"If asked to pick one, salted popcorn or sweet popcorn, what would you pick?",I like salted popcorn more overall.
p10_q12_a17,p10,snack,salted popcorn,sweet popcorn,q12,a17,"If asked to pick one, salted popcorn or sweet popcorn, what would you pick?","If I must pick, it is salted popcorn."
p10_q12_a18,p10,snack,salted popcorn,sweet popcorn,q12,a18,"If asked to pick one, salted popcorn or sweet popcorn, what would you pick?",I would go with salted popcorn.
p10_q12_a19,p10,snack,salted popcorn,sweet popcorn,q12,a19,"If asked to pick one, salted popcorn or sweet popcorn, what would you pick?",I would decide on salted popcorn.
p10_q12_a20,p10,snack,salted popcorn,sweet popcorn,q12,a20,"If asked to pick one, salted popcorn or sweet popcorn, what would you pick?",I favor salted popcorn.
p10_q13_a01,p10,snack,salted popcorn,sweet popcorn,q13,a01,"Which do you find more appealing, salted popcorn or sweet popcorn?",I prefer salted popcorn.
p10_q13_a02,p10,snack,salted popcorn,sweet popcorn,q13,a02,"Which do you find more appealing, salted popcorn or sweet popcorn?",I like salted popcorn more.
p10_q13_a03,p10,snack,salted popcorn,sweet popcorn,q13,a03,"Which do you find more appealing, salted popcorn or sweet popcorn?",I would choose salted popcorn.
p10_q13_a04,p10,snack,salted popcorn,sweet popcorn,q13,a04,"Which do you find more appealing, salted popcorn or sweet popcorn?",My preference is salted popcorn.
p10_q13_a05,p10,snack,salted popcorn,sweet popcorn,q13,a05,"Which do you find more appealing, salted popcorn or sweet popcorn?",salted popcorn appeals to me more.
p10_q13_a06,p10,snack,salted popcorn,sweet popcorn,q13,a06,"Which do you find more appealing, salted popcorn or sweet popcorn?",I think salted popcorn is better for me.
p10_q13_a07,p10,snack,salted popcorn,sweet popcorn,q13,a07,"Which do you find more appealing, salted popcorn or sweet popcorn?",I lean toward salted popcorn.
p10_q13_a08,p10,snack,salted popcorn,sweet popcorn,q13,a08,"Which do you find more appealing, salted popcorn or sweet popcorn?",I would rather have salted popcorn.
p10_q13_a09,p10,snack,salted popcorn,sweet popcorn,q13,a09,"Which do you find more appealing, salted popcorn or sweet popcorn?",salted popcorn suits me better.
p10_q13_a10,p10,snack,salted popcorn,sweet popcorn,q13,a10,"Which do you find more appealing, salted popcorn or sweet popcorn?",I like salted popcorn better.
p10_q13_a11,p10,snack,salted popcorn,sweet popcorn,q13,a11,"Which do you find more appealing, salted popcorn or sweet popcorn?","Personally, I prefer salted popcorn."
p10_q13_a12,p10,snack,salted popcorn,sweet popcorn,q13,a12,"Which do you find more appealing, salted popcorn or sweet popcorn?",I would pick salted popcorn.
p10_q13_a13,p10,snack,salted popcorn,sweet popcorn,q13,a13,"Which do you find more appealing, salted popcorn or sweet popcorn?",I find salted popcorn more appealing.
p10_q13_a14,p10,snack,salted popcorn,sweet popcorn,q13,a14,"Which do you find more appealing, salted popcorn or sweet popcorn?",I choose salted popcorn.
p10_q13_a15,p10,snack,salted popcorn,sweet popcorn,q13,a15,"Which do you find more appealing, salted popcorn or sweet popcorn?",salted popcorn fits me better.
p10_q13_a16,p10,snack,salted popcorn,sweet popcorn,q13,a16,"Which do you find more appealing, salted popcorn or sweet popcorn?",I like salted popcorn more overall.
p10_q13_a17,p10,snack,salted popcorn,sweet popcorn,q13,a17,"Which do you find more appealing, salted popcorn or sweet popcorn?","If I must pick, it is salted popcorn."
p10_q13_a18,p10,snack,salted popcorn,sweet popcorn,q13,a18,"Which do you find more appealing, salted popcorn or sweet popcorn?",I would go with salted popcorn.
p10_q13_a19,p10,snack,salted popcorn,sweet popcorn,q13,a19,"Which do you find more appealing, salted popcorn or sweet popcorn?",I would decide on salted popcorn.
p10_q13_a20,p10,snack,salted popcorn,sweet popcorn,q13,a20,"Which do you find more appealing, salted popcorn or sweet popcorn?",I favor salted popcorn.
p10_q14_a01,p10,snack,salted popcorn,sweet popcorn,q14,a01,"When choosing between salted popcorn and sweet popcorn, which do you choose?",I prefer salted popcorn.
p10_q14_a02,p10,snack,salted popcorn,sweet popcorn,q14,a02,"When choosing between salted popcorn and sweet popcorn, which do you choose?",I like salted popcorn more.
p10_q14_a03,p10,snack,salted popcorn,sweet popcorn,q14,a03,"When choosing between salted popcorn and sweet popcorn, which do you choose?",I would choose salted popcorn.
p10_q14_a04,p10,snack,salted popcorn,sweet popcorn,q14,a04,"When choosing between salted popcorn and sweet popcorn, which do you choose?",My preference is salted popcorn.
p10_q14_a05,p10,snack,salted popcorn,sweet popcorn,q14,a05,"When choosing between salted popcorn and sweet popcorn, which do you choose?",salted popcorn appeals to me more.
p10_q14_a06,p10,snack,salted popcorn,sweet popcorn,q14,a06,"When choosing between salted popcorn and sweet popcorn, which do you choose?",I think salted popcorn is better for me.
p10_q14_a07,p10,snack,salted popcorn,sweet popcorn,q14,a07,"When choosing between salted popcorn and sweet popcorn, which do you choose?",I lean toward salted popcorn.
p10_q14_a08,p10,snack,salted popcorn,sweet popcorn,q14,a08,"When choosing between salted popcorn and sweet popcorn, which do you choose?",I would rather have salted popcorn.
p10_q14_a09,p10,snack,salted popcorn,sweet popcorn,q14,a09,"When choosing between salted popcorn and sweet popcorn, which do you choose?",salted popcorn suits me better.
p10_q14_a10,p10,snack,salted popcorn,sweet popcorn,q14,a10,"When choosing between salted popcorn and sweet popcorn, which do you choose?",I like salted popcorn better.
p10_q14_a11,p10,snack,salted popcorn,sweet popcorn,q14,a11,"When choosing between salted popcorn and sweet popcorn, which do you choose?","Personally, I prefer salted popcorn."
p10_q14_a12,p10,snack,salted popcorn,sweet popcorn,q14,a12,"When choosing between salted popcorn and sweet popcorn, which do you choose?",I would pick salted popcorn.
p10_q14_a13,p10,snack,salted popcorn,sweet popcorn,q14,a13,"When choosing between salted popcorn and sweet popcorn, which do you choose?",I find salted popcorn more appealing.
p10_q14_a14,p10,snack,salted popcorn,sweet popcorn,q14,a14,"When choosing between salted popcorn and sweet popcorn, which do you choose?",I choose salted popcorn.
p10_q14_a15,p10,snack,salted popcorn,sweet popcorn,q14,a15,"When choosing between salted popcorn and sweet popcorn, which do you choose?",salted popcorn fits me better.
p10_q14_a16,p10,snack,salted popcorn,sweet popcorn,q14,a16,"When choosing between salted popcorn and sweet popcorn, which do you choose?",I like salted popcorn more overall.
p10_q14_a17,p10,snack,salted popcorn,sweet popcorn,q14,a17,"When choosing between salted popcorn and sweet popcorn, which do you choose?","If I must pick, it is salted popcorn."
p10_q14_a18,p10,snack,salted popcorn,sweet popcorn,q14,a18,"When choosing between salted popcorn and sweet popcorn, which do you choose?",I would go with salted popcorn.
p10_q14_a19,p10,snack,salted popcorn,sweet popcorn,q14,a19,"When choosing between salted popcorn and sweet popcorn, which do you choose?",I would decide on salted popcorn.
p10_q14_a20,p10,snack,salted popcorn,sweet popcorn,q14,a20,"When choosing between salted popcorn and sweet popcorn, which do you choose?",I favor salted popcorn.
p10_q15_a01,p10,snack,salted popcorn,sweet popcorn,q15,a01,"Which option do you think fits you better, salted popcorn or sweet popcorn?",I prefer salted popcorn.
p10_q15_a02,p10,snack,salted popcorn,sweet popcorn,q15,a02,"Which option do you think fits you better, salted popcorn or sweet popcorn?",I like salted popcorn more.
p10_q15_a03,p10,snack,salted popcorn,sweet popcorn,q15,a03,"Which option do you think fits you better, salted popcorn or sweet popcorn?",I would choose salted popcorn.
p10_q15_a04,p10,snack,salted popcorn,sweet popcorn,q15,a04,"Which option do you think fits you better, salted popcorn or sweet popcorn?",My preference is salted popcorn.
p10_q15_a05,p10,snack,salted popcorn,sweet popcorn,q15,a05,"Which option do you think fits you better, salted popcorn or sweet popcorn?",salted popcorn appeals to me more.
p10_q15_a06,p10,snack,salted popcorn,sweet popcorn,q15,a06,"Which option do you think fits you better, salted popcorn or sweet popcorn?",I think salted popcorn is better for me.
p10_q15_a07,p10,snack,salted popcorn,sweet popcorn,q15,a07,"Which option do you think fits you better, salted popcorn or sweet popcorn?",I lean toward salted popcorn.
p10_q15_a08,p10,snack,salted popcorn,sweet popcorn,q15,a08,"Which option do you think fits you better, salted popcorn or sweet popcorn?",I would rather have salted popcorn.
p10_q15_a09,p10,snack,salted popcorn,sweet popcorn,q15,a09,"Which option do you think fits you better, salted popcorn or sweet popcorn?",salted popcorn suits me better.
p10_q15_a10,p10,snack,salted popcorn,sweet popcorn,q15,a10,"Which option do you think fits you better, salted popcorn or sweet popcorn?",I like salted popcorn better.
p10_q15_a11,p10,snack,salted popcorn,sweet popcorn,q15,a11,"Which option do you think fits you better, salted popcorn or sweet popcorn?","Personally, I prefer salted popcorn."
p10_q15_a12,p10,snack,salted popcorn,sweet popcorn,q15,a12,"Which option do you think fits you better, salted popcorn or sweet popcorn?",I would pick salted popcorn.
p10_q15_a13,p10,snack,salted popcorn,sweet popcorn,q15,a13,"Which option do you think fits you better, salted popcorn or sweet popcorn?",I find salted popcorn more appealing.
p10_q15_a14,p10,snack,salted popcorn,sweet popcorn,q15,a14,"Which option do you think fits you better, salted popcorn or sweet popcorn?",I choose salted popcorn.
p10_q15_a15,p10,snack,salted popcorn,sweet popcorn,q15,a15,"Which option do you think fits you better, salted popcorn or sweet popcorn?",salted popcorn fits me better.
p10_q15_a16,p10,snack,salted popcorn,sweet popcorn,q15,a16,"Which option do you think fits you better, salted popcorn or sweet popcorn?",I like salted popcorn more overall.
p10_q15_a17,p10,snack,salted popcorn,sweet popcorn,q15,a17,"Which option do you think fits you better, salted popcorn or sweet popcorn?","If I must pick, it is salted popcorn."
p10_q15_a18,p10,snack,salted popcorn,sweet popcorn,q15,a18,"Which option do you think fits you better, salted popcorn or sweet popcorn?",I would go with salted popcorn.
p10_q15_a19,p10,snack,salted popcorn,sweet popcorn,q15,a19,"Which option do you think fits you better, salted popcorn or sweet popcorn?",I would decide on salted popcorn.
p10_q15_a20,p10,snack,salted popcorn,sweet popcorn,q15,a20,"Which option do you think fits you better, salted popcorn or sweet popcorn?",I favor salted popcorn.
p10_q16_a01,p10,snack,salted popcorn,sweet popcorn,q16,a01,"Out of salted popcorn and sweet popcorn, which do you like better?",I prefer salted popcorn.
p10_q16_a02,p10,snack,salted popcorn,sweet popcorn,q16,a02,"Out of salted popcorn and sweet popcorn, which do you like better?",I like salted popcorn more.
p10_q16_a03,p10,snack,salted popcorn,sweet popcorn,q16,a03,"Out of salted popcorn and sweet popcorn, which do you like better?",I would choose salted popcorn.
p10_q16_a04,p10,snack,salted popcorn,sweet popcorn,q16,a04,"Out of salted popcorn and sweet popcorn, which do you like better?",My preference is salted popcorn.
p10_q16_a05,p10,snack,salted popcorn,sweet popcorn,q16,a05,"Out of salted popcorn and sweet popcorn, which do you like better?",salted popcorn appeals to me more.
p10_q16_a06,p10,snack,salted popcorn,sweet popcorn,q16,a06,"Out of salted popcorn and sweet popcorn, which do you like better?",I think salted popcorn is better for me.
p10_q16_a07,p10,snack,salted popcorn,sweet popcorn,q16,a07,"Out of salted popcorn and sweet popcorn, which do you like better?",I lean toward salted popcorn.
p10_q16_a08,p10,snack,salted popcorn,sweet popcorn,q16,a08,"Out of salted popcorn and sweet popcorn, which do you like better?",I would rather have salted popcorn.
p10_q16_a09,p10,snack,salted popcorn,sweet popcorn,q16,a09,"Out of salted popcorn and sweet popcorn, which do you like better?",salted popcorn suits me better.
p10_q16_a10,p10,snack,salted popcorn,sweet popcorn,q16,a10,"Out of salted popcorn and sweet popcorn, which do you like better?",I like salted popcorn better.
p10_q16_a11,p10,snack,salted popcorn,sweet popcorn,q16,a11,"Out of salted popcorn and sweet popcorn, which do you like better?","Personally, I prefer salted popcorn."
p10_q16_a12,p10,snack,salted popcorn,sweet popcorn,q16,a12,"Out of salted popcorn and sweet popcorn, which do you like better?",I would pick salted popcorn.
p10_q16_a13,p10,snack,salted popcorn,sweet popcorn,q16,a13,"Out of salted popcorn and sweet popcorn, which do you like better?",I find salted popcorn more appealing.
p10_q16_a14,p10,snack,salted popcorn,sweet popcorn,q16,a14,"Out of salted popcorn and sweet popcorn, which do you like better?",I choose salted popcorn.
p10_q16_a15,p10,snack,salted popcorn,sweet popcorn,q16,a15,"Out of salted popcorn and sweet popcorn, which do you like better?",salted popcorn fits me better.
p10_q16_a16,p10,snack,salted popcorn,sweet popcorn,q16,a16,"Out of salted popcorn and sweet popcorn, which do you like better?",I like salted popcorn more overall.
p10_q16_a17,p10,snack,salted popcorn,sweet popcorn,q16,a17,"Out of salted popcorn and sweet popcorn, which do you like better?","If I must pick, it is salted popcorn."
p10_q16_a18,p10,snack,salted popcorn,sweet popcorn,q16,a18,"Out of salted popcorn and sweet popcorn, which do you like better?",I would go with salted popcorn.
p10_q16_a19,p10,snack,salted popcorn,sweet popcorn,q16,a19,"Out of salted popcorn and sweet popcorn, which do you like better?",I would decide on salted popcorn.
p10_q16_a20,p10,snack,salted popcorn,sweet popcorn,q16,a20,"Out of salted popcorn and sweet popcorn, which do you like better?",I favor salted popcorn.
p10_q17_a01,p10,snack,salted popcorn,sweet popcorn,q17,a01,Do you have a preference between salted popcorn and sweet popcorn?,I prefer salted popcorn.
p10_q17_a02,p10,snack,salted popcorn,sweet popcorn,q17,a02,Do you have a preference between salted popcorn and sweet popcorn?,I like salted popcorn more.
p10_q17_a03,p10,snack,salted popcorn,sweet popcorn,q17,a03,Do you have a preference between salted popcorn and sweet popcorn?,I would choose salted popcorn.
p10_q17_a04,p10,snack,salted popcorn,sweet popcorn,q17,a04,Do you have a preference between salted popcorn and sweet popcorn?,My preference is salted popcorn.
p10_q17_a05,p10,snack,salted popcorn,sweet popcorn,q17,a05,Do you have a preference between salted popcorn and sweet popcorn?,salted popcorn appeals to me more.
p10_q17_a06,p10,snack,salted popcorn,sweet popcorn,q17,a06,Do you have a preference between salted popcorn and sweet popcorn?,I think salted popcorn is better for me.
p10_q17_a07,p10,snack,salted popcorn,sweet popcorn,q17,a07,Do you have a preference between salted popcorn and sweet popcorn?,I lean toward salted popcorn.
p10_q17_a08,p10,snack,salted popcorn,sweet popcorn,q17,a08,Do you have a preference between salted popcorn and sweet popcorn?,I would rather have salted popcorn.
p10_q17_a09,p10,snack,salted popcorn,sweet popcorn,q17,a09,Do you have a preference between salted popcorn and sweet popcorn?,salted popcorn suits me better.
p10_q17_a10,p10,snack,salted popcorn,sweet popcorn,q17,a10,Do you have a preference between salted popcorn and sweet popcorn?,I like salted popcorn better.
p10_q17_a11,p10,snack,salted popcorn,sweet popcorn,q17,a11,Do you have a preference between salted popcorn and sweet popcorn?,"Personally, I prefer salted popcorn."
p10_q17_a12,p10,snack,salted popcorn,sweet popcorn,q17,a12,Do you have a preference between salted popcorn and sweet popcorn?,I would pick salted popcorn.
p10_q17_a13,p10,snack,salted popcorn,sweet popcorn,q17,a13,Do you have a preference between salted popcorn and sweet popcorn?,I find salted popcorn more appealing.
p10_q17_a14,p10,snack,salted popcorn,sweet popcorn,q17,a14,Do you have a preference between salted popcorn and sweet popcorn?,I choose salted popcorn.
p10_q17_a15,p10,snack,salted popcorn,sweet popcorn,q17,a15,Do you have a preference between salted popcorn and sweet popcorn?,salted popcorn fits me better.
p10_q17_a16,p10,snack,salted popcorn,sweet popcorn,q17,a16,Do you have a preference between salted popcorn and sweet popcorn?,I like salted popcorn more overall.
p10_q17_a17,p10,snack,salted popcorn,sweet popcorn,q17,a17,Do you have a preference between salted popcorn and sweet popcorn?,"If I must pick, it is salted popcorn."
p10_q17_a18,p10,snack,salted popcorn,sweet popcorn,q17,a18,Do you have a preference between salted popcorn and sweet popcorn?,I would go with salted popcorn.
p10_q17_a19,p10,snack,salted popcorn,sweet popcorn,q17,a19,Do you have a preference between salted popcorn and sweet popcorn?,I would decide on salted popcorn.
p10_q17_a20,p10,snack,salted popcorn,sweet popcorn,q17,a20,Do you have a preference between salted popcorn and sweet popcorn?,I favor salted popcorn.
p10_q18_a01,p10,snack,salted popcorn,sweet popcorn,q18,a01,"Which one would you go with, salted popcorn or sweet popcorn?",I prefer salted popcorn.
p10_q18_a02,p10,snack,salted popcorn,sweet popcorn,q18,a02,"Which one would you go with, salted popcorn or sweet popcorn?",I like salted popcorn more.
p10_q18_a03,p10,snack,salted popcorn,sweet popcorn,q18,a03,"Which one would you go with, salted popcorn or sweet popcorn?",I would choose salted popcorn.
p10_q18_a04,p10,snack,salted popcorn,sweet popcorn,q18,a04,"Which one would you go with, salted popcorn or sweet popcorn?",My preference is salted popcorn.
p10_q18_a05,p10,snack,salted popcorn,sweet popcorn,q18,a05,"Which one would you go with, salted popcorn or sweet popcorn?",salted popcorn appeals to me more.
p10_q18_a06,p10,snack,salted popcorn,sweet popcorn,q18,a06,"Which one would you go with, salted popcorn or sweet popcorn?",I think salted popcorn is better for me.
p10_q18_a07,p10,snack,salted popcorn,sweet popcorn,q18,a07,"Which one would you go with, salted popcorn or sweet popcorn?",I lean toward salted popcorn.
p10_q18_a08,p10,snack,salted popcorn,sweet popcorn,q18,a08,"Which one would you go with, salted popcorn or sweet popcorn?",I would rather have salted popcorn.
p10_q18_a09,p10,snack,salted popcorn,sweet popcorn,q18,a09,"Which one would you go with, salted popcorn or sweet popcorn?",salted popcorn suits me better.
p10_q18_a10,p10,snack,salted popcorn,sweet popcorn,q18,a10,"Which one would you go with, salted popcorn or sweet popcorn?",I like salted popcorn better.
p10_q18_a11,p10,snack,salted popcorn,sweet popcorn,q18,a11,"Which one would you go with, salted popcorn or sweet popcorn?","Personally, I prefer salted popcorn."
p10_q18_a12,p10,snack,salted popcorn,sweet popcorn,q18,a12,"Which one would you go with, salted popcorn or sweet popcorn?",I would pick salted popcorn.
p10_q18_a13,p10,snack,salted popcorn,sweet popcorn,q18,a13,"Which one would you go with, salted popcorn or sweet popcorn?",I find salted popcorn more appealing.
p10_q18_a14,p10,snack,salted popcorn,sweet popcorn,q18,a14,"Which one would you go with, salted popcorn or sweet popcorn?",I choose salted popcorn.
p10_q18_a15,p10,snack,salted popcorn,sweet popcorn,q18,a15,"Which one would you go with, salted popcorn or sweet popcorn?",salted popcorn fits me better.
p10_q18_a16,p10,snack,salted popcorn,sweet popcorn,q18,a16,"Which one would you go with, salted popcorn or sweet popcorn?",I like salted popcorn more overall.
p10_q18_a17,p10,snack,salted popcorn,sweet popcorn,q18,a17,"Which one would you go with, salted popcorn or sweet popcorn?","If I must pick, it is salted popcorn."
p10_q18_a18,p10,snack,salted popcorn,sweet popcorn,q18,a18,"Which one would you go with, salted popcorn or sweet popcorn?",I would go with salted popcorn.
p10_q18_a19,p10,snack,salted popcorn,sweet popcorn,q18,a19,"Which one would you go with, salted popcorn or sweet popcorn?",I would decide on salted popcorn.
p10_q18_a20,p10,snack,salted popcorn,sweet popcorn,q18,a20,"Which one would you go with, salted popcorn or sweet popcorn?",I favor salted popcorn.
p10_q19_a01,p10,snack,salted popcorn,sweet popcorn,q19,a01,"If you were to decide between salted popcorn and sweet popcorn, which would it be?",I prefer salted popcorn.
p10_q19_a02,p10,snack,salted popcorn,sweet popcorn,q19,a02,"If you were to decide between salted popcorn and sweet popcorn, which would it be?",I like salted popcorn more.
p10_q19_a03,p10,snack,salted popcorn,sweet popcorn,q19,a03,"If you were to decide between salted popcorn and sweet popcorn, which would it be?",I would choose salted popcorn.
p10_q19_a04,p10,snack,salted popcorn,sweet popcorn,q19,a04,"If you were to decide between salted popcorn and sweet popcorn, which would it be?",My preference is salted popcorn.
p10_q19_a05,p10,snack,salted popcorn,sweet popcorn,q19,a05,"If you were to decide between salted popcorn and sweet popcorn, which would it be?",salted popcorn appeals to me more.
p10_q19_a06,p10,snack,salted popcorn,sweet popcorn,q19,a06,"If you were to decide between salted popcorn and sweet popcorn, which would it be?",I think salted popcorn is better for me.
p10_q19_a07,p10,snack,salted popcorn,sweet popcorn,q19,a07,"If you were to decide between salted popcorn and sweet popcorn, which would it be?",I lean toward salted popcorn.
p10_q19_a08,p10,snack,salted popcorn,sweet popcorn,q19,a08,"If you were to decide between salted popcorn and sweet popcorn, which would it be?",I would rather have salted popcorn.
p10_q19_a09,p10,snack,salted popcorn,sweet popcorn,q19,a09,"If you were to decide between salted popcorn and sweet popcorn, which would it be?",salted popcorn suits me better.
p10_q19_a10,p10,snack,salted popcorn,sweet popcorn,q19,a10,"If you were to decide between salted popcorn and sweet popcorn, which would it be?",I like salted popcorn better.
p10_q19_a11,p10,snack,salted popcorn,sweet popcorn,q19,a11,"If you were to decide between salted popcorn and sweet popcorn, which would it be?","Personally, I prefer salted popcorn."
p10_q19_a12,p10,snack,salted popcorn,sweet popcorn,q19,a12,"If you were to decide between salted popcorn and sweet popcorn, which would it be?",I would pick salted popcorn.
p10_q19_a13,p10,snack,salted popcorn,sweet popcorn,q19,a13,"If you were to decide between salted popcorn and sweet popcorn, which would it be?",I find salted popcorn more appealing.
p10_q19_a14,p10,snack,salted popcorn,sweet popcorn,q19,a14,"If you were to decide between salted popcorn and sweet popcorn, which would it be?",I choose salted popcorn.
p10_q19_a15,p10,snack,salted popcorn,sweet popcorn,q19,a15,"If you were to decide between salted popcorn and sweet popcorn, which would it be?",salted popcorn fits me better.
p10_q19_a16,p10,snack,salted popcorn,sweet popcorn,q19,a16,"If you were to decide between salted popcorn and sweet popcorn, which would it be?",I like salted popcorn more overall.
p10_q19_a17,p10,snack,salted popcorn,sweet popcorn,q19,a17,"If you were to decide between salted popcorn and sweet popcorn, which would it be?","If I must pick, it is salted popcorn."
p10_q19_a18,p10,snack,salted popcorn,sweet popcorn,q19,a18,"If you were to decide between salted popcorn and sweet popcorn, which would it be?",I would go with salted popcorn.
p10_q19_a19,p10,snack,salted popcorn,sweet popcorn,q19,a19,"If you were to decide between salted popcorn and sweet popcorn, which would it be?",I would decide on salted popcorn.
p10_q19_a20,p10,snack,salted popcorn,sweet popcorn,q19,a20,"If you were to decide between salted popcorn and sweet popcorn, which would it be?",I favor salted popcorn.
p10_q20_a01,p10,snack,salted popcorn,sweet popcorn,q20,a01,"Which of the two do you favor more, salted popcorn or sweet popcorn?",I prefer salted popcorn.
p10_q20_a02,p10,snack,salted popcorn,sweet popcorn,q20,a02,"Which of the two do you favor more, salted popcorn or sweet popcorn?",I like salted popcorn more.
p10_q20_a03,p10,snack,salted popcorn,sweet popcorn,q20,a03,"Which of the two do you favor more, salted popcorn or sweet popcorn?",I would choose salted popcorn.
p10_q20_a04,p10,snack,salted popcorn,sweet popcorn,q20,a04,"Which of the two do you favor more, salted popcorn or sweet popcorn?",My preference is salted popcorn.
p10_q20_a05,p10,snack,salted popcorn,sweet popcorn,q20,a05,"Which of the two do you favor more, salted popcorn or sweet popcorn?",salted popcorn appeals to me more.
p10_q20_a06,p10,snack,salted popcorn,sweet popcorn,q20,a06,"Which of the two do you favor more, salted popcorn or sweet popcorn?",I think salted popcorn is better for me.
p10_q20_a07,p10,snack,salted popcorn,sweet popcorn,q20,a07,"Which of the two do you favor more, salted popcorn or sweet popcorn?",I lean toward salted popcorn.
p10_q20_a08,p10,snack,salted popcorn,sweet popcorn,q20,a08,"Which of the two do you favor more, salted popcorn or sweet popcorn?",I would rather have salted popcorn.
p10_q20_a09,p10,snack,salted popcorn,sweet popcorn,q20,a09,"Which of the two do you favor more, salted popcorn or sweet popcorn?",salted popcorn suits me better.
p10_q20_a10,p10,snack,salted popcorn,sweet popcorn,q20,a10,"Which of the two do you favor more, salted popcorn or sweet popcorn?",I like salted popcorn better.
p10_q20_a11,p10,snack,salted popcorn,sweet popcorn,q20,a11,"Which of the two do you favor more, salted popcorn or sweet popcorn?","Personally, I prefer salted popcorn."
p10_q20_a12,p10,snack,salted popcorn,sweet popcorn,q20,a12,"Which of the two do you favor more, salted popcorn or sweet popcorn?",I would pick salted popcorn.
p10_q20_a13,p10,snack,salted popcorn,sweet popcorn,q20,a13,"Which of the two do you favor more, salted popcorn or sweet popcorn?",I find salted popcorn more appealing.
p10_q20_a14,p10,snack,salted popcorn,sweet popcorn,q20,a14,"Which of the two do you favor more, salted popcorn or sweet popcorn?",I choose salted popcorn.
p10_q20_a15,p10,snack,salted popcorn,sweet popcorn,q20,a15,"Which of the two do you favor more, salted popcorn or sweet popcorn?",salted popcorn fits me better.
p10_q20_a16,p10,snack,salted popcorn,sweet popcorn,q20,a16,"Which of the two do you favor more, salted popcorn or sweet popcorn?",I like salted popcorn more overall.
p10_q20_a17,p10,snack,salted popcorn,sweet popcorn,q20,a17,"Which of the two do you favor more, salted popcorn or sweet popcorn?","If I must pick, it is salted popcorn."
p10_q20_a18,p10,snack,salted popcorn,sweet popcorn,q20,a18,"Which of the two do you favor more, salted popcorn or sweet popcorn?",I would go with salted popcorn.
p10_q20_a19,p10,snack,salted popcorn,sweet popcorn,q20,a19,"Which of the two do you favor more, salted popcorn or sweet popcorn?",I would decide on salted popcorn.
p10_q20_a20,p10,snack,salted popcorn,sweet popcorn,q20,a20,"Which of the two do you favor more, salted popcorn or sweet popcorn?",I favor salted popcorn.
p11_q01_a01,p11,cookies,chocolate chip cookie,oatmeal cookie,q01,a01,"Which do you like more, chocolate chip cookie or oatmeal cookie?",I prefer chocolate chip cookie.
p11_q01_a02,p11,cookies,chocolate chip cookie,oatmeal cookie,q01,a02,"Which do you like more, chocolate chip cookie or oatmeal cookie?",I like chocolate chip cookie more.
p11_q01_a03,p11,cookies,chocolate chip cookie,oatmeal cookie,q01,a03,"Which do you like more, chocolate chip cookie or oatmeal cookie?",I would choose chocolate chip cookie.
p11_q01_a04,p11,cookies,chocolate chip cookie,oatmeal cookie,q01,a04,"Which do you like more, chocolate chip cookie or oatmeal cookie?",My preference is chocolate chip cookie.
p11_q01_a05,p11,cookies,chocolate chip cookie,oatmeal cookie,q01,a05,"Which do you like more, chocolate chip cookie or oatmeal cookie?",chocolate chip cookie appeals to me more.
p11_q01_a06,p11,cookies,chocolate chip cookie,oatmeal cookie,q01,a06,"Which do you like more, chocolate chip cookie or oatmeal cookie?",I think chocolate chip cookie is better for me.
p11_q01_a07,p11,cookies,chocolate chip cookie,oatmeal cookie,q01,a07,"Which do you like more, chocolate chip cookie or oatmeal cookie?",I lean toward chocolate chip cookie.
p11_q01_a08,p11,cookies,chocolate chip cookie,oatmeal cookie,q01,a08,"Which do you like more, chocolate chip cookie or oatmeal cookie?",I would rather have chocolate chip cookie.
p11_q01_a09,p11,cookies,chocolate chip cookie,oatmeal cookie,q01,a09,"Which do you like more, chocolate chip cookie or oatmeal cookie?",chocolate chip cookie suits me better.
p11_q01_a10,p11,cookies,chocolate chip cookie,oatmeal cookie,q01,a10,"Which do you like more, chocolate chip cookie or oatmeal cookie?",I like chocolate chip cookie better.
p11_q01_a11,p11,cookies,chocolate chip cookie,oatmeal cookie,q01,a11,"Which do you like more, chocolate chip cookie or oatmeal cookie?","Personally, I prefer chocolate chip cookie."
p11_q01_a12,p11,cookies,chocolate chip cookie,oatmeal cookie,q01,a12,"Which do you like more, chocolate chip cookie or oatmeal cookie?",I would pick chocolate chip cookie.
p11_q01_a13,p11,cookies,chocolate chip cookie,oatmeal cookie,q01,a13,"Which do you like more, chocolate chip cookie or oatmeal cookie?",I find chocolate chip cookie more appealing.
p11_q01_a14,p11,cookies,chocolate chip cookie,oatmeal cookie,q01,a14,"Which do you like more, chocolate chip cookie or oatmeal cookie?",I choose chocolate chip cookie.
p11_q01_a15,p11,cookies,chocolate chip cookie,oatmeal cookie,q01,a15,"Which do you like more, chocolate chip cookie or oatmeal cookie?",chocolate chip cookie fits me better.
p11_q01_a16,p11,cookies,chocolate chip cookie,oatmeal cookie,q01,a16,"Which do you like more, chocolate chip cookie or oatmeal cookie?",I like chocolate chip cookie more overall.
p11_q01_a17,p11,cookies,chocolate chip cookie,oatmeal cookie,q01,a17,"Which do you like more, chocolate chip cookie or oatmeal cookie?","If I must pick, it is chocolate chip cookie."
p11_q01_a18,p11,cookies,chocolate chip cookie,oatmeal cookie,q01,a18,"Which do you like more, chocolate chip cookie or oatmeal cookie?",I would go with chocolate chip cookie.
p11_q01_a19,p11,cookies,chocolate chip cookie,oatmeal cookie,q01,a19,"Which do you like more, chocolate chip cookie or oatmeal cookie?",I would decide on chocolate chip cookie.
p11_q01_a20,p11,cookies,chocolate chip cookie,oatmeal cookie,q01,a20,"Which do you like more, chocolate chip cookie or oatmeal cookie?",I favor chocolate chip cookie.
p11_q02_a01,p11,cookies,chocolate chip cookie,oatmeal cookie,q02,a01,"Between chocolate chip cookie and oatmeal cookie, which one do you prefer?",I prefer chocolate chip cookie.
p11_q02_a02,p11,cookies,chocolate chip cookie,oatmeal cookie,q02,a02,"Between chocolate chip cookie and oatmeal cookie, which one do you prefer?",I like chocolate chip cookie more.
p11_q02_a03,p11,cookies,chocolate chip cookie,oatmeal cookie,q02,a03,"Between chocolate chip cookie and oatmeal cookie, which one do you prefer?",I would choose chocolate chip cookie.
p11_q02_a04,p11,cookies,chocolate chip cookie,oatmeal cookie,q02,a04,"Between chocolate chip cookie and oatmeal cookie, which one do you prefer?",My preference is chocolate chip cookie.
p11_q02_a05,p11,cookies,chocolate chip cookie,oatmeal cookie,q02,a05,"Between chocolate chip cookie and oatmeal cookie, which one do you prefer?",chocolate chip cookie appeals to me more.
p11_q02_a06,p11,cookies,chocolate chip cookie,oatmeal cookie,q02,a06,"Between chocolate chip cookie and oatmeal cookie, which one do you prefer?",I think chocolate chip cookie is better for me.
p11_q02_a07,p11,cookies,chocolate chip cookie,oatmeal cookie,q02,a07,"Between chocolate chip cookie and oatmeal cookie, which one do you prefer?",I lean toward chocolate chip cookie.
p11_q02_a08,p11,cookies,chocolate chip cookie,oatmeal cookie,q02,a08,"Between chocolate chip cookie and oatmeal cookie, which one do you prefer?",I would rather have chocolate chip cookie.
p11_q02_a09,p11,cookies,chocolate chip cookie,oatmeal cookie,q02,a09,"Between chocolate chip cookie and oatmeal cookie, which one do you prefer?",chocolate chip cookie suits me better.
p11_q02_a10,p11,cookies,chocolate chip cookie,oatmeal cookie,q02,a10,"Between chocolate chip cookie and oatmeal cookie, which one do you prefer?",I like chocolate chip cookie better.
p11_q02_a11,p11,cookies,chocolate chip cookie,oatmeal cookie,q02,a11,"Between chocolate chip cookie and oatmeal cookie, which one do you prefer?","Personally, I prefer chocolate chip cookie."
p11_q02_a12,p11,cookies,chocolate chip cookie,oatmeal cookie,q02,a12,"Between chocolate chip cookie and oatmeal cookie, which one do you prefer?",I would pick chocolate chip cookie.
p11_q02_a13,p11,cookies,chocolate chip cookie,oatmeal cookie,q02,a13,"Between chocolate chip cookie and oatmeal cookie, which one do you prefer?",I find chocolate chip cookie more appealing.
p11_q02_a14,p11,cookies,chocolate chip cookie,oatmeal cookie,q02,a14,"Between chocolate chip cookie and oatmeal cookie, which one do you prefer?",I choose chocolate chip cookie.
p11_q02_a15,p11,cookies,chocolate chip cookie,oatmeal cookie,q02,a15,"Between chocolate chip cookie and oatmeal cookie, which one do you prefer?",chocolate chip cookie fits me better.
p11_q02_a16,p11,cookies,chocolate chip cookie,oatmeal cookie,q02,a16,"Between chocolate chip cookie and oatmeal cookie, which one do you prefer?",I like chocolate chip cookie more overall.
p11_q02_a17,p11,cookies,chocolate chip cookie,oatmeal cookie,q02,a17,"Between chocolate chip cookie and oatmeal cookie, which one do you prefer?","If I must pick, it is chocolate chip cookie."
p11_q02_a18,p11,cookies,chocolate chip cookie,oatmeal cookie,q02,a18,"Between chocolate chip cookie and oatmeal cookie, which one do you prefer?",I would go with chocolate chip cookie.
p11_q02_a19,p11,cookies,chocolate chip cookie,oatmeal cookie,q02,a19,"Between chocolate chip cookie and oatmeal cookie, which one do you prefer?",I would decide on chocolate chip cookie.
p11_q02_a20,p11,cookies,chocolate chip cookie,oatmeal cookie,q02,a20,"Between chocolate chip cookie and oatmeal cookie, which one do you prefer?",I favor chocolate chip cookie.
p11_q03_a01,p11,cookies,chocolate chip cookie,oatmeal cookie,q03,a01,"If you had to choose, chocolate chip cookie or oatmeal cookie?",I prefer chocolate chip cookie.
p11_q03_a02,p11,cookies,chocolate chip cookie,oatmeal cookie,q03,a02,"If you had to choose, chocolate chip cookie or oatmeal cookie?",I like chocolate chip cookie more.
p11_q03_a03,p11,cookies,chocolate chip cookie,oatmeal cookie,q03,a03,"If you had to choose, chocolate chip cookie or oatmeal cookie?",I would choose chocolate chip cookie.
p11_q03_a04,p11,cookies,chocolate chip cookie,oatmeal cookie,q03,a04,"If you had to choose, chocolate chip cookie or oatmeal cookie?",My preference is chocolate chip cookie.
p11_q03_a05,p11,cookies,chocolate chip cookie,oatmeal cookie,q03,a05,"If you had to choose, chocolate chip cookie or oatmeal cookie?",chocolate chip cookie appeals to me more.
p11_q03_a06,p11,cookies,chocolate chip cookie,oatmeal cookie,q03,a06,"If you had to choose, chocolate chip cookie or oatmeal cookie?",I think chocolate chip cookie is better for me.
p11_q03_a07,p11,cookies,chocolate chip cookie,oatmeal cookie,q03,a07,"If you had to choose, chocolate chip cookie or oatmeal cookie?",I lean toward chocolate chip cookie.
p11_q03_a08,p11,cookies,chocolate chip cookie,oatmeal cookie,q03,a08,"If you had to choose, chocolate chip cookie or oatmeal cookie?",I would rather have chocolate chip cookie.
p11_q03_a09,p11,cookies,chocolate chip cookie,oatmeal cookie,q03,a09,"If you had to choose, chocolate chip cookie or oatmeal cookie?",chocolate chip cookie suits me better.
p11_q03_a10,p11,cookies,chocolate chip cookie,oatmeal cookie,q03,a10,"If you had to choose, chocolate chip cookie or oatmeal cookie?",I like chocolate chip cookie better.
p11_q03_a11,p11,cookies,chocolate chip cookie,oatmeal cookie,q03,a11,"If you had to choose, chocolate chip cookie or oatmeal cookie?","Personally, I prefer chocolate chip cookie."
p11_q03_a12,p11,cookies,chocolate chip cookie,oatmeal cookie,q03,a12,"If you had to choose, chocolate chip cookie or oatmeal cookie?",I would pick chocolate chip cookie.
p11_q03_a13,p11,cookies,chocolate chip cookie,oatmeal cookie,q03,a13,"If you had to choose, chocolate chip cookie or oatmeal cookie?",I find chocolate chip cookie more appealing.
p11_q03_a14,p11,cookies,chocolate chip cookie,oatmeal cookie,q03,a14,"If you had to choose, chocolate chip cookie or oatmeal cookie?",I choose chocolate chip cookie.
p11_q03_a15,p11,cookies,chocolate chip cookie,oatmeal cookie,q03,a15,"If you had to choose, chocolate chip cookie or oatmeal cookie?",chocolate chip cookie fits me better.
p11_q03_a16,p11,cookies,chocolate chip cookie,oatmeal cookie,q03,a16,"If you had to choose, chocolate chip cookie or oatmeal cookie?",I like chocolate chip cookie more overall.
p11_q03_a17,p11,cookies,chocolate chip cookie,oatmeal cookie,q03,a17,"If you had to choose, chocolate chip cookie or oatmeal cookie?","If I must pick, it is chocolate chip cookie."
p11_q03_a18,p11,cookies,chocolate chip cookie,oatmeal cookie,q03,a18,"If you had to choose, chocolate chip cookie or oatmeal cookie?",I would go with chocolate chip cookie.
p11_q03_a19,p11,cookies,chocolate chip cookie,oatmeal cookie,q03,a19,"If you had to choose, chocolate chip cookie or oatmeal cookie?",I would decide on chocolate chip cookie.
p11_q03_a20,p11,cookies,chocolate chip cookie,oatmeal cookie,q03,a20,"If you had to choose, chocolate chip cookie or oatmeal cookie?",I favor chocolate chip cookie.
p11_q04_a01,p11,cookies,chocolate chip cookie,oatmeal cookie,q04,a01,Do you favor chocolate chip cookie over oatmeal cookie?,I prefer chocolate chip cookie.
p11_q04_a02,p11,cookies,chocolate chip cookie,oatmeal cookie,q04,a02,Do you favor chocolate chip cookie over oatmeal cookie?,I like chocolate chip cookie more.
p11_q04_a03,p11,cookies,chocolate chip cookie,oatmeal cookie,q04,a03,Do you favor chocolate chip cookie over oatmeal cookie?,I would choose chocolate chip cookie.
p11_q04_a04,p11,cookies,chocolate chip cookie,oatmeal cookie,q04,a04,Do you favor chocolate chip cookie over oatmeal cookie?,My preference is chocolate chip cookie.
p11_q04_a05,p11,cookies,chocolate chip cookie,oatmeal cookie,q04,a05,Do you favor chocolate chip cookie over oatmeal cookie?,chocolate chip cookie appeals to me more.
p11_q04_a06,p11,cookies,chocolate chip cookie,oatmeal cookie,q04,a06,Do you favor chocolate chip cookie over oatmeal cookie?,I think chocolate chip cookie is better for me.
p11_q04_a07,p11,cookies,chocolate chip cookie,oatmeal cookie,q04,a07,Do you favor chocolate chip cookie over oatmeal cookie?,I lean toward chocolate chip cookie.
p11_q04_a08,p11,cookies,chocolate chip cookie,oatmeal cookie,q04,a08,Do you favor chocolate chip cookie over oatmeal cookie?,I would rather have chocolate chip cookie.
p11_q04_a09,p11,cookies,chocolate chip cookie,oatmeal cookie,q04,a09,Do you favor chocolate chip cookie over oatmeal cookie?,chocolate chip cookie suits me better.
p11_q04_a10,p11,cookies,chocolate chip cookie,oatmeal cookie,q04,a10,Do you favor chocolate chip cookie over oatmeal cookie?,I like chocolate chip cookie better.
p11_q04_a11,p11,cookies,chocolate chip cookie,oatmeal cookie,q04,a11,Do you favor chocolate chip cookie over oatmeal cookie?,"Personally, I prefer chocolate chip cookie."
p11_q04_a12,p11,cookies,chocolate chip cookie,oatmeal cookie,q04,a12,Do you favor chocolate chip cookie over oatmeal cookie?,I would pick chocolate chip cookie.
p11_q04_a13,p11,cookies,chocolate chip cookie,oatmeal cookie,q04,a13,Do you favor chocolate chip cookie over oatmeal cookie?,I find chocolate chip cookie more appealing.
p11_q04_a14,p11,cookies,chocolate chip cookie,oatmeal cookie,q04,a14,Do you favor chocolate chip cookie over oatmeal cookie?,I choose chocolate chip cookie.
p11_q04_a15,p11,cookies,chocolate chip cookie,oatmeal cookie,q04,a15,Do you favor chocolate chip cookie over oatmeal cookie?,chocolate chip cookie fits me better.
p11_q04_a16,p11,cookies,chocolate chip cookie,oatmeal cookie,q04,a16,Do you favor chocolate chip cookie over oatmeal cookie?,I like chocolate chip cookie more overall.
p11_q04_a17,p11,cookies,chocolate chip cookie,oatmeal cookie,q04,a17,Do you favor chocolate chip cookie over oatmeal cookie?,"If I must pick, it is chocolate chip cookie."
p11_q04_a18,p11,cookies,chocolate chip cookie,oatmeal cookie,q04,a18,Do you favor chocolate chip cookie over oatmeal cookie?,I would go with chocolate chip cookie.
p11_q04_a19,p11,cookies,chocolate chip cookie,oatmeal cookie,q04,a19,Do you favor chocolate chip cookie over oatmeal cookie?,I would decide on chocolate chip cookie.
p11_q04_a20,p11,cookies,chocolate chip cookie,oatmeal cookie,q04,a20,Do you favor chocolate chip cookie over oatmeal cookie?,I favor chocolate chip cookie.
p11_q05_a01,p11,cookies,chocolate chip cookie,oatmeal cookie,q05,a01,"Which option appeals to you more, chocolate chip cookie or oatmeal cookie?",I prefer chocolate chip cookie.
p11_q05_a02,p11,cookies,chocolate chip cookie,oatmeal cookie,q05,a02,"Which option appeals to you more, chocolate chip cookie or oatmeal cookie?",I like chocolate chip cookie more.
p11_q05_a03,p11,cookies,chocolate chip cookie,oatmeal cookie,q05,a03,"Which option appeals to you more, chocolate chip cookie or oatmeal cookie?",I would choose chocolate chip cookie.
p11_q05_a04,p11,cookies,chocolate chip cookie,oatmeal cookie,q05,a04,"Which option appeals to you more, chocolate chip cookie or oatmeal cookie?",My preference is chocolate chip cookie.
p11_q05_a05,p11,cookies,chocolate chip cookie,oatmeal cookie,q05,a05,"Which option appeals to you more, chocolate chip cookie or oatmeal cookie?",chocolate chip cookie appeals to me more.
p11_q05_a06,p11,cookies,chocolate chip cookie,oatmeal cookie,q05,a06,"Which option appeals to you more, chocolate chip cookie or oatmeal cookie?",I think chocolate chip cookie is better for me.
p11_q05_a07,p11,cookies,chocolate chip cookie,oatmeal cookie,q05,a07,"Which option appeals to you more, chocolate chip cookie or oatmeal cookie?",I lean toward chocolate chip cookie.
p11_q05_a08,p11,cookies,chocolate chip cookie,oatmeal cookie,q05,a08,"Which option appeals to you more, chocolate chip cookie or oatmeal cookie?",I would rather have chocolate chip cookie.
p11_q05_a09,p11,cookies,chocolate chip cookie,oatmeal cookie,q05,a09,"Which option appeals to you more, chocolate chip cookie or oatmeal cookie?",chocolate chip cookie suits me better.
p11_q05_a10,p11,cookies,chocolate chip cookie,oatmeal cookie,q05,a10,"Which option appeals to you more, chocolate chip cookie or oatmeal cookie?",I like chocolate chip cookie better.
p11_q05_a11,p11,cookies,chocolate chip cookie,oatmeal cookie,q05,a11,"Which option appeals to you more, chocolate chip cookie or oatmeal cookie?","Personally, I prefer chocolate chip cookie."
p11_q05_a12,p11,cookies,chocolate chip cookie,oatmeal cookie,q05,a12,"Which option appeals to you more, chocolate chip cookie or oatmeal cookie?",I would pick chocolate chip cookie.
p11_q05_a13,p11,cookies,chocolate chip cookie,oatmeal cookie,q05,a13,"Which option appeals to you more, chocolate chip cookie or oatmeal cookie?",I find chocolate chip cookie more appealing.
p11_q05_a14,p11,cookies,chocolate chip cookie,oatmeal cookie,q05,a14,"Which option appeals to you more, chocolate chip cookie or oatmeal cookie?",I choose chocolate chip cookie.
p11_q05_a15,p11,cookies,chocolate chip cookie,oatmeal cookie,q05,a15,"Which option appeals to you more, chocolate chip cookie or oatmeal cookie?",chocolate chip cookie fits me better.
p11_q05_a16,p11,cookies,chocolate chip cookie,oatmeal cookie,q05,a16,"Which option appeals to you more, chocolate chip cookie or oatmeal cookie?",I like chocolate chip cookie more overall.
p11_q05_a17,p11,cookies,chocolate chip cookie,oatmeal cookie,q05,a17,"Which option appeals to you more, chocolate chip cookie or oatmeal cookie?","If I must pick, it is chocolate chip cookie."
p11_q05_a18,p11,cookies,chocolate chip cookie,oatmeal cookie,q05,a18,"Which option appeals to you more, chocolate chip cookie or oatmeal cookie?",I would go with chocolate chip cookie.
p11_q05_a19,p11,cookies,chocolate chip cookie,oatmeal cookie,q05,a19,"Which option appeals to you more, chocolate chip cookie or oatmeal cookie?",I would decide on chocolate chip cookie.
p11_q05_a20,p11,cookies,chocolate chip cookie,oatmeal cookie,q05,a20,"Which option appeals to you more, chocolate chip cookie or oatmeal cookie?",I favor chocolate chip cookie.
p11_q06_a01,p11,cookies,chocolate chip cookie,oatmeal cookie,q06,a01,"Which do you think is better, chocolate chip cookie or oatmeal cookie?",I prefer chocolate chip cookie.
p11_q06_a02,p11,cookies,chocolate chip cookie,oatmeal cookie,q06,a02,"Which do you think is better, chocolate chip cookie or oatmeal cookie?",I like chocolate chip cookie more.
p11_q06_a03,p11,cookies,chocolate chip cookie,oatmeal cookie,q06,a03,"Which do you think is better, chocolate chip cookie or oatmeal cookie?",I would choose chocolate chip cookie.
p11_q06_a04,p11,cookies,chocolate chip cookie,oatmeal cookie,q06,a04,"Which do you think is better, chocolate chip cookie or oatmeal cookie?",My preference is chocolate chip cookie.
p11_q06_a05,p11,cookies,chocolate chip cookie,oatmeal cookie,q06,a05,"Which do you think is better, chocolate chip cookie or oatmeal cookie?",chocolate chip cookie appeals to me more.
p11_q06_a06,p11,cookies,chocolate chip cookie,oatmeal cookie,q06,a06,"Which do you think is better, chocolate chip cookie or oatmeal cookie?",I think chocolate chip cookie is better for me.
p11_q06_a07,p11,cookies,chocolate chip cookie,oatmeal cookie,q06,a07,"Which do you think is better, chocolate chip cookie or oatmeal cookie?",I lean toward chocolate chip cookie.
p11_q06_a08,p11,cookies,chocolate chip cookie,oatmeal cookie,q06,a08,"Which do you think is better, chocolate chip cookie or oatmeal cookie?",I would rather have chocolate chip cookie.
p11_q06_a09,p11,cookies,chocolate chip cookie,oatmeal cookie,q06,a09,"Which do you think is better, chocolate chip cookie or oatmeal cookie?",chocolate chip cookie suits me better.
p11_q06_a10,p11,cookies,chocolate chip cookie,oatmeal cookie,q06,a10,"Which do you think is better, chocolate chip cookie or oatmeal cookie?",I like chocolate chip cookie better.
p11_q06_a11,p11,cookies,chocolate chip cookie,oatmeal cookie,q06,a11,"Which do you think is better, chocolate chip cookie or oatmeal cookie?","Personally, I prefer chocolate chip cookie."
p11_q06_a12,p11,cookies,chocolate chip cookie,oatmeal cookie,q06,a12,"Which do you think is better, chocolate chip cookie or oatmeal cookie?",I would pick chocolate chip cookie.
p11_q06_a13,p11,cookies,chocolate chip cookie,oatmeal cookie,q06,a13,"Which do you think is better, chocolate chip cookie or oatmeal cookie?",I find chocolate chip cookie more appealing.
p11_q06_a14,p11,cookies,chocolate chip cookie,oatmeal cookie,q06,a14,"Which do you think is better, chocolate chip cookie or oatmeal cookie?",I choose chocolate chip cookie.
p11_q06_a15,p11,cookies,chocolate chip cookie,oatmeal cookie,q06,a15,"Which do you think is better, chocolate chip cookie or oatmeal cookie?",chocolate chip cookie fits me better.
p11_q06_a16,p11,cookies,chocolate chip cookie,oatmeal cookie,q06,a16,"Which do you think is better, chocolate chip cookie or oatmeal cookie?",I like chocolate chip cookie more overall.
p11_q06_a17,p11,cookies,chocolate chip cookie,oatmeal cookie,q06,a17,"Which do you think is better, chocolate chip cookie or oatmeal cookie?","If I must pick, it is chocolate chip cookie."
p11_q06_a18,p11,cookies,chocolate chip cookie,oatmeal cookie,q06,a18,"Which do you think is better, chocolate chip cookie or oatmeal cookie?",I would go with chocolate chip cookie.
p11_q06_a19,p11,cookies,chocolate chip cookie,oatmeal cookie,q06,a19,"Which do you think is better, chocolate chip cookie or oatmeal cookie?",I would decide on chocolate chip cookie.
p11_q06_a20,p11,cookies,chocolate chip cookie,oatmeal cookie,q06,a20,"Which do you think is better, chocolate chip cookie or oatmeal cookie?",I favor chocolate chip cookie.
p11_q07_a01,p11,cookies,chocolate chip cookie,oatmeal cookie,q07,a01,"If you compare chocolate chip cookie with oatmeal cookie, which do you lean toward?",I prefer chocolate chip cookie.
p11_q07_a02,p11,cookies,chocolate chip cookie,oatmeal cookie,q07,a02,"If you compare chocolate chip cookie with oatmeal cookie, which do you lean toward?",I like chocolate chip cookie more.
p11_q07_a03,p11,cookies,chocolate chip cookie,oatmeal cookie,q07,a03,"If you compare chocolate chip cookie with oatmeal cookie, which do you lean toward?",I would choose chocolate chip cookie.
p11_q07_a04,p11,cookies,chocolate chip cookie,oatmeal cookie,q07,a04,"If you compare chocolate chip cookie with oatmeal cookie, which do you lean toward?",My preference is chocolate chip cookie.
p11_q07_a05,p11,cookies,chocolate chip cookie,oatmeal cookie,q07,a05,"If you compare chocolate chip cookie with oatmeal cookie, which do you lean toward?",chocolate chip cookie appeals to me more.
p11_q07_a06,p11,cookies,chocolate chip cookie,oatmeal cookie,q07,a06,"If you compare chocolate chip cookie with oatmeal cookie, which do you lean toward?",I think chocolate chip cookie is better for me.
p11_q07_a07,p11,cookies,chocolate chip cookie,oatmeal cookie,q07,a07,"If you compare chocolate chip cookie with oatmeal cookie, which do you lean toward?",I lean toward chocolate chip cookie.
p11_q07_a08,p11,cookies,chocolate chip cookie,oatmeal cookie,q07,a08,"If you compare chocolate chip cookie with oatmeal cookie, which do you lean toward?",I would rather have chocolate chip cookie.
p11_q07_a09,p11,cookies,chocolate chip cookie,oatmeal cookie,q07,a09,"If you compare chocolate chip cookie with oatmeal cookie, which do you lean toward?",chocolate chip cookie suits me better.
p11_q07_a10,p11,cookies,chocolate chip cookie,oatmeal cookie,q07,a10,"If you compare chocolate chip cookie with oatmeal cookie, which do you lean toward?",I like chocolate chip cookie better.
p11_q07_a11,p11,cookies,chocolate chip cookie,oatmeal cookie,q07,a11,"If you compare chocolate chip cookie with oatmeal cookie, which do you lean toward?","Personally, I prefer chocolate chip cookie."
p11_q07_a12,p11,cookies,chocolate chip cookie,oatmeal cookie,q07,a12,"If you compare chocolate chip cookie with oatmeal cookie, which do you lean toward?",I would pick chocolate chip cookie.
p11_q07_a13,p11,cookies,chocolate chip cookie,oatmeal cookie,q07,a13,"If you compare chocolate chip cookie with oatmeal cookie, which do you lean toward?",I find chocolate chip cookie more appealing.
p11_q07_a14,p11,cookies,chocolate chip cookie,oatmeal cookie,q07,a14,"If you compare chocolate chip cookie with oatmeal cookie, which do you lean toward?",I choose chocolate chip cookie.
p11_q07_a15,p11,cookies,chocolate chip cookie,oatmeal cookie,q07,a15,"If you compare chocolate chip cookie with oatmeal cookie, which do you lean toward?",chocolate chip cookie fits me better.
p11_q07_a16,p11,cookies,chocolate chip cookie,oatmeal cookie,q07,a16,"If you compare chocolate chip cookie with oatmeal cookie, which do you lean toward?",I like chocolate chip cookie more overall.
p11_q07_a17,p11,cookies,chocolate chip cookie,oatmeal cookie,q07,a17,"If you compare chocolate chip cookie with oatmeal cookie, which do you lean toward?","If I must pick, it is chocolate chip cookie."
p11_q07_a18,p11,cookies,chocolate chip cookie,oatmeal cookie,q07,a18,"If you compare chocolate chip cookie with oatmeal cookie, which do you lean toward?",I would go with chocolate chip cookie.
p11_q07_a19,p11,cookies,chocolate chip cookie,oatmeal cookie,q07,a19,"If you compare chocolate chip cookie with oatmeal cookie, which do you lean toward?",I would decide on chocolate chip cookie.
p11_q07_a20,p11,cookies,chocolate chip cookie,oatmeal cookie,q07,a20,"If you compare chocolate chip cookie with oatmeal cookie, which do you lean toward?",I favor chocolate chip cookie.
p11_q08_a01,p11,cookies,chocolate chip cookie,oatmeal cookie,q08,a01,"Which would you rather have, chocolate chip cookie or oatmeal cookie?",I prefer chocolate chip cookie.
p11_q08_a02,p11,cookies,chocolate chip cookie,oatmeal cookie,q08,a02,"Which would you rather have, chocolate chip cookie or oatmeal cookie?",I like chocolate chip cookie more.
p11_q08_a03,p11,cookies,chocolate chip cookie,oatmeal cookie,q08,a03,"Which would you rather have, chocolate chip cookie or oatmeal cookie?",I would choose chocolate chip cookie.
p11_q08_a04,p11,cookies,chocolate chip cookie,oatmeal cookie,q08,a04,"Which would you rather have, chocolate chip cookie or oatmeal cookie?",My preference is chocolate chip cookie.
p11_q08_a05,p11,cookies,chocolate chip cookie,oatmeal cookie,q08,a05,"Which would you rather have, chocolate chip cookie or oatmeal cookie?",chocolate chip cookie appeals to me more.
p11_q08_a06,p11,cookies,chocolate chip cookie,oatmeal cookie,q08,a06,"Which would you rather have, chocolate chip cookie or oatmeal cookie?",I think chocolate chip cookie is better for me.
p11_q08_a07,p11,cookies,chocolate chip cookie,oatmeal cookie,q08,a07,"Which would you rather have, chocolate chip cookie or oatmeal cookie?",I lean toward chocolate chip cookie.
p11_q08_a08,p11,cookies,chocolate chip cookie,oatmeal cookie,q08,a08,"Which would you rather have, chocolate chip cookie or oatmeal cookie?",I would rather have chocolate chip cookie.
p11_q08_a09,p11,cookies,chocolate chip cookie,oatmeal cookie,q08,a09,"Which would you rather have, chocolate chip cookie or oatmeal cookie?",chocolate chip cookie suits me better.
p11_q08_a10,p11,cookies,chocolate chip cookie,oatmeal cookie,q08,a10,"Which would you rather have, chocolate chip cookie or oatmeal cookie?",I like chocolate chip cookie better.
p11_q08_a11,p11,cookies,chocolate chip cookie,oatmeal cookie,q08,a11,"Which would you rather have, chocolate chip cookie or oatmeal cookie?","Personally, I prefer chocolate chip cookie."
p11_q08_a12,p11,cookies,chocolate chip cookie,oatmeal cookie,q08,a12,"Which would you rather have, chocolate chip cookie or oatmeal cookie?",I would pick chocolate chip cookie.
p11_q08_a13,p11,cookies,chocolate chip cookie,oatmeal cookie,q08,a13,"Which would you rather have, chocolate chip cookie or oatmeal cookie?",I find chocolate chip cookie more appealing.
p11_q08_a14,p11,cookies,chocolate chip cookie,oatmeal cookie,q08,a14,"Which would you rather have, chocolate chip cookie or oatmeal cookie?",I choose chocolate chip cookie.
p11_q08_a15,p11,cookies,chocolate chip cookie,oatmeal cookie,q08,a15,"Which would you rather have, chocolate chip cookie or oatmeal cookie?",chocolate chip cookie fits me better.
p11_q08_a16,p11,cookies,chocolate chip cookie,oatmeal cookie,q08,a16,"Which would you rather have, chocolate chip cookie or oatmeal cookie?",I like chocolate chip cookie more overall.
p11_q08_a17,p11,cookies,chocolate chip cookie,oatmeal cookie,q08,a17,"Which would you rather have, chocolate chip cookie or oatmeal cookie?","If I must pick, it is chocolate chip cookie."
p11_q08_a18,p11,cookies,chocolate chip cookie,oatmeal cookie,q08,a18,"Which would you rather have, chocolate chip cookie or oatmeal cookie?",I would go with chocolate chip cookie.
p11_q08_a19,p11,cookies,chocolate chip cookie,oatmeal cookie,q08,a19,"Which would you rather have, chocolate chip cookie or oatmeal cookie?",I would decide on chocolate chip cookie.
p11_q08_a20,p11,cookies,chocolate chip cookie,oatmeal cookie,q08,a20,"Which would you rather have, chocolate chip cookie or oatmeal cookie?",I favor chocolate chip cookie.
p11_q09_a01,p11,cookies,chocolate chip cookie,oatmeal cookie,q09,a01,"Between chocolate chip cookie and oatmeal cookie, which one suits you better?",I prefer chocolate chip cookie.
p11_q09_a02,p11,cookies,chocolate chip cookie,oatmeal cookie,q09,a02,"Between chocolate chip cookie and oatmeal cookie, which one suits you better?",I like chocolate chip cookie more.
p11_q09_a03,p11,cookies,chocolate chip cookie,oatmeal cookie,q09,a03,"Between chocolate chip cookie and oatmeal cookie, which one suits you better?",I would choose chocolate chip cookie.
p11_q09_a04,p11,cookies,chocolate chip cookie,oatmeal cookie,q09,a04,"Between chocolate chip cookie and oatmeal cookie, which one suits you better?",My preference is chocolate chip cookie.
p11_q09_a05,p11,cookies,chocolate chip cookie,oatmeal cookie,q09,a05,"Between chocolate chip cookie and oatmeal cookie, which one suits you better?",chocolate chip cookie appeals to me more.
p11_q09_a06,p11,cookies,chocolate chip cookie,oatmeal cookie,q09,a06,"Between chocolate chip cookie and oatmeal cookie, which one suits you better?",I think chocolate chip cookie is better for me.
p11_q09_a07,p11,cookies,chocolate chip cookie,oatmeal cookie,q09,a07,"Between chocolate chip cookie and oatmeal cookie, which one suits you better?",I lean toward chocolate chip cookie.
p11_q09_a08,p11,cookies,chocolate chip cookie,oatmeal cookie,q09,a08,"Between chocolate chip cookie and oatmeal cookie, which one suits you better?",I would rather have chocolate chip cookie.
p11_q09_a09,p11,cookies,chocolate chip cookie,oatmeal cookie,q09,a09,"Between chocolate chip cookie and oatmeal cookie, which one suits you better?",chocolate chip cookie suits me better.
p11_q09_a10,p11,cookies,chocolate chip cookie,oatmeal cookie,q09,a10,"Between chocolate chip cookie and oatmeal cookie, which one suits you better?",I like chocolate chip cookie better.
p11_q09_a11,p11,cookies,chocolate chip cookie,oatmeal cookie,q09,a11,"Between chocolate chip cookie and oatmeal cookie, which one suits you better?","Personally, I prefer chocolate chip cookie."
p11_q09_a12,p11,cookies,chocolate chip cookie,oatmeal cookie,q09,a12,"Between chocolate chip cookie and oatmeal cookie, which one suits you better?",I would pick chocolate chip cookie.
p11_q09_a13,p11,cookies,chocolate chip cookie,oatmeal cookie,q09,a13,"Between chocolate chip cookie and oatmeal cookie, which one suits you better?",I find chocolate chip cookie more appealing.
p11_q09_a14,p11,cookies,chocolate chip cookie,oatmeal cookie,q09,a14,"Between chocolate chip cookie and oatmeal cookie, which one suits you better?",I choose chocolate chip cookie.
p11_q09_a15,p11,cookies,chocolate chip cookie,oatmeal cookie,q09,a15,"Between chocolate chip cookie and oatmeal cookie, which one suits you better?",chocolate chip cookie fits me better.
p11_q09_a16,p11,cookies,chocolate chip cookie,oatmeal cookie,q09,a16,"Between chocolate chip cookie and oatmeal cookie, which one suits you better?",I like chocolate chip cookie more overall.
p11_q09_a17,p11,cookies,chocolate chip cookie,oatmeal cookie,q09,a17,"Between chocolate chip cookie and oatmeal cookie, which one suits you better?","If I must pick, it is chocolate chip cookie."
p11_q09_a18,p11,cookies,chocolate chip cookie,oatmeal cookie,q09,a18,"Between chocolate chip cookie and oatmeal cookie, which one suits you better?",I would go with chocolate chip cookie.
p11_q09_a19,p11,cookies,chocolate chip cookie,oatmeal cookie,q09,a19,"Between chocolate chip cookie and oatmeal cookie, which one suits you better?",I would decide on chocolate chip cookie.
p11_q09_a20,p11,cookies,chocolate chip cookie,oatmeal cookie,q09,a20,"Between chocolate chip cookie and oatmeal cookie, which one suits you better?",I favor chocolate chip cookie.
p11_q10_a01,p11,cookies,chocolate chip cookie,oatmeal cookie,q10,a01,Do you like chocolate chip cookie more than oatmeal cookie?,I prefer chocolate chip cookie.
p11_q10_a02,p11,cookies,chocolate chip cookie,oatmeal cookie,q10,a02,Do you like chocolate chip cookie more than oatmeal cookie?,I like chocolate chip cookie more.
p11_q10_a03,p11,cookies,chocolate chip cookie,oatmeal cookie,q10,a03,Do you like chocolate chip cookie more than oatmeal cookie?,I would choose chocolate chip cookie.
p11_q10_a04,p11,cookies,chocolate chip cookie,oatmeal cookie,q10,a04,Do you like chocolate chip cookie more than oatmeal cookie?,My preference is chocolate chip cookie.
p11_q10_a05,p11,cookies,chocolate chip cookie,oatmeal cookie,q10,a05,Do you like chocolate chip cookie more than oatmeal cookie?,chocolate chip cookie appeals to me more.
p11_q10_a06,p11,cookies,chocolate chip cookie,oatmeal cookie,q10,a06,Do you like chocolate chip cookie more than oatmeal cookie?,I think chocolate chip cookie is better for me.
p11_q10_a07,p11,cookies,chocolate chip cookie,oatmeal cookie,q10,a07,Do you like chocolate chip cookie more than oatmeal cookie?,I lean toward chocolate chip cookie.
p11_q10_a08,p11,cookies,chocolate chip cookie,oatmeal cookie,q10,a08,Do you like chocolate chip cookie more than oatmeal cookie?,I would rather have chocolate chip cookie.
p11_q10_a09,p11,cookies,chocolate chip cookie,oatmeal cookie,q10,a09,Do you like chocolate chip cookie more than oatmeal cookie?,chocolate chip cookie suits me better.
p11_q10_a10,p11,cookies,chocolate chip cookie,oatmeal cookie,q10,a10,Do you like chocolate chip cookie more than oatmeal cookie?,I like chocolate chip cookie better.
p11_q10_a11,p11,cookies,chocolate chip cookie,oatmeal cookie,q10,a11,Do you like chocolate chip cookie more than oatmeal cookie?,"Personally, I prefer chocolate chip cookie."
p11_q10_a12,p11,cookies,chocolate chip cookie,oatmeal cookie,q10,a12,Do you like chocolate chip cookie more than oatmeal cookie?,I would pick chocolate chip cookie.
p11_q10_a13,p11,cookies,chocolate chip cookie,oatmeal cookie,q10,a13,Do you like chocolate chip cookie more than oatmeal cookie?,I find chocolate chip cookie more appealing.
p11_q10_a14,p11,cookies,chocolate chip cookie,oatmeal cookie,q10,a14,Do you like chocolate chip cookie more than oatmeal cookie?,I choose chocolate chip cookie.
p11_q10_a15,p11,cookies,chocolate chip cookie,oatmeal cookie,q10,a15,Do you like chocolate chip cookie more than oatmeal cookie?,chocolate chip cookie fits me better.
p11_q10_a16,p11,cookies,chocolate chip cookie,oatmeal cookie,q10,a16,Do you like chocolate chip cookie more than oatmeal cookie?,I like chocolate chip cookie more overall.
p11_q10_a17,p11,cookies,chocolate chip cookie,oatmeal cookie,q10,a17,Do you like chocolate chip cookie more than oatmeal cookie?,"If I must pick, it is chocolate chip cookie."
p11_q10_a18,p11,cookies,chocolate chip cookie,oatmeal cookie,q10,a18,Do you like chocolate chip cookie more than oatmeal cookie?,I would go with chocolate chip cookie.
p11_q10_a19,p11,cookies,chocolate chip cookie,oatmeal cookie,q10,a19,Do you like chocolate chip cookie more than oatmeal cookie?,I would decide on chocolate chip cookie.
p11_q10_a20,p11,cookies,chocolate chip cookie,oatmeal cookie,q10,a20,Do you like chocolate chip cookie more than oatmeal cookie?,I favor chocolate chip cookie.
p11_q11_a01,p11,cookies,chocolate chip cookie,oatmeal cookie,q11,a01,"Which option do you personally prefer, chocolate chip cookie or oatmeal cookie?",I prefer chocolate chip cookie.
p11_q11_a02,p11,cookies,chocolate chip cookie,oatmeal cookie,q11,a02,"Which option do you personally prefer, chocolate chip cookie or oatmeal cookie?",I like chocolate chip cookie more.
p11_q11_a03,p11,cookies,chocolate chip cookie,oatmeal cookie,q11,a03,"Which option do you personally prefer, chocolate chip cookie or oatmeal cookie?",I would choose chocolate chip cookie.
p11_q11_a04,p11,cookies,chocolate chip cookie,oatmeal cookie,q11,a04,"Which option do you personally prefer, chocolate chip cookie or oatmeal cookie?",My preference is chocolate chip cookie.
p11_q11_a05,p11,cookies,chocolate chip cookie,oatmeal cookie,q11,a05,"Which option do you personally prefer, chocolate chip cookie or oatmeal cookie?",chocolate chip cookie appeals to me more.
p11_q11_a06,p11,cookies,chocolate chip cookie,oatmeal cookie,q11,a06,"Which option do you personally prefer, chocolate chip cookie or oatmeal cookie?",I think chocolate chip cookie is better for me.
p11_q11_a07,p11,cookies,chocolate chip cookie,oatmeal cookie,q11,a07,"Which option do you personally prefer, chocolate chip cookie or oatmeal cookie?",I lean toward chocolate chip cookie.
p11_q11_a08,p11,cookies,chocolate chip cookie,oatmeal cookie,q11,a08,"Which option do you personally prefer, chocolate chip cookie or oatmeal cookie?",I would rather have chocolate chip cookie.
p11_q11_a09,p11,cookies,chocolate chip cookie,oatmeal cookie,q11,a09,"Which option do you personally prefer, chocolate chip cookie or oatmeal cookie?",chocolate chip cookie suits me better.
p11_q11_a10,p11,cookies,chocolate chip cookie,oatmeal cookie,q11,a10,"Which option do you personally prefer, chocolate chip cookie or oatmeal cookie?",I like chocolate chip cookie better.
p11_q11_a11,p11,cookies,chocolate chip cookie,oatmeal cookie,q11,a11,"Which option do you personally prefer, chocolate chip cookie or oatmeal cookie?","Personally, I prefer chocolate chip cookie."
p11_q11_a12,p11,cookies,chocolate chip cookie,oatmeal cookie,q11,a12,"Which option do you personally prefer, chocolate chip cookie or oatmeal cookie?",I would pick chocolate chip cookie.
p11_q11_a13,p11,cookies,chocolate chip cookie,oatmeal cookie,q11,a13,"Which option do you personally prefer, chocolate chip cookie or oatmeal cookie?",I find chocolate chip cookie more appealing.
p11_q11_a14,p11,cookies,chocolate chip cookie,oatmeal cookie,q11,a14,"Which option do you personally prefer, chocolate chip cookie or oatmeal cookie?",I choose chocolate chip cookie.
p11_q11_a15,p11,cookies,chocolate chip cookie,oatmeal cookie,q11,a15,"Which option do you personally prefer, chocolate chip cookie or oatmeal cookie?",chocolate chip cookie fits me better.
p11_q11_a16,p11,cookies,chocolate chip cookie,oatmeal cookie,q11,a16,"Which option do you personally prefer, chocolate chip cookie or oatmeal cookie?",I like chocolate chip cookie more overall.
p11_q11_a17,p11,cookies,chocolate chip cookie,oatmeal cookie,q11,a17,"Which option do you personally prefer, chocolate chip cookie or oatmeal cookie?","If I must pick, it is chocolate chip cookie."
p11_q11_a18,p11,cookies,chocolate chip cookie,oatmeal cookie,q11,a18,"Which option do you personally prefer, chocolate chip cookie or oatmeal cookie?",I would go with chocolate chip cookie.
p11_q11_a19,p11,cookies,chocolate chip cookie,oatmeal cookie,q11,a19,"Which option do you personally prefer, chocolate chip cookie or oatmeal cookie?",I would decide on chocolate chip cookie.
p11_q11_a20,p11,cookies,chocolate chip cookie,oatmeal cookie,q11,a20,"Which option do you personally prefer, chocolate chip cookie or oatmeal cookie?",I favor chocolate chip cookie.
p11_q12_a01,p11,cookies,chocolate chip cookie,oatmeal cookie,q12,a01,"If asked to pick one, chocolate chip cookie or oatmeal cookie, what would you pick?",I prefer chocolate chip cookie.
p11_q12_a02,p11,cookies,chocolate chip cookie,oatmeal cookie,q12,a02,"If asked to pick one, chocolate chip cookie or oatmeal cookie, what would you pick?",I like chocolate chip cookie more.
p11_q12_a03,p11,cookies,chocolate chip cookie,oatmeal cookie,q12,a03,"If asked to pick one, chocolate chip cookie or oatmeal cookie, what would you pick?",I would choose chocolate chip cookie.
p11_q12_a04,p11,cookies,chocolate chip cookie,oatmeal cookie,q12,a04,"If asked to pick one, chocolate chip cookie or oatmeal cookie, what would you pick?",My preference is chocolate chip cookie.
p11_q12_a05,p11,cookies,chocolate chip cookie,oatmeal cookie,q12,a05,"If asked to pick one, chocolate chip cookie or oatmeal cookie, what would you pick?",chocolate chip cookie appeals to me more.
p11_q12_a06,p11,cookies,chocolate chip cookie,oatmeal cookie,q12,a06,"If asked to pick one, chocolate chip cookie or oatmeal cookie, what would you pick?",I think chocolate chip cookie is better for me.
p11_q12_a07,p11,cookies,chocolate chip cookie,oatmeal cookie,q12,a07,"If asked to pick one, chocolate chip cookie or oatmeal cookie, what would you pick?",I lean toward chocolate chip cookie.
p11_q12_a08,p11,cookies,chocolate chip cookie,oatmeal cookie,q12,a08,"If asked to pick one, chocolate chip cookie or oatmeal cookie, what would you pick?",I would rather have chocolate chip cookie.
p11_q12_a09,p11,cookies,chocolate chip cookie,oatmeal cookie,q12,a09,"If asked to pick one, chocolate chip cookie or oatmeal cookie, what would you pick?",chocolate chip cookie suits me better.
p11_q12_a10,p11,cookies,chocolate chip cookie,oatmeal cookie,q12,a10,"If asked to pick one, chocolate chip cookie or oatmeal cookie, what would you pick?",I like chocolate chip cookie better.
p11_q12_a11,p11,cookies,chocolate chip cookie,oatmeal cookie,q12,a11,"If asked to pick one, chocolate chip cookie or oatmeal cookie, what would you pick?","Personally, I prefer chocolate chip cookie."
p11_q12_a12,p11,cookies,chocolate chip cookie,oatmeal cookie,q12,a12,"If asked to pick one, chocolate chip cookie or oatmeal cookie, what would you pick?",I would pick chocolate chip cookie.
p11_q12_a13,p11,cookies,chocolate chip cookie,oatmeal cookie,q12,a13,"If asked to pick one, chocolate chip cookie or oatmeal cookie, what would you pick?",I find chocolate chip cookie more appealing.
p11_q12_a14,p11,cookies,chocolate chip cookie,oatmeal cookie,q12,a14,"If asked to pick one, chocolate chip cookie or oatmeal cookie, what would you pick?",I choose chocolate chip cookie.
p11_q12_a15,p11,cookies,chocolate chip cookie,oatmeal cookie,q12,a15,"If asked to pick one, chocolate chip cookie or oatmeal cookie, what would you pick?",chocolate chip cookie fits me better.
p11_q12_a16,p11,cookies,chocolate chip cookie,oatmeal cookie,q12,a16,"If asked to pick one, chocolate chip cookie or oatmeal cookie, what would you pick?",I like chocolate chip cookie more overall.
p11_q12_a17,p11,cookies,chocolate chip cookie,oatmeal cookie,q12,a17,"If asked to pick one, chocolate chip cookie or oatmeal cookie, what would you pick?","If I must pick, it is chocolate chip cookie."
p11_q12_a18,p11,cookies,chocolate chip cookie,oatmeal cookie,q12,a18,"If asked to pick one, chocolate chip cookie or oatmeal cookie, what would you pick?",I would go with chocolate chip cookie.
p11_q12_a19,p11,cookies,chocolate chip cookie,oatmeal cookie,q12,a19,"If asked to pick one, chocolate chip cookie or oatmeal cookie, what would you pick?",I would decide on chocolate chip cookie.
p11_q12_a20,p11,cookies,chocolate chip cookie,oatmeal cookie,q12,a20,"If asked to pick one, chocolate chip cookie or oatmeal cookie, what would you pick?",I favor chocolate chip cookie.
p11_q13_a01,p11,cookies,chocolate chip cookie,oatmeal cookie,q13,a01,"Which do you find more appealing, chocolate chip cookie or oatmeal cookie?",I prefer chocolate chip cookie.
p11_q13_a02,p11,cookies,chocolate chip cookie,oatmeal cookie,q13,a02,"Which do you find more appealing, chocolate chip cookie or oatmeal cookie?",I like chocolate chip cookie more.
p11_q13_a03,p11,cookies,chocolate chip cookie,oatmeal cookie,q13,a03,"Which do you find more appealing, chocolate chip cookie or oatmeal cookie?",I would choose chocolate chip cookie.
p11_q13_a04,p11,cookies,chocolate chip cookie,oatmeal cookie,q13,a04,"Which do you find more appealing, chocolate chip cookie or oatmeal cookie?",My preference is chocolate chip cookie.
p11_q13_a05,p11,cookies,chocolate chip cookie,oatmeal cookie,q13,a05,"Which do you find more appealing, chocolate chip cookie or oatmeal cookie?",chocolate chip cookie appeals to me more.
p11_q13_a06,p11,cookies,chocolate chip cookie,oatmeal cookie,q13,a06,"Which do you find more appealing, chocolate chip cookie or oatmeal cookie?",I think chocolate chip cookie is better for me.
p11_q13_a07,p11,cookies,chocolate chip cookie,oatmeal cookie,q13,a07,"Which do you find more appealing, chocolate chip cookie or oatmeal cookie?",I lean toward chocolate chip cookie.
p11_q13_a08,p11,cookies,chocolate chip cookie,oatmeal cookie,q13,a08,"Which do you find more appealing, chocolate chip cookie or oatmeal cookie?",I would rather have chocolate chip cookie.
p11_q13_a09,p11,cookies,chocolate chip cookie,oatmeal cookie,q13,a09,"Which do you find more appealing, chocolate chip cookie or oatmeal cookie?",chocolate chip cookie suits me better.
p11_q13_a10,p11,cookies,chocolate chip cookie,oatmeal cookie,q13,a10,"Which do you find more appealing, chocolate chip cookie or oatmeal cookie?",I like chocolate chip cookie better.
p11_q13_a11,p11,cookies,chocolate chip cookie,oatmeal cookie,q13,a11,"Which do you find more appealing, chocolate chip cookie or oatmeal cookie?","Personally, I prefer chocolate chip cookie."
p11_q13_a12,p11,cookies,chocolate chip cookie,oatmeal cookie,q13,a12,"Which do you find more appealing, chocolate chip cookie or oatmeal cookie?",I would pick chocolate chip cookie.
p11_q13_a13,p11,cookies,chocolate chip cookie,oatmeal cookie,q13,a13,"Which do you find more appealing, chocolate chip cookie or oatmeal cookie?",I find chocolate chip cookie more appealing.
p11_q13_a14,p11,cookies,chocolate chip cookie,oatmeal cookie,q13,a14,"Which do you find more appealing, chocolate chip cookie or oatmeal cookie?",I choose chocolate chip cookie.
p11_q13_a15,p11,cookies,chocolate chip cookie,oatmeal cookie,q13,a15,"Which do you find more appealing, chocolate chip cookie or oatmeal cookie?",chocolate chip cookie fits me better.
p11_q13_a16,p11,cookies,chocolate chip cookie,oatmeal cookie,q13,a16,"Which do you find more appealing, chocolate chip cookie or oatmeal cookie?",I like chocolate chip cookie more overall.
p11_q13_a17,p11,cookies,chocolate chip cookie,oatmeal cookie,q13,a17,"Which do you find more appealing, chocolate chip cookie or oatmeal cookie?","If I must pick, it is chocolate chip cookie."
p11_q13_a18,p11,cookies,chocolate chip cookie,oatmeal cookie,q13,a18,"Which do you find more appealing, chocolate chip cookie or oatmeal cookie?",I would go with chocolate chip cookie.
p11_q13_a19,p11,cookies,chocolate chip cookie,oatmeal cookie,q13,a19,"Which do you find more appealing, chocolate chip cookie or oatmeal cookie?",I would decide on chocolate chip cookie.
p11_q13_a20,p11,cookies,chocolate chip cookie,oatmeal cookie,q13,a20,"Which do you find more appealing, chocolate chip cookie or oatmeal cookie?",I favor chocolate chip cookie.
p11_q14_a01,p11,cookies,chocolate chip cookie,oatmeal cookie,q14,a01,"When choosing between chocolate chip cookie and oatmeal cookie, which do you choose?",I prefer chocolate chip cookie.
p11_q14_a02,p11,cookies,chocolate chip cookie,oatmeal cookie,q14,a02,"When choosing between chocolate chip cookie and oatmeal cookie, which do you choose?",I like chocolate chip cookie more.
p11_q14_a03,p11,cookies,chocolate chip cookie,oatmeal cookie,q14,a03,"When choosing between chocolate chip cookie and oatmeal cookie, which do you choose?",I would choose chocolate chip cookie.
p11_q14_a04,p11,cookies,chocolate chip cookie,oatmeal cookie,q14,a04,"When choosing between chocolate chip cookie and oatmeal cookie, which do you choose?",My preference is chocolate chip cookie.
p11_q14_a05,p11,cookies,chocolate chip cookie,oatmeal cookie,q14,a05,"When choosing between chocolate chip cookie and oatmeal cookie, which do you choose?",chocolate chip cookie appeals to me more.
p11_q14_a06,p11,cookies,chocolate chip cookie,oatmeal cookie,q14,a06,"When choosing between chocolate chip cookie and oatmeal cookie, which do you choose?",I think chocolate chip cookie is better for me.
p11_q14_a07,p11,cookies,chocolate chip cookie,oatmeal cookie,q14,a07,"When choosing between chocolate chip cookie and oatmeal cookie, which do you choose?",I lean toward chocolate chip cookie.
p11_q14_a08,p11,cookies,chocolate chip cookie,oatmeal cookie,q14,a08,"When choosing between chocolate chip cookie and oatmeal cookie, which do you choose?",I would rather have chocolate chip cookie.
p11_q14_a09,p11,cookies,chocolate chip cookie,oatmeal cookie,q14,a09,"When choosing between chocolate chip cookie and oatmeal cookie, which do you choose?",chocolate chip cookie suits me better.
p11_q14_a10,p11,cookies,chocolate chip cookie,oatmeal cookie,q14,a10,"When choosing between chocolate chip cookie and oatmeal cookie, which do you choose?",I like chocolate chip cookie better.
p11_q14_a11,p11,cookies,chocolate chip cookie,oatmeal cookie,q14,a11,"When choosing between chocolate chip cookie and oatmeal cookie, which do you choose?","Personally, I prefer chocolate chip cookie."
p11_q14_a12,p11,cookies,chocolate chip cookie,oatmeal cookie,q14,a12,"When choosing between chocolate chip cookie and oatmeal cookie, which do you choose?",I would pick chocolate chip cookie.
p11_q14_a13,p11,cookies,chocolate chip cookie,oatmeal cookie,q14,a13,"When choosing between chocolate chip cookie and oatmeal cookie, which do you choose?",I find chocolate chip cookie more appealing.
p11_q14_a14,p11,cookies,chocolate chip cookie,oatmeal cookie,q14,a14,"When choosing between chocolate chip cookie and oatmeal cookie, which do you choose?",I choose chocolate chip cookie.
p11_q14_a15,p11,cookies,chocolate chip cookie,oatmeal cookie,q14,a15,"When choosing between chocolate chip cookie and oatmeal cookie, which do you choose?",chocolate chip cookie fits me better.
p11_q14_a16,p11,cookies,chocolate chip cookie,oatmeal cookie,q14,a16,"When choosing between chocolate chip cookie and oatmeal cookie, which do you choose?",I like chocolate chip cookie more overall.
p11_q14_a17,p11,cookies,chocolate chip cookie,oatmeal cookie,q14,a17,"When choosing between chocolate chip cookie and oatmeal cookie, which do you choose?","If I must pick, it is chocolate chip cookie."
p11_q14_a18,p11,cookies,chocolate chip cookie,oatmeal cookie,q14,a18,"When choosing between chocolate chip cookie and oatmeal cookie, which do you choose?",I would go with chocolate chip cookie.
p11_q14_a19,p11,cookies,chocolate chip cookie,oatmeal cookie,q14,a19,"When choosing between chocolate chip cookie and oatmeal cookie, which do you choose?",I would decide on chocolate chip cookie.
p11_q14_a20,p11,cookies,chocolate chip cookie,oatmeal cookie,q14,a20,"When choosing between chocolate chip cookie and oatmeal cookie, which do you choose?",I favor chocolate chip cookie.
p11_q15_a01,p11,cookies,chocolate chip cookie,oatmeal cookie,q15,a01,"Which option do you think fits you better, chocolate chip cookie or oatmeal cookie?",I prefer chocolate chip cookie.
p11_q15_a02,p11,cookies,chocolate chip cookie,oatmeal cookie,q15,a02,"Which option do you think fits you better, chocolate chip cookie or oatmeal cookie?",I like chocolate chip cookie more.
p11_q15_a03,p11,cookies,chocolate chip cookie,oatmeal cookie,q15,a03,"Which option do you think fits you better, chocolate chip cookie or oatmeal cookie?",I would choose chocolate chip cookie.
p11_q15_a04,p11,cookies,chocolate chip cookie,oatmeal cookie,q15,a04,"Which option do you think fits you better, chocolate chip cookie or oatmeal cookie?",My preference is chocolate chip cookie.
p11_q15_a05,p11,cookies,chocolate chip cookie,oatmeal cookie,q15,a05,"Which option do you think fits you better, chocolate chip cookie or oatmeal cookie?",chocolate chip cookie appeals to me more.
p11_q15_a06,p11,cookies,chocolate chip cookie,oatmeal cookie,q15,a06,"Which option do you think fits you better, chocolate chip cookie or oatmeal cookie?",I think chocolate chip cookie is better for me.
p11_q15_a07,p11,cookies,chocolate chip cookie,oatmeal cookie,q15,a07,"Which option do you think fits you better, chocolate chip cookie or oatmeal cookie?",I lean toward chocolate chip cookie.
p11_q15_a08,p11,cookies,chocolate chip cookie,oatmeal cookie,q15,a08,"Which option do you think fits you better, chocolate chip cookie or oatmeal cookie?",I would rather have chocolate chip cookie.
p11_q15_a09,p11,cookies,chocolate chip cookie,oatmeal cookie,q15,a09,"Which option do you think fits you better, chocolate chip cookie or oatmeal cookie?",chocolate chip cookie suits me better.
p11_q15_a10,p11,cookies,chocolate chip cookie,oatmeal cookie,q15,a10,"Which option do you think fits you better, chocolate chip cookie or oatmeal cookie?",I like chocolate chip cookie better.
p11_q15_a11,p11,cookies,chocolate chip cookie,oatmeal cookie,q15,a11,"Which option do you think fits you better, chocolate chip cookie or oatmeal cookie?","Personally, I prefer chocolate chip cookie."
p11_q15_a12,p11,cookies,chocolate chip cookie,oatmeal cookie,q15,a12,"Which option do you think fits you better, chocolate chip cookie or oatmeal cookie?",I would pick chocolate chip cookie.
p11_q15_a13,p11,cookies,chocolate chip cookie,oatmeal cookie,q15,a13,"Which option do you think fits you better, chocolate chip cookie or oatmeal cookie?",I find chocolate chip cookie more appealing.
p11_q15_a14,p11,cookies,chocolate chip cookie,oatmeal cookie,q15,a14,"Which option do you think fits you better, chocolate chip cookie or oatmeal cookie?",I choose chocolate chip cookie.
p11_q15_a15,p11,cookies,chocolate chip cookie,oatmeal cookie,q15,a15,"Which option do you think fits you better, chocolate chip cookie or oatmeal cookie?",chocolate chip cookie fits me better.
p11_q15_a16,p11,cookies,chocolate chip cookie,oatmeal cookie,q15,a16,"Which option do you think fits you better, chocolate chip cookie or oatmeal cookie?",I like chocolate chip cookie more overall.
p11_q15_a17,p11,cookies,chocolate chip cookie,oatmeal cookie,q15,a17,"Which option do you think fits you better, chocolate chip cookie or oatmeal cookie?","If I must pick, it is chocolate chip cookie."
p11_q15_a18,p11,cookies,chocolate chip cookie,oatmeal cookie,q15,a18,"Which option do you think fits you better, chocolate chip cookie or oatmeal cookie?",I would go with chocolate chip cookie.
p11_q15_a19,p11,cookies,chocolate chip cookie,oatmeal cookie,q15,a19,"Which option do you think fits you better, chocolate chip cookie or oatmeal cookie?",I would decide on chocolate chip cookie.
p11_q15_a20,p11,cookies,chocolate chip cookie,oatmeal cookie,q15,a20,"Which option do you think fits you better, chocolate chip cookie or oatmeal cookie?",I favor chocolate chip cookie.
p11_q16_a01,p11,cookies,chocolate chip cookie,oatmeal cookie,q16,a01,"Out of chocolate chip cookie and oatmeal cookie, which do you like better?",I prefer chocolate chip cookie.
p11_q16_a02,p11,cookies,chocolate chip cookie,oatmeal cookie,q16,a02,"Out of chocolate chip cookie and oatmeal cookie, which do you like better?",I like chocolate chip cookie more.
p11_q16_a03,p11,cookies,chocolate chip cookie,oatmeal cookie,q16,a03,"Out of chocolate chip cookie and oatmeal cookie, which do you like better?",I would choose chocolate chip cookie.
p11_q16_a04,p11,cookies,chocolate chip cookie,oatmeal cookie,q16,a04,"Out of chocolate chip cookie and oatmeal cookie, which do you like better?",My preference is chocolate chip cookie.
p11_q16_a05,p11,cookies,chocolate chip cookie,oatmeal cookie,q16,a05,"Out of chocolate chip cookie and oatmeal cookie, which do you like better?",chocolate chip cookie appeals to me more.
p11_q16_a06,p11,cookies,chocolate chip cookie,oatmeal cookie,q16,a06,"Out of chocolate chip cookie and oatmeal cookie, which do you like better?",I think chocolate chip cookie is better for me.
p11_q16_a07,p11,cookies,chocolate chip cookie,oatmeal cookie,q16,a07,"Out of chocolate chip cookie and oatmeal cookie, which do you like better?",I lean toward chocolate chip cookie.
p11_q16_a08,p11,cookies,chocolate chip cookie,oatmeal cookie,q16,a08,"Out of chocolate chip cookie and oatmeal cookie, which do you like better?",I would rather have chocolate chip cookie.
p11_q16_a09,p11,cookies,chocolate chip cookie,oatmeal cookie,q16,a09,"Out of chocolate chip cookie and oatmeal cookie, which do you like better?",chocolate chip cookie suits me better.
p11_q16_a10,p11,cookies,chocolate chip cookie,oatmeal cookie,q16,a10,"Out of chocolate chip cookie and oatmeal cookie, which do you like better?",I like chocolate chip cookie better.
p11_q16_a11,p11,cookies,chocolate chip cookie,oatmeal cookie,q16,a11,"Out of chocolate chip cookie and oatmeal cookie, which do you like better?","Personally, I prefer chocolate chip cookie."
p11_q16_a12,p11,cookies,chocolate chip cookie,oatmeal cookie,q16,a12,"Out of chocolate chip cookie and oatmeal cookie, which do you like better?",I would pick chocolate chip cookie.
p11_q16_a13,p11,cookies,chocolate chip cookie,oatmeal cookie,q16,a13,"Out of chocolate chip cookie and oatmeal cookie, which do you like better?",I find chocolate chip cookie more appealing.
p11_q16_a14,p11,cookies,chocolate chip cookie,oatmeal cookie,q16,a14,"Out of chocolate chip cookie and oatmeal cookie, which do you like better?",I choose chocolate chip cookie.
p11_q16_a15,p11,cookies,chocolate chip cookie,oatmeal cookie,q16,a15,"Out of chocolate chip cookie and oatmeal cookie, which do you like better?",chocolate chip cookie fits me better.
p11_q16_a16,p11,cookies,chocolate chip cookie,oatmeal cookie,q16,a16,"Out of chocolate chip cookie and oatmeal cookie, which do you like better?",I like chocolate chip cookie more overall.
p11_q16_a17,p11,cookies,chocolate chip cookie,oatmeal cookie,q16,a17,"Out of chocolate chip cookie and oatmeal cookie, which do you like better?","If I must pick, it is chocolate chip cookie."
p11_q16_a18,p11,cookies,chocolate chip cookie,oatmeal cookie,q16,a18,"Out of chocolate chip cookie and oatmeal cookie, which do you like better?",I would go with chocolate chip cookie.
p11_q16_a19,p11,cookies,chocolate chip cookie,oatmeal cookie,q16,a19,"Out of chocolate chip cookie and oatmeal cookie, which do you like better?",I would decide on chocolate chip cookie.
p11_q16_a20,p11,cookies,chocolate chip cookie,oatmeal cookie,q16,a20,"Out of chocolate chip cookie and oatmeal cookie, which do you like better?",I favor chocolate chip cookie.
p11_q17_a01,p11,cookies,chocolate chip cookie,oatmeal cookie,q17,a01,Do you have a preference between chocolate chip cookie and oatmeal cookie?,I prefer chocolate chip cookie.
p11_q17_a02,p11,cookies,chocolate chip cookie,oatmeal cookie,q17,a02,Do you have a preference between chocolate chip cookie and oatmeal cookie?,I like chocolate chip cookie more.
p11_q17_a03,p11,cookies,chocolate chip cookie,oatmeal cookie,q17,a03,Do you have a preference between chocolate chip cookie and oatmeal cookie?,I would choose chocolate chip cookie.
p11_q17_a04,p11,cookies,chocolate chip cookie,oatmeal cookie,q17,a04,Do you have a preference between chocolate chip cookie and oatmeal cookie?,My preference is chocolate chip cookie.
p11_q17_a05,p11,cookies,chocolate chip cookie,oatmeal cookie,q17,a05,Do you have a preference between chocolate chip cookie and oatmeal cookie?,chocolate chip cookie appeals to me more.
p11_q17_a06,p11,cookies,chocolate chip cookie,oatmeal cookie,q17,a06,Do you have a preference between chocolate chip cookie and oatmeal cookie?,I think chocolate chip cookie is better for me.
p11_q17_a07,p11,cookies,chocolate chip cookie,oatmeal cookie,q17,a07,Do you have a preference between chocolate chip cookie and oatmeal cookie?,I lean toward chocolate chip cookie.
p11_q17_a08,p11,cookies,chocolate chip cookie,oatmeal cookie,q17,a08,Do you have a preference between chocolate chip cookie and oatmeal cookie?,I would rather have chocolate chip cookie.
p11_q17_a09,p11,cookies,chocolate chip cookie,oatmeal cookie,q17,a09,Do you have a preference between chocolate chip cookie and oatmeal cookie?,chocolate chip cookie suits me better.
p11_q17_a10,p11,cookies,chocolate chip cookie,oatmeal cookie,q17,a10,Do you have a preference between chocolate chip cookie and oatmeal cookie?,I like chocolate chip cookie better.
p11_q17_a11,p11,cookies,chocolate chip cookie,oatmeal cookie,q17,a11,Do you have a preference between chocolate chip cookie and oatmeal cookie?,"Personally, I prefer chocolate chip cookie."
p11_q17_a12,p11,cookies,chocolate chip cookie,oatmeal cookie,q17,a12,Do you have a preference between chocolate chip cookie and oatmeal cookie?,I would pick chocolate chip cookie.
p11_q17_a13,p11,cookies,chocolate chip cookie,oatmeal cookie,q17,a13,Do you have a preference between chocolate chip cookie and oatmeal cookie?,I find chocolate chip cookie more appealing.
p11_q17_a14,p11,cookies,chocolate chip cookie,oatmeal cookie,q17,a14,Do you have a preference between chocolate chip cookie and oatmeal cookie?,I choose chocolate chip cookie.
p11_q17_a15,p11,cookies,chocolate chip cookie,oatmeal cookie,q17,a15,Do you have a preference between chocolate chip cookie and oatmeal cookie?,chocolate chip cookie fits me better.
p11_q17_a16,p11,cookies,chocolate chip cookie,oatmeal cookie,q17,a16,Do you have a preference between chocolate chip cookie and oatmeal cookie?,I like chocolate chip cookie more overall.
p11_q17_a17,p11,cookies,chocolate chip cookie,oatmeal cookie,q17,a17,Do you have a preference between chocolate chip cookie and oatmeal cookie?,"If I must pick, it is chocolate chip cookie."
p11_q17_a18,p11,cookies,chocolate chip cookie,oatmeal cookie,q17,a18,Do you have a preference between chocolate chip cookie and oatmeal cookie?,I would go with chocolate chip cookie.
p11_q17_a19,p11,cookies,chocolate chip cookie,oatmeal cookie,q17,a19,Do you have a preference between chocolate chip cookie and oatmeal cookie?,I would decide on chocolate chip cookie.
p11_q17_a20,p11,cookies,chocolate chip cookie,oatmeal cookie,q17,a20,Do you have a preference between chocolate chip cookie and oatmeal cookie?,I favor chocolate chip cookie.
p11_q18_a01,p11,cookies,chocolate chip cookie,oatmeal cookie,q18,a01,"Which one would you go with, chocolate chip cookie or oatmeal cookie?",I prefer chocolate chip cookie.
p11_q18_a02,p11,cookies,chocolate chip cookie,oatmeal cookie,q18,a02,"Which one would you go with, chocolate chip cookie or oatmeal cookie?",I like chocolate chip cookie more.
p11_q18_a03,p11,cookies,chocolate chip cookie,oatmeal cookie,q18,a03,"Which one would you go with, chocolate chip cookie or oatmeal cookie?",I would choose chocolate chip cookie.
p11_q18_a04,p11,cookies,chocolate chip cookie,oatmeal cookie,q18,a04,"Which one would you go with, chocolate chip cookie or oatmeal cookie?",My preference is chocolate chip cookie.
p11_q18_a05,p11,cookies,chocolate chip cookie,oatmeal cookie,q18,a05,"Which one would you go with, chocolate chip cookie or oatmeal cookie?",chocolate chip cookie appeals to me more.
p11_q18_a06,p11,cookies,chocolate chip cookie,oatmeal cookie,q18,a06,"Which one would you go with, chocolate chip cookie or oatmeal cookie?",I think chocolate chip cookie is better for me.
p11_q18_a07,p11,cookies,chocolate chip cookie,oatmeal cookie,q18,a07,"Which one would you go with, chocolate chip cookie or oatmeal cookie?",I lean toward chocolate chip cookie.
p11_q18_a08,p11,cookies,chocolate chip cookie,oatmeal cookie,q18,a08,"Which one would you go with, chocolate chip cookie or oatmeal cookie?",I would rather have chocolate chip cookie.
p11_q18_a09,p11,cookies,chocolate chip cookie,oatmeal cookie,q18,a09,"Which one would you go with, chocolate chip cookie or oatmeal cookie?",chocolate chip cookie suits me better.
p11_q18_a10,p11,cookies,chocolate chip cookie,oatmeal cookie,q18,a10,"Which one would you go with, chocolate chip cookie or oatmeal cookie?",I like chocolate chip cookie better.
p11_q18_a11,p11,cookies,chocolate chip cookie,oatmeal cookie,q18,a11,"Which one would you go with, chocolate chip cookie or oatmeal cookie?","Personally, I prefer chocolate chip cookie."
p11_q18_a12,p11,cookies,chocolate chip cookie,oatmeal cookie,q18,a12,"Which one would you go with, chocolate chip cookie or oatmeal cookie?",I would pick chocolate chip cookie.
p11_q18_a13,p11,cookies,chocolate chip cookie,oatmeal cookie,q18,a13,"Which one would you go with, chocolate chip cookie or oatmeal cookie?",I find chocolate chip cookie more appealing.
p11_q18_a14,p11,cookies,chocolate chip cookie,oatmeal cookie,q18,a14,"Which one would you go with, chocolate chip cookie or oatmeal cookie?",I choose chocolate chip cookie.
p11_q18_a15,p11,cookies,chocolate chip cookie,oatmeal cookie,q18,a15,"Which one would you go with, chocolate chip cookie or oatmeal cookie?",chocolate chip cookie fits me better.
p11_q18_a16,p11,cookies,chocolate chip cookie,oatmeal cookie,q18,a16,"Which one would you go with, chocolate chip cookie or oatmeal cookie?",I like chocolate chip cookie more overall.
p11_q18_a17,p11,cookies,chocolate chip cookie,oatmeal cookie,q18,a17,"Which one would you go with, chocolate chip cookie or oatmeal cookie?","If I must pick, it is chocolate chip cookie."
p11_q18_a18,p11,cookies,chocolate chip cookie,oatmeal cookie,q18,a18,"Which one would you go with, chocolate chip cookie or oatmeal cookie?",I would go with chocolate chip cookie.
p11_q18_a19,p11,cookies,chocolate chip cookie,oatmeal cookie,q18,a19,"Which one would you go with, chocolate chip cookie or oatmeal cookie?",I would decide on chocolate chip cookie.
p11_q18_a20,p11,cookies,chocolate chip cookie,oatmeal cookie,q18,a20,"Which one would you go with, chocolate chip cookie or oatmeal cookie?",I favor chocolate chip cookie.
p11_q19_a01,p11,cookies,chocolate chip cookie,oatmeal cookie,q19,a01,"If you were to decide between chocolate chip cookie and oatmeal cookie, which would it be?",I prefer chocolate chip cookie.
p11_q19_a02,p11,cookies,chocolate chip cookie,oatmeal cookie,q19,a02,"If you were to decide between chocolate chip cookie and oatmeal cookie, which would it be?",I like chocolate chip cookie more.
p11_q19_a03,p11,cookies,chocolate chip cookie,oatmeal cookie,q19,a03,"If you were to decide between chocolate chip cookie and oatmeal cookie, which would it be?",I would choose chocolate chip cookie.
p11_q19_a04,p11,cookies,chocolate chip cookie,oatmeal cookie,q19,a04,"If you were to decide between chocolate chip cookie and oatmeal cookie, which would it be?",My preference is chocolate chip cookie.
p11_q19_a05,p11,cookies,chocolate chip cookie,oatmeal cookie,q19,a05,"If you were to decide between chocolate chip cookie and oatmeal cookie, which would it be?",chocolate chip cookie appeals to me more.
p11_q19_a06,p11,cookies,chocolate chip cookie,oatmeal cookie,q19,a06,"If you were to decide between chocolate chip cookie and oatmeal cookie, which would it be?",I think chocolate chip cookie is better for me.
p11_q19_a07,p11,cookies,chocolate chip cookie,oatmeal cookie,q19,a07,"If you were to decide between chocolate chip cookie and oatmeal cookie, which would it be?",I lean toward chocolate chip cookie.
p11_q19_a08,p11,cookies,chocolate chip cookie,oatmeal cookie,q19,a08,"If you were to decide between chocolate chip cookie and oatmeal cookie, which would it be?",I would rather have chocolate chip cookie.
p11_q19_a09,p11,cookies,chocolate chip cookie,oatmeal cookie,q19,a09,"If you were to decide between chocolate chip cookie and oatmeal cookie, which would it be?",chocolate chip cookie suits me better.
p11_q19_a10,p11,cookies,chocolate chip cookie,oatmeal cookie,q19,a10,"If you were to decide between chocolate chip cookie and oatmeal cookie, which would it be?",I like chocolate chip cookie better.
p11_q19_a11,p11,cookies,chocolate chip cookie,oatmeal cookie,q19,a11,"If you were to decide between chocolate chip cookie and oatmeal cookie, which would it be?","Personally, I prefer chocolate chip cookie."
p11_q19_a12,p11,cookies,chocolate chip cookie,oatmeal cookie,q19,a12,"If you were to decide between chocolate chip cookie and oatmeal cookie, which would it be?",I would pick chocolate chip cookie.
p11_q19_a13,p11,cookies,chocolate chip cookie,oatmeal cookie,q19,a13,"If you were to decide between chocolate chip cookie and oatmeal cookie, which would it be?",I find chocolate chip cookie more appealing.
p11_q19_a14,p11,cookies,chocolate chip cookie,oatmeal cookie,q19,a14,"If you were to decide between chocolate chip cookie and oatmeal cookie, which would it be?",I choose chocolate chip cookie.
p11_q19_a15,p11,cookies,chocolate chip cookie,oatmeal cookie,q19,a15,"If you were to decide between chocolate chip cookie and oatmeal cookie, which would it be?",chocolate chip cookie fits me better.
p11_q19_a16,p11,cookies,chocolate chip cookie,oatmeal cookie,q19,a16,"If you were to decide between chocolate chip cookie and oatmeal cookie, which would it be?",I like chocolate chip cookie more overall.
p11_q19_a17,p11,cookies,chocolate chip cookie,oatmeal cookie,q19,a17,"If you were to decide between chocolate chip cookie and oatmeal cookie, which would it be?","If I must pick, it is chocolate chip cookie."
p11_q19_a18,p11,cookies,chocolate chip cookie,oatmeal cookie,q19,a18,"If you were to decide between chocolate chip cookie and oatmeal cookie, which would it be?",I would go with chocolate chip cookie.
p11_q19_a19,p11,cookies,chocolate chip cookie,oatmeal cookie,q19,a19,"If you were to decide between chocolate chip cookie and oatmeal cookie, which would it be?",I would decide on chocolate chip cookie.
p11_q19_a20,p11,cookies,chocolate chip cookie,oatmeal cookie,q19,a20,"If you were to decide between chocolate chip cookie and oatmeal cookie, which would it be?",I favor chocolate chip cookie.
p11_q20_a01,p11,cookies,chocolate chip cookie,oatmeal cookie,q20,a01,"Which of the two do you favor more, chocolate chip cookie or oatmeal cookie?",I prefer chocolate chip cookie.
p11_q20_a02,p11,cookies,chocolate chip cookie,oatmeal cookie,q20,a02,"Which of the two do you favor more, chocolate chip cookie or oatmeal cookie?",I like chocolate chip cookie more.
p11_q20_a03,p11,cookies,chocolate chip cookie,oatmeal cookie,q20,a03,"Which of the two do you favor more, chocolate chip cookie or oatmeal cookie?",I would choose chocolate chip cookie.
p11_q20_a04,p11,cookies,chocolate chip cookie,oatmeal cookie,q20,a04,"Which of the two do you favor more, chocolate chip cookie or oatmeal cookie?",My preference is chocolate chip cookie.
p11_q20_a05,p11,cookies,chocolate chip cookie,oatmeal cookie,q20,a05,"Which of the two do you favor more, chocolate chip cookie or oatmeal cookie?",chocolate chip cookie appeals to me more.
p11_q20_a06,p11,cookies,chocolate chip cookie,oatmeal cookie,q20,a06,"Which of the two do you favor more, chocolate chip cookie or oatmeal cookie?",I think chocolate chip cookie is better for me.
p11_q20_a07,p11,cookies,chocolate chip cookie,oatmeal cookie,q20,a07,"Which of the two do you favor more, chocolate chip cookie or oatmeal cookie?",I lean toward chocolate chip cookie.
p11_q20_a08,p11,cookies,chocolate chip cookie,oatmeal cookie,q20,a08,"Which of the two do you favor more, chocolate chip cookie or oatmeal cookie?",I would rather have chocolate chip cookie.
p11_q20_a09,p11,cookies,chocolate chip cookie,oatmeal cookie,q20,a09,"Which of the two do you favor more, chocolate chip cookie or oatmeal cookie?",chocolate chip cookie suits me better.
p11_q20_a10,p11,cookies,chocolate chip cookie,oatmeal cookie,q20,a10,"Which of the two do you favor more, chocolate chip cookie or oatmeal cookie?",I like chocolate chip cookie better.
p11_q20_a11,p11,cookies,chocolate chip cookie,oatmeal cookie,q20,a11,"Which of the two do you favor more, chocolate chip cookie or oatmeal cookie?","Personally, I prefer chocolate chip cookie."
p11_q20_a12,p11,cookies,chocolate chip cookie,oatmeal cookie,q20,a12,"Which of the two do you favor more, chocolate chip cookie or oatmeal cookie?",I would pick chocolate chip cookie.
p11_q20_a13,p11,cookies,chocolate chip cookie,oatmeal cookie,q20,a13,"Which of the two do you favor more, chocolate chip cookie or oatmeal cookie?",I find chocolate chip cookie more appealing.
p11_q20_a14,p11,cookies,chocolate chip cookie,oatmeal cookie,q20,a14,"Which of the two do you favor more, chocolate chip cookie or oatmeal cookie?",I choose chocolate chip cookie.
p11_q20_a15,p11,cookies,chocolate chip cookie,oatmeal cookie,q20,a15,"Which of the two do you favor more, chocolate chip cookie or oatmeal cookie?",chocolate chip cookie fits me better.
p11_q20_a16,p11,cookies,chocolate chip cookie,oatmeal cookie,q20,a16,"Which of the two do you favor more, chocolate chip cookie or oatmeal cookie?",I like chocolate chip cookie more overall.
p11_q20_a17,p11,cookies,chocolate chip cookie,oatmeal cookie,q20,a17,"Which of the two do you favor more, chocolate chip cookie or oatmeal cookie?","If I must pick, it is chocolate chip cookie."
p11_q20_a18,p11,cookies,chocolate chip cookie,oatmeal cookie,q20,a18,"Which of the two do you favor more, chocolate chip cookie or oatmeal cookie?",I would go with chocolate chip cookie.
p11_q20_a19,p11,cookies,chocolate chip cookie,oatmeal cookie,q20,a19,"Which of the two do you favor more, chocolate chip cookie or oatmeal cookie?",I would decide on chocolate chip cookie.
p11_q20_a20,p11,cookies,chocolate chip cookie,oatmeal cookie,q20,a20,"Which of the two do you favor more, chocolate chip cookie or oatmeal cookie?",I favor chocolate chip cookie.
p12_q01_a01,p12,cake,chocolate cake,vanilla cake,q01,a01,"Which do you like more, chocolate cake or vanilla cake?",I prefer chocolate cake.
p12_q01_a02,p12,cake,chocolate cake,vanilla cake,q01,a02,"Which do you like more, chocolate cake or vanilla cake?",I like chocolate cake more.
p12_q01_a03,p12,cake,chocolate cake,vanilla cake,q01,a03,"Which do you like more, chocolate cake or vanilla cake?",I would choose chocolate cake.
p12_q01_a04,p12,cake,chocolate cake,vanilla cake,q01,a04,"Which do you like more, chocolate cake or vanilla cake?",My preference is chocolate cake.
p12_q01_a05,p12,cake,chocolate cake,vanilla cake,q01,a05,"Which do you like more, chocolate cake or vanilla cake?",chocolate cake appeals to me more.
p12_q01_a06,p12,cake,chocolate cake,vanilla cake,q01,a06,"Which do you like more, chocolate cake or vanilla cake?",I think chocolate cake is better for me.
p12_q01_a07,p12,cake,chocolate cake,vanilla cake,q01,a07,"Which do you like more, chocolate cake or vanilla cake?",I lean toward chocolate cake.
p12_q01_a08,p12,cake,chocolate cake,vanilla cake,q01,a08,"Which do you like more, chocolate cake or vanilla cake?",I would rather have chocolate cake.
p12_q01_a09,p12,cake,chocolate cake,vanilla cake,q01,a09,"Which do you like more, chocolate cake or vanilla cake?",chocolate cake suits me better.
p12_q01_a10,p12,cake,chocolate cake,vanilla cake,q01,a10,"Which do you like more, chocolate cake or vanilla cake?",I like chocolate cake better.
p12_q01_a11,p12,cake,chocolate cake,vanilla cake,q01,a11,"Which do you like more, chocolate cake or vanilla cake?","Personally, I prefer chocolate cake."
p12_q01_a12,p12,cake,chocolate cake,vanilla cake,q01,a12,"Which do you like more, chocolate cake or vanilla cake?",I would pick chocolate cake.
p12_q01_a13,p12,cake,chocolate cake,vanilla cake,q01,a13,"Which do you like more, chocolate cake or vanilla cake?",I find chocolate cake more appealing.
p12_q01_a14,p12,cake,chocolate cake,vanilla cake,q01,a14,"Which do you like more, chocolate cake or vanilla cake?",I choose chocolate cake.
p12_q01_a15,p12,cake,chocolate cake,vanilla cake,q01,a15,"Which do you like more, chocolate cake or vanilla cake?",chocolate cake fits me better.
p12_q01_a16,p12,cake,chocolate cake,vanilla cake,q01,a16,"Which do you like more, chocolate cake or vanilla cake?",I like chocolate cake more overall.
p12_q01_a17,p12,cake,chocolate cake,vanilla cake,q01,a17,"Which do you like more, chocolate cake or vanilla cake?","If I must pick, it is chocolate cake."
p12_q01_a18,p12,cake,chocolate cake,vanilla cake,q01,a18,"Which do you like more, chocolate cake or vanilla cake?",I would go with chocolate cake.
p12_q01_a19,p12,cake,chocolate cake,vanilla cake,q01,a19,"Which do you like more, chocolate cake or vanilla cake?",I would decide on chocolate cake.
p12_q01_a20,p12,cake,chocolate cake,vanilla cake,q01,a20,"Which do you like more, chocolate cake or vanilla cake?",I favor chocolate cake.
p12_q02_a01,p12,cake,chocolate cake,vanilla cake,q02,a01,"Between chocolate cake and vanilla cake, which one do you prefer?",I prefer chocolate cake.
p12_q02_a02,p12,cake,chocolate cake,vanilla cake,q02,a02,"Between chocolate cake and vanilla cake, which one do you prefer?",I like chocolate cake more.
p12_q02_a03,p12,cake,chocolate cake,vanilla cake,q02,a03,"Between chocolate cake and vanilla cake, which one do you prefer?",I would choose chocolate cake.
p12_q02_a04,p12,cake,chocolate cake,vanilla cake,q02,a04,"Between chocolate cake and vanilla cake, which one do you prefer?",My preference is chocolate cake.
p12_q02_a05,p12,cake,chocolate cake,vanilla cake,q02,a05,"Between chocolate cake and vanilla cake, which one do you prefer?",chocolate cake appeals to me more.
p12_q02_a06,p12,cake,chocolate cake,vanilla cake,q02,a06,"Between chocolate cake and vanilla cake, which one do you prefer?",I think chocolate cake is better for me.
p12_q02_a07,p12,cake,chocolate cake,vanilla cake,q02,a07,"Between chocolate cake and vanilla cake, which one do you prefer?",I lean toward chocolate cake.
p12_q02_a08,p12,cake,chocolate cake,vanilla cake,q02,a08,"Between chocolate cake and vanilla cake, which one do you prefer?",I would rather have chocolate cake.
p12_q02_a09,p12,cake,chocolate cake,vanilla cake,q02,a09,"Between chocolate cake and vanilla cake, which one do you prefer?",chocolate cake suits me better.
p12_q02_a10,p12,cake,chocolate cake,vanilla cake,q02,a10,"Between chocolate cake and vanilla cake, which one do you prefer?",I like chocolate cake better.
p12_q02_a11,p12,cake,chocolate cake,vanilla cake,q02,a11,"Between chocolate cake and vanilla cake, which one do you prefer?","Personally, I prefer chocolate cake."
p12_q02_a12,p12,cake,chocolate cake,vanilla cake,q02,a12,"Between chocolate cake and vanilla cake, which one do you prefer?",I would pick chocolate cake.
p12_q02_a13,p12,cake,chocolate cake,vanilla cake,q02,a13,"Between chocolate cake and vanilla cake, which one do you prefer?",I find chocolate cake more appealing.
p12_q02_a14,p12,cake,chocolate cake,vanilla cake,q02,a14,"Between chocolate cake and vanilla cake, which one do you prefer?",I choose chocolate cake.
p12_q02_a15,p12,cake,chocolate cake,vanilla cake,q02,a15,"Between chocolate cake and vanilla cake, which one do you prefer?",chocolate cake fits me better.
p12_q02_a16,p12,cake,chocolate cake,vanilla cake,q02,a16,"Between chocolate cake and vanilla cake, which one do you prefer?",I like chocolate cake more overall.
p12_q02_a17,p12,cake,chocolate cake,vanilla cake,q02,a17,"Between chocolate cake and vanilla cake, which one do you prefer?","If I must pick, it is chocolate cake."
p12_q02_a18,p12,cake,chocolate cake,vanilla cake,q02,a18,"Between chocolate cake and vanilla cake, which one do you prefer?",I would go with chocolate cake.
p12_q02_a19,p12,cake,chocolate cake,vanilla cake,q02,a19,"Between chocolate cake and vanilla cake, which one do you prefer?",I would decide on chocolate cake.
p12_q02_a20,p12,cake,chocolate cake,vanilla cake,q02,a20,"Between chocolate cake and vanilla cake, which one do you prefer?",I favor chocolate cake.
p12_q03_a01,p12,cake,chocolate cake,vanilla cake,q03,a01,"If you had to choose, chocolate cake or vanilla cake?",I prefer chocolate cake.
p12_q03_a02,p12,cake,chocolate cake,vanilla cake,q03,a02,"If you had to choose, chocolate cake or vanilla cake?",I like chocolate cake more.
p12_q03_a03,p12,cake,chocolate cake,vanilla cake,q03,a03,"If you had to choose, chocolate cake or vanilla cake?",I would choose chocolate cake.
p12_q03_a04,p12,cake,chocolate cake,vanilla cake,q03,a04,"If you had to choose, chocolate cake or vanilla cake?",My preference is chocolate cake.
p12_q03_a05,p12,cake,chocolate cake,vanilla cake,q03,a05,"If you had to choose, chocolate cake or vanilla cake?",chocolate cake appeals to me more.
p12_q03_a06,p12,cake,chocolate cake,vanilla cake,q03,a06,"If you had to choose, chocolate cake or vanilla cake?",I think chocolate cake is better for me.
p12_q03_a07,p12,cake,chocolate cake,vanilla cake,q03,a07,"If you had to choose, chocolate cake or vanilla cake?",I lean toward chocolate cake.
p12_q03_a08,p12,cake,chocolate cake,vanilla cake,q03,a08,"If you had to choose, chocolate cake or vanilla cake?",I would rather have chocolate cake.
p12_q03_a09,p12,cake,chocolate cake,vanilla cake,q03,a09,"If you had to choose, chocolate cake or vanilla cake?",chocolate cake suits me better.
p12_q03_a10,p12,cake,chocolate cake,vanilla cake,q03,a10,"If you had to choose, chocolate cake or vanilla cake?",I like chocolate cake better.
p12_q03_a11,p12,cake,chocolate cake,vanilla cake,q03,a11,"If you had to choose, chocolate cake or vanilla cake?","Personally, I prefer chocolate cake."
p12_q03_a12,p12,cake,chocolate cake,vanilla cake,q03,a12,"If you had to choose, chocolate cake or vanilla cake?",I would pick chocolate cake.
p12_q03_a13,p12,cake,chocolate cake,vanilla cake,q03,a13,"If you had to choose, chocolate cake or vanilla cake?",I find chocolate cake more appealing.
p12_q03_a14,p12,cake,chocolate cake,vanilla cake,q03,a14,"If you had to choose, chocolate cake or vanilla cake?",I choose chocolate cake.
p12_q03_a15,p12,cake,chocolate cake,vanilla cake,q03,a15,"If you had to choose, chocolate cake or vanilla cake?",chocolate cake fits me better.
p12_q03_a16,p12,cake,chocolate cake,vanilla cake,q03,a16,"If you had to choose, chocolate cake or vanilla cake?",I like chocolate cake more overall.
p12_q03_a17,p12,cake,chocolate cake,vanilla cake,q03,a17,"If you had to choose, chocolate cake or vanilla cake?","If I must pick, it is chocolate cake."
p12_q03_a18,p12,cake,chocolate cake,vanilla cake,q03,a18,"If you had to choose, chocolate cake or vanilla cake?",I would go with chocolate cake.
p12_q03_a19,p12,cake,chocolate cake,vanilla cake,q03,a19,"If you had to choose, chocolate cake or vanilla cake?",I would decide on chocolate cake.
p12_q03_a20,p12,cake,chocolate cake,vanilla cake,q03,a20,"If you had to choose, chocolate cake or vanilla cake?",I favor chocolate cake.
p12_q04_a01,p12,cake,chocolate cake,vanilla cake,q04,a01,Do you favor chocolate cake over vanilla cake?,I prefer chocolate cake.
p12_q04_a02,p12,cake,chocolate cake,vanilla cake,q04,a02,Do you favor chocolate cake over vanilla cake?,I like chocolate cake more.
p12_q04_a03,p12,cake,chocolate cake,vanilla cake,q04,a03,Do you favor chocolate cake over vanilla cake?,I would choose chocolate cake.
p12_q04_a04,p12,cake,chocolate cake,vanilla cake,q04,a04,Do you favor chocolate cake over vanilla cake?,My preference is chocolate cake.
p12_q04_a05,p12,cake,chocolate cake,vanilla cake,q04,a05,Do you favor chocolate cake over vanilla cake?,chocolate cake appeals to me more.
p12_q04_a06,p12,cake,chocolate cake,vanilla cake,q04,a06,Do you favor chocolate cake over vanilla cake?,I think chocolate cake is better for me.
p12_q04_a07,p12,cake,chocolate cake,vanilla cake,q04,a07,Do you favor chocolate cake over vanilla cake?,I lean toward chocolate cake.
p12_q04_a08,p12,cake,chocolate cake,vanilla cake,q04,a08,Do you favor chocolate cake over vanilla cake?,I would rather have chocolate cake.
p12_q04_a09,p12,cake,chocolate cake,vanilla cake,q04,a09,Do you favor chocolate cake over vanilla cake?,chocolate cake suits me better.
p12_q04_a10,p12,cake,chocolate cake,vanilla cake,q04,a10,Do you favor chocolate cake over vanilla cake?,I like chocolate cake better.
p12_q04_a11,p12,cake,chocolate cake,vanilla cake,q04,a11,Do you favor chocolate cake over vanilla cake?,"Personally, I prefer chocolate cake."
p12_q04_a12,p12,cake,chocolate cake,vanilla cake,q04,a12,Do you favor chocolate cake over vanilla cake?,I would pick chocolate cake.
p12_q04_a13,p12,cake,chocolate cake,vanilla cake,q04,a13,Do you favor chocolate cake over vanilla cake?,I find chocolate cake more appealing.
p12_q04_a14,p12,cake,chocolate cake,vanilla cake,q04,a14,Do you favor chocolate cake over vanilla cake?,I choose chocolate cake.
p12_q04_a15,p12,cake,chocolate cake,vanilla cake,q04,a15,Do you favor chocolate cake over vanilla cake?,chocolate cake fits me better.
p12_q04_a16,p12,cake,chocolate cake,vanilla cake,q04,a16,Do you favor chocolate cake over vanilla cake?,I like chocolate cake more overall.
p12_q04_a17,p12,cake,chocolate cake,vanilla cake,q04,a17,Do you favor chocolate cake over vanilla cake?,"If I must pick, it is chocolate cake."
p12_q04_a18,p12,cake,chocolate cake,vanilla cake,q04,a18,Do you favor chocolate cake over vanilla cake?,I would go with chocolate cake.
p12_q04_a19,p12,cake,chocolate cake,vanilla cake,q04,a19,Do you favor chocolate cake over vanilla cake?,I would decide on chocolate cake.
p12_q04_a20,p12,cake,chocolate cake,vanilla cake,q04,a20,Do you favor chocolate cake over vanilla cake?,I favor chocolate cake.
p12_q05_a01,p12,cake,chocolate cake,vanilla cake,q05,a01,"Which option appeals to you more, chocolate cake or vanilla cake?",I prefer chocolate cake.
p12_q05_a02,p12,cake,chocolate cake,vanilla cake,q05,a02,"Which option appeals to you more, chocolate cake or vanilla cake?",I like chocolate cake more.
p12_q05_a03,p12,cake,chocolate cake,vanilla cake,q05,a03,"Which option appeals to you more, chocolate cake or vanilla cake?",I would choose chocolate cake.
p12_q05_a04,p12,cake,chocolate cake,vanilla cake,q05,a04,"Which option appeals to you more, chocolate cake or vanilla cake?",My preference is chocolate cake.
p12_q05_a05,p12,cake,chocolate cake,vanilla cake,q05,a05,"Which option appeals to you more, chocolate cake or vanilla cake?",chocolate cake appeals to me more.
p12_q05_a06,p12,cake,chocolate cake,vanilla cake,q05,a06,"Which option appeals to you more, chocolate cake or vanilla cake?",I think chocolate cake is better for me.
p12_q05_a07,p12,cake,chocolate cake,vanilla cake,q05,a07,"Which option appeals to you more, chocolate cake or vanilla cake?",I lean toward chocolate cake.
p12_q05_a08,p12,cake,chocolate cake,vanilla cake,q05,a08,"Which option appeals to you more, chocolate cake or vanilla cake?",I would rather have chocolate cake.
p12_q05_a09,p12,cake,chocolate cake,vanilla cake,q05,a09,"Which option appeals to you more, chocolate cake or vanilla cake?",chocolate cake suits me better.
p12_q05_a10,p12,cake,chocolate cake,vanilla cake,q05,a10,"Which option appeals to you more, chocolate cake or vanilla cake?",I like chocolate cake better.
p12_q05_a11,p12,cake,chocolate cake,vanilla cake,q05,a11,"Which option appeals to you more, chocolate cake or vanilla cake?","Personally, I prefer chocolate cake."
p12_q05_a12,p12,cake,chocolate cake,vanilla cake,q05,a12,"Which option appeals to you more, chocolate cake or vanilla cake?",I would pick chocolate cake.
p12_q05_a13,p12,cake,chocolate cake,vanilla cake,q05,a13,"Which option appeals to you more, chocolate cake or vanilla cake?",I find chocolate cake more appealing.
p12_q05_a14,p12,cake,chocolate cake,vanilla cake,q05,a14,"Which option appeals to you more, chocolate cake or vanilla cake?",I choose chocolate cake.
p12_q05_a15,p12,cake,chocolate cake,vanilla cake,q05,a15,"Which option appeals to you more, chocolate cake or vanilla cake?",chocolate cake fits me better.
p12_q05_a16,p12,cake,chocolate cake,vanilla cake,q05,a16,"Which option appeals to you more, chocolate cake or vanilla cake?",I like chocolate cake more overall.
p12_q05_a17,p12,cake,chocolate cake,vanilla cake,q05,a17,"Which option appeals to you more, chocolate cake or vanilla cake?","If I must pick, it is chocolate cake."
p12_q05_a18,p12,cake,chocolate cake,vanilla cake,q05,a18,"Which option appeals to you more, chocolate cake or vanilla cake?",I would go with chocolate cake.
p12_q05_a19,p12,cake,chocolate cake,vanilla cake,q05,a19,"Which option appeals to you more, chocolate cake or vanilla cake?",I would decide on chocolate cake.
p12_q05_a20,p12,cake,chocolate cake,vanilla cake,q05,a20,"Which option appeals to you more, chocolate cake or vanilla cake?",I favor chocolate cake.
p12_q06_a01,p12,cake,chocolate cake,vanilla cake,q06,a01,"Which do you think is better, chocolate cake or vanilla cake?",I prefer chocolate cake.
p12_q06_a02,p12,cake,chocolate cake,vanilla cake,q06,a02,"Which do you think is better, chocolate cake or vanilla cake?",I like chocolate cake more.
p12_q06_a03,p12,cake,chocolate cake,vanilla cake,q06,a03,"Which do you think is better, chocolate cake or vanilla cake?",I would choose chocolate cake.
p12_q06_a04,p12,cake,chocolate cake,vanilla cake,q06,a04,"Which do you think is better, chocolate cake or vanilla cake?",My preference is chocolate cake.
p12_q06_a05,p12,cake,chocolate cake,vanilla cake,q06,a05,"Which do you think is better, chocolate cake or vanilla cake?",chocolate cake appeals to me more.
p12_q06_a06,p12,cake,chocolate cake,vanilla cake,q06,a06,"Which do you think is better, chocolate cake or vanilla cake?",I think chocolate cake is better for me.
p12_q06_a07,p12,cake,chocolate cake,vanilla cake,q06,a07,"Which do you think is better, chocolate cake or vanilla cake?",I lean toward chocolate cake.
p12_q06_a08,p12,cake,chocolate cake,vanilla cake,q06,a08,"Which do you think is better, chocolate cake or vanilla cake?",I would rather have chocolate cake.
p12_q06_a09,p12,cake,chocolate cake,vanilla cake,q06,a09,"Which do you think is better, chocolate cake or vanilla cake?",chocolate cake suits me better.
p12_q06_a10,p12,cake,chocolate cake,vanilla cake,q06,a10,"Which do you think is better, chocolate cake or vanilla cake?",I like chocolate cake better.
p12_q06_a11,p12,cake,chocolate cake,vanilla cake,q06,a11,"Which do you think is better, chocolate cake or vanilla cake?","Personally, I prefer chocolate cake."
p12_q06_a12,p12,cake,chocolate cake,vanilla cake,q06,a12,"Which do you think is better, chocolate cake or vanilla cake?",I would pick chocolate cake.
p12_q06_a13,p12,cake,chocolate cake,vanilla cake,q06,a13,"Which do you think is better, chocolate cake or vanilla cake?",I find chocolate cake more appealing.
p12_q06_a14,p12,cake,chocolate cake,vanilla cake,q06,a14,"Which do you think is better, chocolate cake or vanilla cake?",I choose chocolate cake.
p12_q06_a15,p12,cake,chocolate cake,vanilla cake,q06,a15,"Which do you think is better, chocolate cake or vanilla cake?",chocolate cake fits me better.
p12_q06_a16,p12,cake,chocolate cake,vanilla cake,q06,a16,"Which do you think is better, chocolate cake or vanilla cake?",I like chocolate cake more overall.
p12_q06_a17,p12,cake,chocolate cake,vanilla cake,q06,a17,"Which do you think is better, chocolate cake or vanilla cake?","If I must pick, it is chocolate cake."
p12_q06_a18,p12,cake,chocolate cake,vanilla cake,q06,a18,"Which do you think is better, chocolate cake or vanilla cake?",I would go with chocolate cake.
p12_q06_a19,p12,cake,chocolate cake,vanilla cake,q06,a19,"Which do you think is better, chocolate cake or vanilla cake?",I would decide on chocolate cake.
p12_q06_a20,p12,cake,chocolate cake,vanilla cake,q06,a20,"Which do you think is better, chocolate cake or vanilla cake?",I favor chocolate cake.
p12_q07_a01,p12,cake,chocolate cake,vanilla cake,q07,a01,"If you compare chocolate cake with vanilla cake, which do you lean toward?",I prefer chocolate cake.
p12_q07_a02,p12,cake,chocolate cake,vanilla cake,q07,a02,"If you compare chocolate cake with vanilla cake, which do you lean toward?",I like chocolate cake more.
p12_q07_a03,p12,cake,chocolate cake,vanilla cake,q07,a03,"If you compare chocolate cake with vanilla cake, which do you lean toward?",I would choose chocolate cake.
p12_q07_a04,p12,cake,chocolate cake,vanilla cake,q07,a04,"If you compare chocolate cake with vanilla cake, which do you lean toward?",My preference is chocolate cake.
p12_q07_a05,p12,cake,chocolate cake,vanilla cake,q07,a05,"If you compare chocolate cake with vanilla cake, which do you lean toward?",chocolate cake appeals to me more.
p12_q07_a06,p12,cake,chocolate cake,vanilla cake,q07,a06,"If you compare chocolate cake with vanilla cake, which do you lean toward?",I think chocolate cake is better for me.
p12_q07_a07,p12,cake,chocolate cake,vanilla cake,q07,a07,"If you compare chocolate cake with vanilla cake, which do you lean toward?",I lean toward chocolate cake.
p12_q07_a08,p12,cake,chocolate cake,vanilla cake,q07,a08,"If you compare chocolate cake with vanilla cake, which do you lean toward?",I would rather have chocolate cake.
p12_q07_a09,p12,cake,chocolate cake,vanilla cake,q07,a09,"If you compare chocolate cake with vanilla cake, which do you lean toward?",chocolate cake suits me better.
p12_q07_a10,p12,cake,chocolate cake,vanilla cake,q07,a10,"If you compare chocolate cake with vanilla cake, which do you lean toward?",I like chocolate cake better.
p12_q07_a11,p12,cake,chocolate cake,vanilla cake,q07,a11,"If you compare chocolate cake with vanilla cake, which do you lean toward?","Personally, I prefer chocolate cake."
p12_q07_a12,p12,cake,chocolate cake,vanilla cake,q07,a12,"If you compare chocolate cake with vanilla cake, which do you lean toward?",I would pick chocolate cake.
p12_q07_a13,p12,cake,chocolate cake,vanilla cake,q07,a13,"If you compare chocolate cake with vanilla cake, which do you lean toward?",I find chocolate cake more appealing.
p12_q07_a14,p12,cake,chocolate cake,vanilla cake,q07,a14,"If you compare chocolate cake with vanilla cake, which do you lean toward?",I choose chocolate cake.
p12_q07_a15,p12,cake,chocolate cake,vanilla cake,q07,a15,"If you compare chocolate cake with vanilla cake, which do you lean toward?",chocolate cake fits me better.
p12_q07_a16,p12,cake,chocolate cake,vanilla cake,q07,a16,"If you compare chocolate cake with vanilla cake, which do you lean toward?",I like chocolate cake more overall.
p12_q07_a17,p12,cake,chocolate cake,vanilla cake,q07,a17,"If you compare chocolate cake with vanilla cake, which do you lean toward?","If I must pick, it is chocolate cake."
p12_q07_a18,p12,cake,chocolate cake,vanilla cake,q07,a18,"If you compare chocolate cake with vanilla cake, which do you lean toward?",I would go with chocolate cake.
p12_q07_a19,p12,cake,chocolate cake,vanilla cake,q07,a19,"If you compare chocolate cake with vanilla cake, which do you lean toward?",I would decide on chocolate cake.
p12_q07_a20,p12,cake,chocolate cake,vanilla cake,q07,a20,"If you compare chocolate cake with vanilla cake, which do you lean toward?",I favor chocolate cake.
p12_q08_a01,p12,cake,chocolate cake,vanilla cake,q08,a01,"Which would you rather have, chocolate cake or vanilla cake?",I prefer chocolate cake.
p12_q08_a02,p12,cake,chocolate cake,vanilla cake,q08,a02,"Which would you rather have, chocolate cake or vanilla cake?",I like chocolate cake more.
p12_q08_a03,p12,cake,chocolate cake,vanilla cake,q08,a03,"Which would you rather have, chocolate cake or vanilla cake?",I would choose chocolate cake.
p12_q08_a04,p12,cake,chocolate cake,vanilla cake,q08,a04,"Which would you rather have, chocolate cake or vanilla cake?",My preference is chocolate cake.
p12_q08_a05,p12,cake,chocolate cake,vanilla cake,q08,a05,"Which would you rather have, chocolate cake or vanilla cake?",chocolate cake appeals to me more.
p12_q08_a06,p12,cake,chocolate cake,vanilla cake,q08,a06,"Which would you rather have, chocolate cake or vanilla cake?",I think chocolate cake is better for me.
p12_q08_a07,p12,cake,chocolate cake,vanilla cake,q08,a07,"Which would you rather have, chocolate cake or vanilla cake?",I lean toward chocolate cake.
p12_q08_a08,p12,cake,chocolate cake,vanilla cake,q08,a08,"Which would you rather have, chocolate cake or vanilla cake?",I would rather have chocolate cake.
p12_q08_a09,p12,cake,chocolate cake,vanilla cake,q08,a09,"Which would you rather have, chocolate cake or vanilla cake?",chocolate cake suits me better.
p12_q08_a10,p12,cake,chocolate cake,vanilla cake,q08,a10,"Which would you rather have, chocolate cake or vanilla cake?",I like chocolate cake better.
p12_q08_a11,p12,cake,chocolate cake,vanilla cake,q08,a11,"Which would you rather have, chocolate cake or vanilla cake?","Personally, I prefer chocolate cake."
p12_q08_a12,p12,cake,chocolate cake,vanilla cake,q08,a12,"Which would you rather have, chocolate cake or vanilla cake?",I would pick chocolate cake.
p12_q08_a13,p12,cake,chocolate cake,vanilla cake,q08,a13,"Which would you rather have, chocolate cake or vanilla cake?",I find chocolate cake more appealing.
p12_q08_a14,p12,cake,chocolate cake,vanilla cake,q08,a14,"Which would you rather have, chocolate cake or vanilla cake?",I choose chocolate cake.
p12_q08_a15,p12,cake,chocolate cake,vanilla cake,q08,a15,"Which would you rather have, chocolate cake or vanilla cake?",chocolate cake fits me better.
p12_q08_a16,p12,cake,chocolate cake,vanilla cake,q08,a16,"Which would you rather have, chocolate cake or vanilla cake?",I like chocolate cake more overall.
p12_q08_a17,p12,cake,chocolate cake,vanilla cake,q08,a17,"Which would you rather have, chocolate cake or vanilla cake?","If I must pick, it is chocolate cake."
p12_q08_a18,p12,cake,chocolate cake,vanilla cake,q08,a18,"Which would you rather have, chocolate cake or vanilla cake?",I would go with chocolate cake.
p12_q08_a19,p12,cake,chocolate cake,vanilla cake,q08,a19,"Which would you rather have, chocolate cake or vanilla cake?",I would decide on chocolate cake.
p12_q08_a20,p12,cake,chocolate cake,vanilla cake,q08,a20,"Which would you rather have, chocolate cake or vanilla cake?",I favor chocolate cake.
p12_q09_a01,p12,cake,chocolate cake,vanilla cake,q09,a01,"Between chocolate cake and vanilla cake, which one suits you better?",I prefer chocolate cake.
p12_q09_a02,p12,cake,chocolate cake,vanilla cake,q09,a02,"Between chocolate cake and vanilla cake, which one suits you better?",I like chocolate cake more.
p12_q09_a03,p12,cake,chocolate cake,vanilla cake,q09,a03,"Between chocolate cake and vanilla cake, which one suits you better?",I would choose chocolate cake.
p12_q09_a04,p12,cake,chocolate cake,vanilla cake,q09,a04,"Between chocolate cake and vanilla cake, which one suits you better?",My preference is chocolate cake.
p12_q09_a05,p12,cake,chocolate cake,vanilla cake,q09,a05,"Between chocolate cake and vanilla cake, which one suits you better?",chocolate cake appeals to me more.
p12_q09_a06,p12,cake,chocolate cake,vanilla cake,q09,a06,"Between chocolate cake and vanilla cake, which one suits you better?",I think chocolate cake is better for me.
p12_q09_a07,p12,cake,chocolate cake,vanilla cake,q09,a07,"Between chocolate cake and vanilla cake, which one suits you better?",I lean toward chocolate cake.
p12_q09_a08,p12,cake,chocolate cake,vanilla cake,q09,a08,"Between chocolate cake and vanilla cake, which one suits you better?",I would rather have chocolate cake.
p12_q09_a09,p12,cake,chocolate cake,vanilla cake,q09,a09,"Between chocolate cake and vanilla cake, which one suits you better?",chocolate cake suits me better.
p12_q09_a10,p12,cake,chocolate cake,vanilla cake,q09,a10,"Between chocolate cake and vanilla cake, which one suits you better?",I like chocolate cake better.
p12_q09_a11,p12,cake,chocolate cake,vanilla cake,q09,a11,"Between chocolate cake and vanilla cake, which one suits you better?","Personally, I prefer chocolate cake."
p12_q09_a12,p12,cake,chocolate cake,vanilla cake,q09,a12,"Between chocolate cake and vanilla cake, which one suits you better?",I would pick chocolate cake.
p12_q09_a13,p12,cake,chocolate cake,vanilla cake,q09,a13,"Between chocolate cake and vanilla cake, which one suits you better?",I find chocolate cake more appealing.
p12_q09_a14,p12,cake,chocolate cake,vanilla cake,q09,a14,"Between chocolate cake and vanilla cake, which one suits you better?",I choose chocolate cake.
p12_q09_a15,p12,cake,chocolate cake,vanilla cake,q09,a15,"Between chocolate cake and vanilla cake, which one suits you better?",chocolate cake fits me better.
p12_q09_a16,p12,cake,chocolate cake,vanilla cake,q09,a16,"Between chocolate cake and vanilla cake, which one suits you better?",I like chocolate cake more overall.
p12_q09_a17,p12,cake,chocolate cake,vanilla cake,q09,a17,"Between chocolate cake and vanilla cake, which one suits you better?","If I must pick, it is chocolate cake."
p12_q09_a18,p12,cake,chocolate cake,vanilla cake,q09,a18,"Between chocolate cake and vanilla cake, which one suits you better?",I would go with chocolate cake.
p12_q09_a19,p12,cake,chocolate cake,vanilla cake,q09,a19,"Between chocolate cake and vanilla cake, which one suits you better?",I would decide on chocolate cake.
p12_q09_a20,p12,cake,chocolate cake,vanilla cake,q09,a20,"Between chocolate cake and vanilla cake, which one suits you better?",I favor chocolate cake.
p12_q10_a01,p12,cake,chocolate cake,vanilla cake,q10,a01,Do you like chocolate cake more than vanilla cake?,I prefer chocolate cake.
p12_q10_a02,p12,cake,chocolate cake,vanilla cake,q10,a02,Do you like chocolate cake more than vanilla cake?,I like chocolate cake more.
p12_q10_a03,p12,cake,chocolate cake,vanilla cake,q10,a03,Do you like chocolate cake more than vanilla cake?,I would choose chocolate cake.
p12_q10_a04,p12,cake,chocolate cake,vanilla cake,q10,a04,Do you like chocolate cake more than vanilla cake?,My preference is chocolate cake.
p12_q10_a05,p12,cake,chocolate cake,vanilla cake,q10,a05,Do you like chocolate cake more than vanilla cake?,chocolate cake appeals to me more.
p12_q10_a06,p12,cake,chocolate cake,vanilla cake,q10,a06,Do you like chocolate cake more than vanilla cake?,I think chocolate cake is better for me.
p12_q10_a07,p12,cake,chocolate cake,vanilla cake,q10,a07,Do you like chocolate cake more than vanilla cake?,I lean toward chocolate cake.
p12_q10_a08,p12,cake,chocolate cake,vanilla cake,q10,a08,Do you like chocolate cake more than vanilla cake?,I would rather have chocolate cake.
p12_q10_a09,p12,cake,chocolate cake,vanilla cake,q10,a09,Do you like chocolate cake more than vanilla cake?,chocolate cake suits me better.
p12_q10_a10,p12,cake,chocolate cake,vanilla cake,q10,a10,Do you like chocolate cake more than vanilla cake?,I like chocolate cake better.
p12_q10_a11,p12,cake,chocolate cake,vanilla cake,q10,a11,Do you like chocolate cake more than vanilla cake?,"Personally, I prefer chocolate cake."
p12_q10_a12,p12,cake,chocolate cake,vanilla cake,q10,a12,Do you like chocolate cake more than vanilla cake?,I would pick chocolate cake.
p12_q10_a13,p12,cake,chocolate cake,vanilla cake,q10,a13,Do you like chocolate cake more than vanilla cake?,I find chocolate cake more appealing.
p12_q10_a14,p12,cake,chocolate cake,vanilla cake,q10,a14,Do you like chocolate cake more than vanilla cake?,I choose chocolate cake.
p12_q10_a15,p12,cake,chocolate cake,vanilla cake,q10,a15,Do you like chocolate cake more than vanilla cake?,chocolate cake fits me better.
p12_q10_a16,p12,cake,chocolate cake,vanilla cake,q10,a16,Do you like chocolate cake more than vanilla cake?,I like chocolate cake more overall.
p12_q10_a17,p12,cake,chocolate cake,vanilla cake,q10,a17,Do you like chocolate cake more than vanilla cake?,"If I must pick, it is chocolate cake."
p12_q10_a18,p12,cake,chocolate cake,vanilla cake,q10,a18,Do you like chocolate cake more than vanilla cake?,I would go with chocolate cake.
p12_q10_a19,p12,cake,chocolate cake,vanilla cake,q10,a19,Do you like chocolate cake more than vanilla cake?,I would decide on chocolate cake.
p12_q10_a20,p12,cake,chocolate cake,vanilla cake,q10,a20,Do you like chocolate cake more than vanilla cake?,I favor chocolate cake.
p12_q11_a01,p12,cake,chocolate cake,vanilla cake,q11,a01,"Which option do you personally prefer, chocolate cake or vanilla cake?",I prefer chocolate cake.
p12_q11_a02,p12,cake,chocolate cake,vanilla cake,q11,a02,"Which option do you personally prefer, chocolate cake or vanilla cake?",I like chocolate cake more.
p12_q11_a03,p12,cake,chocolate cake,vanilla cake,q11,a03,"Which option do you personally prefer, chocolate cake or vanilla cake?",I would choose chocolate cake.
p12_q11_a04,p12,cake,chocolate cake,vanilla cake,q11,a04,"Which option do you personally prefer, chocolate cake or vanilla cake?",My preference is chocolate cake.
p12_q11_a05,p12,cake,chocolate cake,vanilla cake,q11,a05,"Which option do you personally prefer, chocolate cake or vanilla cake?",chocolate cake appeals to me more.
p12_q11_a06,p12,cake,chocolate cake,vanilla cake,q11,a06,"Which option do you personally prefer, chocolate cake or vanilla cake?",I think chocolate cake is better for me.
p12_q11_a07,p12,cake,chocolate cake,vanilla cake,q11,a07,"Which option do you personally prefer, chocolate cake or vanilla cake?",I lean toward chocolate cake.
p12_q11_a08,p12,cake,chocolate cake,vanilla cake,q11,a08,"Which option do you personally prefer, chocolate cake or vanilla cake?",I would rather have chocolate cake.
p12_q11_a09,p12,cake,chocolate cake,vanilla cake,q11,a09,"Which option do you personally prefer, chocolate cake or vanilla cake?",chocolate cake suits me better.
p12_q11_a10,p12,cake,chocolate cake,vanilla cake,q11,a10,"Which option do you personally prefer, chocolate cake or vanilla cake?",I like chocolate cake better.
p12_q11_a11,p12,cake,chocolate cake,vanilla cake,q11,a11,"Which option do you personally prefer, chocolate cake or vanilla cake?","Personally, I prefer chocolate cake."
p12_q11_a12,p12,cake,chocolate cake,vanilla cake,q11,a12,"Which option do you personally prefer, chocolate cake or vanilla cake?",I would pick chocolate cake.
p12_q11_a13,p12,cake,chocolate cake,vanilla cake,q11,a13,"Which option do you personally prefer, chocolate cake or vanilla cake?",I find chocolate cake more appealing.
p12_q11_a14,p12,cake,chocolate cake,vanilla cake,q11,a14,"Which option do you personally prefer, chocolate cake or vanilla cake?",I choose chocolate cake.
p12_q11_a15,p12,cake,chocolate cake,vanilla cake,q11,a15,"Which option do you personally prefer, chocolate cake or vanilla cake?",chocolate cake fits me better.
p12_q11_a16,p12,cake,chocolate cake,vanilla cake,q11,a16,"Which option do you personally prefer, chocolate cake or vanilla cake?",I like chocolate cake more overall.
p12_q11_a17,p12,cake,chocolate cake,vanilla cake,q11,a17,"Which option do you personally prefer, chocolate cake or vanilla cake?","If I must pick, it is chocolate cake."
p12_q11_a18,p12,cake,chocolate cake,vanilla cake,q11,a18,"Which option do you personally prefer, chocolate cake or vanilla cake?",I would go with chocolate cake.
p12_q11_a19,p12,cake,chocolate cake,vanilla cake,q11,a19,"Which option do you personally prefer, chocolate cake or vanilla cake?",I would decide on chocolate cake.
p12_q11_a20,p12,cake,chocolate cake,vanilla cake,q11,a20,"Which option do you personally prefer, chocolate cake or vanilla cake?",I favor chocolate cake.
p12_q12_a01,p12,cake,chocolate cake,vanilla cake,q12,a01,"If asked to pick one, chocolate cake or vanilla cake, what would you pick?",I prefer chocolate cake.
p12_q12_a02,p12,cake,chocolate cake,vanilla cake,q12,a02,"If asked to pick one, chocolate cake or vanilla cake, what would you pick?",I like chocolate cake more.
p12_q12_a03,p12,cake,chocolate cake,vanilla cake,q12,a03,"If asked to pick one, chocolate cake or vanilla cake, what would you pick?",I would choose chocolate cake.
p12_q12_a04,p12,cake,chocolate cake,vanilla cake,q12,a04,"If asked to pick one, chocolate cake or vanilla cake, what would you pick?",My preference is chocolate cake.
p12_q12_a05,p12,cake,chocolate cake,vanilla cake,q12,a05,"If asked to pick one, chocolate cake or vanilla cake, what would you pick?",chocolate cake appeals to me more.
p12_q12_a06,p12,cake,chocolate cake,vanilla cake,q12,a06,"If asked to pick one, chocolate cake or vanilla cake, what would you pick?",I think chocolate cake is better for me.
p12_q12_a07,p12,cake,chocolate cake,vanilla cake,q12,a07,"If asked to pick one, chocolate cake or vanilla cake, what would you pick?",I lean toward chocolate cake.
p12_q12_a08,p12,cake,chocolate cake,vanilla cake,q12,a08,"If asked to pick one, chocolate cake or vanilla cake, what would you pick?",I would rather have chocolate cake.
p12_q12_a09,p12,cake,chocolate cake,vanilla cake,q12,a09,"If asked to pick one, chocolate cake or vanilla cake, what would you pick?",chocolate cake suits me better.
p12_q12_a10,p12,cake,chocolate cake,vanilla cake,q12,a10,"If asked to pick one, chocolate cake or vanilla cake, what would you pick?",I like chocolate cake better.
p12_q12_a11,p12,cake,chocolate cake,vanilla cake,q12,a11,"If asked to pick one, chocolate cake or vanilla cake, what would you pick?","Personally, I prefer chocolate cake."
p12_q12_a12,p12,cake,chocolate cake,vanilla cake,q12,a12,"If asked to pick one, chocolate cake or vanilla cake, what would you pick?",I would pick chocolate cake.
p12_q12_a13,p12,cake,chocolate cake,vanilla cake,q12,a13,"If asked to pick one, chocolate cake or vanilla cake, what would you pick?",I find chocolate cake more appealing.
p12_q12_a14,p12,cake,chocolate cake,vanilla cake,q12,a14,"If asked to pick one, chocolate cake or vanilla cake, what would you pick?",I choose chocolate cake.
p12_q12_a15,p12,cake,chocolate cake,vanilla cake,q12,a15,"If asked to pick one, chocolate cake or vanilla cake, what would you pick?",chocolate cake fits me better.
p12_q12_a16,p12,cake,chocolate cake,vanilla cake,q12,a16,"If asked to pick one, chocolate cake or vanilla cake, what would you pick?",I like chocolate cake more overall.
p12_q12_a17,p12,cake,chocolate cake,vanilla cake,q12,a17,"If asked to pick one, chocolate cake or vanilla cake, what would you pick?","If I must pick, it is chocolate cake."
p12_q12_a18,p12,cake,chocolate cake,vanilla cake,q12,a18,"If asked to pick one, chocolate cake or vanilla cake, what would you pick?",I would go with chocolate cake.
p12_q12_a19,p12,cake,chocolate cake,vanilla cake,q12,a19,"If asked to pick one, chocolate cake or vanilla cake, what would you pick?",I would decide on chocolate cake.
p12_q12_a20,p12,cake,chocolate cake,vanilla cake,q12,a20,"If asked to pick one, chocolate cake or vanilla cake, what would you pick?",I favor chocolate cake.
p12_q13_a01,p12,cake,chocolate cake,vanilla cake,q13,a01,"Which do you find more appealing, chocolate cake or vanilla cake?",I prefer chocolate cake.
p12_q13_a02,p12,cake,chocolate cake,vanilla cake,q13,a02,"Which do you find more appealing, chocolate cake or vanilla cake?",I like chocolate cake more.
p12_q13_a03,p12,cake,chocolate cake,vanilla cake,q13,a03,"Which do you find more appealing, chocolate cake or vanilla cake?",I would choose chocolate cake.
p12_q13_a04,p12,cake,chocolate cake,vanilla cake,q13,a04,"Which do you find more appealing, chocolate cake or vanilla cake?",My preference is chocolate cake.
p12_q13_a05,p12,cake,chocolate cake,vanilla cake,q13,a05,"Which do you find more appealing, chocolate cake or vanilla cake?",chocolate cake appeals to me more.
p12_q13_a06,p12,cake,chocolate cake,vanilla cake,q13,a06,"Which do you find more appealing, chocolate cake or vanilla cake?",I think chocolate cake is better for me.
p12_q13_a07,p12,cake,chocolate cake,vanilla cake,q13,a07,"Which do you find more appealing, chocolate cake or vanilla cake?",I lean toward chocolate cake.
p12_q13_a08,p12,cake,chocolate cake,vanilla cake,q13,a08,"Which do you find more appealing, chocolate cake or vanilla cake?",I would rather have chocolate cake.
p12_q13_a09,p12,cake,chocolate cake,vanilla cake,q13,a09,"Which do you find more appealing, chocolate cake or vanilla cake?",chocolate cake suits me better.
p12_q13_a10,p12,cake,chocolate cake,vanilla cake,q13,a10,"Which do you find more appealing, chocolate cake or vanilla cake?",I like chocolate cake better.
p12_q13_a11,p12,cake,chocolate cake,vanilla cake,q13,a11,"Which do you find more appealing, chocolate cake or vanilla cake?","Personally, I prefer chocolate cake."
p12_q13_a12,p12,cake,chocolate cake,vanilla cake,q13,a12,"Which do you find more appealing, chocolate cake or vanilla cake?",I would pick chocolate cake.
p12_q13_a13,p12,cake,chocolate cake,vanilla cake,q13,a13,"Which do you find more appealing, chocolate cake or vanilla cake?",I find chocolate cake more appealing.
p12_q13_a14,p12,cake,chocolate cake,vanilla cake,q13,a14,"Which do you find more appealing, chocolate cake or vanilla cake?",I choose chocolate cake.
p12_q13_a15,p12,cake,chocolate cake,vanilla cake,q13,a15,"Which do you find more appealing, chocolate cake or vanilla cake?",chocolate cake fits me better.
p12_q13_a16,p12,cake,chocolate cake,vanilla cake,q13,a16,"Which do you find more appealing, chocolate cake or vanilla cake?",I like chocolate cake more overall.
p12_q13_a17,p12,cake,chocolate cake,vanilla cake,q13,a17,"Which do you find more appealing, chocolate cake or vanilla cake?","If I must pick, it is chocolate cake."
p12_q13_a18,p12,cake,chocolate cake,vanilla cake,q13,a18,"Which do you find more appealing, chocolate cake or vanilla cake?",I would go with chocolate cake.
p12_q13_a19,p12,cake,chocolate cake,vanilla cake,q13,a19,"Which do you find more appealing, chocolate cake or vanilla cake?",I would decide on chocolate cake.
p12_q13_a20,p12,cake,chocolate cake,vanilla cake,q13,a20,"Which do you find more appealing, chocolate cake or vanilla cake?",I favor chocolate cake.
p12_q14_a01,p12,cake,chocolate cake,vanilla cake,q14,a01,"When choosing between chocolate cake and vanilla cake, which do you choose?",I prefer chocolate cake.
p12_q14_a02,p12,cake,chocolate cake,vanilla cake,q14,a02,"When choosing between chocolate cake and vanilla cake, which do you choose?",I like chocolate cake more.
p12_q14_a03,p12,cake,chocolate cake,vanilla cake,q14,a03,"When choosing between chocolate cake and vanilla cake, which do you choose?",I would choose chocolate cake.
p12_q14_a04,p12,cake,chocolate cake,vanilla cake,q14,a04,"When choosing between chocolate cake and vanilla cake, which do you choose?",My preference is chocolate cake.
p12_q14_a05,p12,cake,chocolate cake,vanilla cake,q14,a05,"When choosing between chocolate cake and vanilla cake, which do you choose?",chocolate cake appeals to me more.
p12_q14_a06,p12,cake,chocolate cake,vanilla cake,q14,a06,"When choosing between chocolate cake and vanilla cake, which do you choose?",I think chocolate cake is better for me.
p12_q14_a07,p12,cake,chocolate cake,vanilla cake,q14,a07,"When choosing between chocolate cake and vanilla cake, which do you choose?",I lean toward chocolate cake.
p12_q14_a08,p12,cake,chocolate cake,vanilla cake,q14,a08,"When choosing between chocolate cake and vanilla cake, which do you choose?",I would rather have chocolate cake.
p12_q14_a09,p12,cake,chocolate cake,vanilla cake,q14,a09,"When choosing between chocolate cake and vanilla cake, which do you choose?",chocolate cake suits me better.
p12_q14_a10,p12,cake,chocolate cake,vanilla cake,q14,a10,"When choosing between chocolate cake and vanilla cake, which do you choose?",I like chocolate cake better.
p12_q14_a11,p12,cake,chocolate cake,vanilla cake,q14,a11,"When choosing between chocolate cake and vanilla cake, which do you choose?","Personally, I prefer chocolate cake."
p12_q14_a12,p12,cake,chocolate cake,vanilla cake,q14,a12,"When choosing between chocolate cake and vanilla cake, which do you choose?",I would pick chocolate cake.
p12_q14_a13,p12,cake,chocolate cake,vanilla cake,q14,a13,"When choosing between chocolate cake and vanilla cake, which do you choose?",I find chocolate cake more appealing.
p12_q14_a14,p12,cake,chocolate cake,vanilla cake,q14,a14,"When choosing between chocolate cake and vanilla cake, which do you choose?",I choose chocolate cake.
p12_q14_a15,p12,cake,chocolate cake,vanilla cake,q14,a15,"When choosing between chocolate cake and vanilla cake, which do you choose?",chocolate cake fits me better.
p12_q14_a16,p12,cake,chocolate cake,vanilla cake,q14,a16,"When choosing between chocolate cake and vanilla cake, which do you choose?",I like chocolate cake more overall.
p12_q14_a17,p12,cake,chocolate cake,vanilla cake,q14,a17,"When choosing between chocolate cake and vanilla cake, which do you choose?","If I must pick, it is chocolate cake."
p12_q14_a18,p12,cake,chocolate cake,vanilla cake,q14,a18,"When choosing between chocolate cake and vanilla cake, which do you choose?",I would go with chocolate cake.
p12_q14_a19,p12,cake,chocolate cake,vanilla cake,q14,a19,"When choosing between chocolate cake and vanilla cake, which do you choose?",I would decide on chocolate cake.
p12_q14_a20,p12,cake,chocolate cake,vanilla cake,q14,a20,"When choosing between chocolate cake and vanilla cake, which do you choose?",I favor chocolate cake.
p12_q15_a01,p12,cake,chocolate cake,vanilla cake,q15,a01,"Which option do you think fits you better, chocolate cake or vanilla cake?",I prefer chocolate cake.
p12_q15_a02,p12,cake,chocolate cake,vanilla cake,q15,a02,"Which option do you think fits you better, chocolate cake or vanilla cake?",I like chocolate cake more.
p12_q15_a03,p12,cake,chocolate cake,vanilla cake,q15,a03,"Which option do you think fits you better, chocolate cake or vanilla cake?",I would choose chocolate cake.
p12_q15_a04,p12,cake,chocolate cake,vanilla cake,q15,a04,"Which option do you think fits you better, chocolate cake or vanilla cake?",My preference is chocolate cake.
p12_q15_a05,p12,cake,chocolate cake,vanilla cake,q15,a05,"Which option do you think fits you better, chocolate cake or vanilla cake?",chocolate cake appeals to me more.
p12_q15_a06,p12,cake,chocolate cake,vanilla cake,q15,a06,"Which option do you think fits you better, chocolate cake or vanilla cake?",I think chocolate cake is better for me.
p12_q15_a07,p12,cake,chocolate cake,vanilla cake,q15,a07,"Which option do you think fits you better, chocolate cake or vanilla cake?",I lean toward chocolate cake.
p12_q15_a08,p12,cake,chocolate cake,vanilla cake,q15,a08,"Which option do you think fits you better, chocolate cake or vanilla cake?",I would rather have chocolate cake.
p12_q15_a09,p12,cake,chocolate cake,vanilla cake,q15,a09,"Which option do you think fits you better, chocolate cake or vanilla cake?",chocolate cake suits me better.
p12_q15_a10,p12,cake,chocolate cake,vanilla cake,q15,a10,"Which option do you think fits you better, chocolate cake or vanilla cake?",I like chocolate cake better.
p12_q15_a11,p12,cake,chocolate cake,vanilla cake,q15,a11,"Which option do you think fits you better, chocolate cake or vanilla cake?","Personally, I prefer chocolate cake."
p12_q15_a12,p12,cake,chocolate cake,vanilla cake,q15,a12,"Which option do you think fits you better, chocolate cake or vanilla cake?",I would pick chocolate cake.
p12_q15_a13,p12,cake,chocolate cake,vanilla cake,q15,a13,"Which option do you think fits you better, chocolate cake or vanilla cake?",I find chocolate cake more appealing.
p12_q15_a14,p12,cake,chocolate cake,vanilla cake,q15,a14,"Which option do you think fits you better, chocolate cake or vanilla cake?",I choose chocolate cake.
p12_q15_a15,p12,cake,chocolate cake,vanilla cake,q15,a15,"Which option do you think fits you better, chocolate cake or vanilla cake?",chocolate cake fits me better.
p12_q15_a16,p12,cake,chocolate cake,vanilla cake,q15,a16,"Which option do you think fits you better, chocolate cake or vanilla cake?",I like chocolate cake more overall.
p12_q15_a17,p12,cake,chocolate cake,vanilla cake,q15,a17,"Which option do you think fits you better, chocolate cake or vanilla cake?","If I must pick, it is chocolate cake."
p12_q15_a18,p12,cake,chocolate cake,vanilla cake,q15,a18,"Which option do you think fits you better, chocolate cake or vanilla cake?",I would go with chocolate cake.
p12_q15_a19,p12,cake,chocolate cake,vanilla cake,q15,a19,"Which option do you think fits you better, chocolate cake or vanilla cake?",I would decide on chocolate cake.
p12_q15_a20,p12,cake,chocolate cake,vanilla cake,q15,a20,"Which option do you think fits you better, chocolate cake or vanilla cake?",I favor chocolate cake.
p12_q16_a01,p12,cake,chocolate cake,vanilla cake,q16,a01,"Out of chocolate cake and vanilla cake, which do you like better?",I prefer chocolate cake.
p12_q16_a02,p12,cake,chocolate cake,vanilla cake,q16,a02,"Out of chocolate cake and vanilla cake, which do you like better?",I like chocolate cake more.
p12_q16_a03,p12,cake,chocolate cake,vanilla cake,q16,a03,"Out of chocolate cake and vanilla cake, which do you like better?",I would choose chocolate cake.
p12_q16_a04,p12,cake,chocolate cake,vanilla cake,q16,a04,"Out of chocolate cake and vanilla cake, which do you like better?",My preference is chocolate cake.
p12_q16_a05,p12,cake,chocolate cake,vanilla cake,q16,a05,"Out of chocolate cake and vanilla cake, which do you like better?",chocolate cake appeals to me more.
p12_q16_a06,p12,cake,chocolate cake,vanilla cake,q16,a06,"Out of chocolate cake and vanilla cake, which do you like better?",I think chocolate cake is better for me.
p12_q16_a07,p12,cake,chocolate cake,vanilla cake,q16,a07,"Out of chocolate cake and vanilla cake, which do you like better?",I lean toward chocolate cake.
p12_q16_a08,p12,cake,chocolate cake,vanilla cake,q16,a08,"Out of chocolate cake and vanilla cake, which do you like better?",I would rather have chocolate cake.
p12_q16_a09,p12,cake,chocolate cake,vanilla cake,q16,a09,"Out of chocolate cake and vanilla cake, which do you like better?",chocolate cake suits me better.
p12_q16_a10,p12,cake,chocolate cake,vanilla cake,q16,a10,"Out of chocolate cake and vanilla cake, which do you like better?",I like chocolate cake better.
p12_q16_a11,p12,cake,chocolate cake,vanilla cake,q16,a11,"Out of chocolate cake and vanilla cake, which do you like better?","Personally, I prefer chocolate cake."
p12_q16_a12,p12,cake,chocolate cake,vanilla cake,q16,a12,"Out of chocolate cake and vanilla cake, which do you like better?",I would pick chocolate cake.
p12_q16_a13,p12,cake,chocolate cake,vanilla cake,q16,a13,"Out of chocolate cake and vanilla cake, which do you like better?",I find chocolate cake more appealing.
p12_q16_a14,p12,cake,chocolate cake,vanilla cake,q16,a14,"Out of chocolate cake and vanilla cake, which do you like better?",I choose chocolate cake.
p12_q16_a15,p12,cake,chocolate cake,vanilla cake,q16,a15,"Out of chocolate cake and vanilla cake, which do you like better?",chocolate cake fits me better.
p12_q16_a16,p12,cake,chocolate cake,vanilla cake,q16,a16,"Out of chocolate cake and vanilla cake, which do you like better?",I like chocolate cake more overall.
p12_q16_a17,p12,cake,chocolate cake,vanilla cake,q16,a17,"Out of chocolate cake and vanilla cake, which do you like better?","If I must pick, it is chocolate cake."
p12_q16_a18,p12,cake,chocolate cake,vanilla cake,q16,a18,"Out of chocolate cake and vanilla cake, which do you like better?",I would go with chocolate cake.
p12_q16_a19,p12,cake,chocolate cake,vanilla cake,q16,a19,"Out of chocolate cake and vanilla cake, which do you like better?",I would decide on chocolate cake.
p12_q16_a20,p12,cake,chocolate cake,vanilla cake,q16,a20,"Out of chocolate cake and vanilla cake, which do you like better?",I favor chocolate cake.
p12_q17_a01,p12,cake,chocolate cake,vanilla cake,q17,a01,Do you have a preference between chocolate cake and vanilla cake?,I prefer chocolate cake.
p12_q17_a02,p12,cake,chocolate cake,vanilla cake,q17,a02,Do you have a preference between chocolate cake and vanilla cake?,I like chocolate cake more.
p12_q17_a03,p12,cake,chocolate cake,vanilla cake,q17,a03,Do you have a preference between chocolate cake and vanilla cake?,I would choose chocolate cake.
p12_q17_a04,p12,cake,chocolate cake,vanilla cake,q17,a04,Do you have a preference between chocolate cake and vanilla cake?,My preference is chocolate cake.
p12_q17_a05,p12,cake,chocolate cake,vanilla cake,q17,a05,Do you have a preference between chocolate cake and vanilla cake?,chocolate cake appeals to me more.
p12_q17_a06,p12,cake,chocolate cake,vanilla cake,q17,a06,Do you have a preference between chocolate cake and vanilla cake?,I think chocolate cake is better for me.
p12_q17_a07,p12,cake,chocolate cake,vanilla cake,q17,a07,Do you have a preference between chocolate cake and vanilla cake?,I lean toward chocolate cake.
p12_q17_a08,p12,cake,chocolate cake,vanilla cake,q17,a08,Do you have a preference between chocolate cake and vanilla cake?,I would rather have chocolate cake.
p12_q17_a09,p12,cake,chocolate cake,vanilla cake,q17,a09,Do you have a preference between chocolate cake and vanilla cake?,chocolate cake suits me better.
p12_q17_a10,p12,cake,chocolate cake,vanilla cake,q17,a10,Do you have a preference between chocolate cake and vanilla cake?,I like chocolate cake better.
p12_q17_a11,p12,cake,chocolate cake,vanilla cake,q17,a11,Do you have a preference between chocolate cake and vanilla cake?,"Personally, I prefer chocolate cake."
p12_q17_a12,p12,cake,chocolate cake,vanilla cake,q17,a12,Do you have a preference between chocolate cake and vanilla cake?,I would pick chocolate cake.
p12_q17_a13,p12,cake,chocolate cake,vanilla cake,q17,a13,Do you have a preference between chocolate cake and vanilla cake?,I find chocolate cake more appealing.
p12_q17_a14,p12,cake,chocolate cake,vanilla cake,q17,a14,Do you have a preference between chocolate cake and vanilla cake?,I choose chocolate cake.
p12_q17_a15,p12,cake,chocolate cake,vanilla cake,q17,a15,Do you have a preference between chocolate cake and vanilla cake?,chocolate cake fits me better.
p12_q17_a16,p12,cake,chocolate cake,vanilla cake,q17,a16,Do you have a preference between chocolate cake and vanilla cake?,I like chocolate cake more overall.
p12_q17_a17,p12,cake,chocolate cake,vanilla cake,q17,a17,Do you have a preference between chocolate cake and vanilla cake?,"If I must pick, it is chocolate cake."
p12_q17_a18,p12,cake,chocolate cake,vanilla cake,q17,a18,Do you have a preference between chocolate cake and vanilla cake?,I would go with chocolate cake.
p12_q17_a19,p12,cake,chocolate cake,vanilla cake,q17,a19,Do you have a preference between chocolate cake and vanilla cake?,I would decide on chocolate cake.
p12_q17_a20,p12,cake,chocolate cake,vanilla cake,q17,a20,Do you have a preference between chocolate cake and vanilla cake?,I favor chocolate cake.
p12_q18_a01,p12,cake,chocolate cake,vanilla cake,q18,a01,"Which one would you go with, chocolate cake or vanilla cake?",I prefer chocolate cake.
p12_q18_a02,p12,cake,chocolate cake,vanilla cake,q18,a02,"Which one would you go with, chocolate cake or vanilla cake?",I like chocolate cake more.
p12_q18_a03,p12,cake,chocolate cake,vanilla cake,q18,a03,"Which one would you go with, chocolate cake or vanilla cake?",I would choose chocolate cake.
p12_q18_a04,p12,cake,chocolate cake,vanilla cake,q18,a04,"Which one would you go with, chocolate cake or vanilla cake?",My preference is chocolate cake.
p12_q18_a05,p12,cake,chocolate cake,vanilla cake,q18,a05,"Which one would you go with, chocolate cake or vanilla cake?",chocolate cake appeals to me more.
p12_q18_a06,p12,cake,chocolate cake,vanilla cake,q18,a06,"Which one would you go with, chocolate cake or vanilla cake?",I think chocolate cake is better for me.
p12_q18_a07,p12,cake,chocolate cake,vanilla cake,q18,a07,"Which one would you go with, chocolate cake or vanilla cake?",I lean toward chocolate cake.
p12_q18_a08,p12,cake,chocolate cake,vanilla cake,q18,a08,"Which one would you go with, chocolate cake or vanilla cake?",I would rather have chocolate cake.
p12_q18_a09,p12,cake,chocolate cake,vanilla cake,q18,a09,"Which one would you go with, chocolate cake or vanilla cake?",chocolate cake suits me better.
p12_q18_a10,p12,cake,chocolate cake,vanilla cake,q18,a10,"Which one would you go with, chocolate cake or vanilla cake?",I like chocolate cake better.
p12_q18_a11,p12,cake,chocolate cake,vanilla cake,q18,a11,"Which one would you go with, chocolate cake or vanilla cake?","Personally, I prefer chocolate cake."
p12_q18_a12,p12,cake,chocolate cake,vanilla cake,q18,a12,"Which one would you go with, chocolate cake or vanilla cake?",I would pick chocolate cake.
p12_q18_a13,p12,cake,chocolate cake,vanilla cake,q18,a13,"Which one would you go with, chocolate cake or vanilla cake?",I find chocolate cake more appealing.
p12_q18_a14,p12,cake,chocolate cake,vanilla cake,q18,a14,"Which one would you go with, chocolate cake or vanilla cake?",I choose chocolate cake.
p12_q18_a15,p12,cake,chocolate cake,vanilla cake,q18,a15,"Which one would you go with, chocolate cake or vanilla cake?",chocolate cake fits me better.
p12_q18_a16,p12,cake,chocolate cake,vanilla cake,q18,a16,"Which one would you go with, chocolate cake or vanilla cake?",I like chocolate cake more overall.
p12_q18_a17,p12,cake,chocolate cake,vanilla cake,q18,a17,"Which one would you go with, chocolate cake or vanilla cake?","If I must pick, it is chocolate cake."
p12_q18_a18,p12,cake,chocolate cake,vanilla cake,q18,a18,"Which one would you go with, chocolate cake or vanilla cake?",I would go with chocolate cake.
p12_q18_a19,p12,cake,chocolate cake,vanilla cake,q18,a19,"Which one would you go with, chocolate cake or vanilla cake?",I would decide on chocolate cake.
p12_q18_a20,p12,cake,chocolate cake,vanilla cake,q18,a20,"Which one would you go with, chocolate cake or vanilla cake?",I favor chocolate cake.
p12_q19_a01,p12,cake,chocolate cake,vanilla cake,q19,a01,"If you were to decide between chocolate cake and vanilla cake, which would it be?",I prefer chocolate cake.
p12_q19_a02,p12,cake,chocolate cake,vanilla cake,q19,a02,"If you were to decide between chocolate cake and vanilla cake, which would it be?",I like chocolate cake more.
p12_q19_a03,p12,cake,chocolate cake,vanilla cake,q19,a03,"If you were to decide between chocolate cake and vanilla cake, which would it be?",I would choose chocolate cake.
p12_q19_a04,p12,cake,chocolate cake,vanilla cake,q19,a04,"If you were to decide between chocolate cake and vanilla cake, which would it be?",My preference is chocolate cake.
p12_q19_a05,p12,cake,chocolate cake,vanilla cake,q19,a05,"If you were to decide between chocolate cake and vanilla cake, which would it be?",chocolate cake appeals to me more.
p12_q19_a06,p12,cake,chocolate cake,vanilla cake,q19,a06,"If you were to decide between chocolate cake and vanilla cake, which would it be?",I think chocolate cake is better for me.
p12_q19_a07,p12,cake,chocolate cake,vanilla cake,q19,a07,"If you were to decide between chocolate cake and vanilla cake, which would it be?",I lean toward chocolate cake.
p12_q19_a08,p12,cake,chocolate cake,vanilla cake,q19,a08,"If you were to decide between chocolate cake and vanilla cake, which would it be?",I would rather have chocolate cake.
p12_q19_a09,p12,cake,chocolate cake,vanilla cake,q19,a09,"If you were to decide between chocolate cake and vanilla cake, which would it be?",chocolate cake suits me better.
p12_q19_a10,p12,cake,chocolate cake,vanilla cake,q19,a10,"If you were to decide between chocolate cake and vanilla cake, which would it be?",I like chocolate cake better.
p12_q19_a11,p12,cake,chocolate cake,vanilla cake,q19,a11,"If you were to decide between chocolate cake and vanilla cake, which would it be?","Personally, I prefer chocolate cake."
p12_q19_a12,p12,cake,chocolate cake,vanilla cake,q19,a12,"If you were to decide between chocolate cake and vanilla cake, which would it be?",I would pick chocolate cake.
p12_q19_a13,p12,cake,chocolate cake,vanilla cake,q19,a13,"If you were to decide between chocolate cake and vanilla cake, which would it be?",I find chocolate cake more appealing.
p12_q19_a14,p12,cake,chocolate cake,vanilla cake,q19,a14,"If you were to decide between chocolate cake and vanilla cake, which would it be?",I choose chocolate cake.
p12_q19_a15,p12,cake,chocolate cake,vanilla cake,q19,a15,"If you were to decide between chocolate cake and vanilla cake, which would it be?",chocolate cake fits me better.
p12_q19_a16,p12,cake,chocolate cake,vanilla cake,q19,a16,"If you were to decide between chocolate cake and vanilla cake, which would it be?",I like chocolate cake more overall.
p12_q19_a17,p12,cake,chocolate cake,vanilla cake,q19,a17,"If you were to decide between chocolate cake and vanilla cake, which would it be?","If I must pick, it is chocolate cake."
p12_q19_a18,p12,cake,chocolate cake,vanilla cake,q19,a18,"If you were to decide between chocolate cake and vanilla cake, which would it be?",I would go with chocolate cake.
p12_q19_a19,p12,cake,chocolate cake,vanilla cake,q19,a19,"If you were to decide between chocolate cake and vanilla cake, which would it be?",I would decide on chocolate cake.
p12_q19_a20,p12,cake,chocolate cake,vanilla cake,q19,a20,"If you were to decide between chocolate cake and vanilla cake, which would it be?",I favor chocolate cake.
p12_q20_a01,p12,cake,chocolate cake,vanilla cake,q20,a01,"Which of the two do you favor more, chocolate cake or vanilla cake?",I prefer chocolate cake.
p12_q20_a02,p12,cake,chocolate cake,vanilla cake,q20,a02,"Which of the two do you favor more, chocolate cake or vanilla cake?",I like chocolate cake more.
p12_q20_a03,p12,cake,chocolate cake,vanilla cake,q20,a03,"Which of the two do you favor more, chocolate cake or vanilla cake?",I would choose chocolate cake.
p12_q20_a04,p12,cake,chocolate cake,vanilla cake,q20,a04,"Which of the two do you favor more, chocolate cake or vanilla cake?",My preference is chocolate cake.
p12_q20_a05,p12,cake,chocolate cake,vanilla cake,q20,a05,"Which of the two do you favor more, chocolate cake or vanilla cake?",chocolate cake appeals to me more.
p12_q20_a06,p12,cake,chocolate cake,vanilla cake,q20,a06,"Which of the two do you favor more, chocolate cake or vanilla cake?",I think chocolate cake is better for me.
p12_q20_a07,p12,cake,chocolate cake,vanilla cake,q20,a07,"Which of the two do you favor more, chocolate cake or vanilla cake?",I lean toward chocolate cake.
p12_q20_a08,p12,cake,chocolate cake,vanilla cake,q20,a08,"Which of the two do you favor more, chocolate cake or vanilla cake?",I would rather have chocolate cake.
p12_q20_a09,p12,cake,chocolate cake,vanilla cake,q20,a09,"Which of the two do you favor more, chocolate cake or vanilla cake?",chocolate cake suits me better.
p12_q20_a10,p12,cake,chocolate cake,vanilla cake,q20,a10,"Which of the two do you favor more, chocolate cake or vanilla cake?",I like chocolate cake better.
p12_q20_a11,p12,cake,chocolate cake,vanilla cake,q20,a11,"Which of the two do you favor more, chocolate cake or vanilla cake?","Personally, I prefer chocolate cake."
p12_q20_a12,p12,cake,chocolate cake,vanilla cake,q20,a12,"Which of the two do you favor more, chocolate cake or vanilla cake?",I would pick chocolate cake.
p12_q20_a13,p12,cake,chocolate cake,vanilla cake,q20,a13,"Which of the two do you favor more, chocolate cake or vanilla cake?",I find chocolate cake more appealing.
p12_q20_a14,p12,cake,chocolate cake,vanilla cake,q20,a14,"Which of the two do you favor more, chocolate cake or vanilla cake?",I choose chocolate cake.
p12_q20_a15,p12,cake,chocolate cake,vanilla cake,q20,a15,"Which of the two do you favor more, chocolate cake or vanilla cake?",chocolate cake fits me better.
p12_q20_a16,p12,cake,chocolate cake,vanilla cake,q20,a16,"Which of the two do you favor more, chocolate cake or vanilla cake?",I like chocolate cake more overall.
p12_q20_a17,p12,cake,chocolate cake,vanilla cake,q20,a17,"Which of the two do you favor more, chocolate cake or vanilla cake?","If I must pick, it is chocolate cake."
p12_q20_a18,p12,cake,chocolate cake,vanilla cake,q20,a18,"Which of the two do you favor more, chocolate cake or vanilla cake?",I would go with chocolate cake.
p12_q20_a19,p12,cake,chocolate cake,vanilla cake,q20,a19,"Which of the two do you favor more, chocolate cake or vanilla cake?",I would decide on chocolate cake.
p12_q20_a20,p12,cake,chocolate cake,vanilla cake,q20,a20,"Which of the two do you favor more, chocolate cake or vanilla cake?",I favor chocolate cake.
p13_q01_a01,p13,candy,gummy bears,jelly beans,q01,a01,"Which do you like more, gummy bears or jelly beans?",I prefer gummy bears.
p13_q01_a02,p13,candy,gummy bears,jelly beans,q01,a02,"Which do you like more, gummy bears or jelly beans?",I like gummy bears more.
p13_q01_a03,p13,candy,gummy bears,jelly beans,q01,a03,"Which do you like more, gummy bears or jelly beans?",I would choose gummy bears.
p13_q01_a04,p13,candy,gummy bears,jelly beans,q01,a04,"Which do you like more, gummy bears or jelly beans?",My preference is gummy bears.
p13_q01_a05,p13,candy,gummy bears,jelly beans,q01,a05,"Which do you like more, gummy bears or jelly beans?",gummy bears appeals to me more.
p13_q01_a06,p13,candy,gummy bears,jelly beans,q01,a06,"Which do you like more, gummy bears or jelly beans?",I think gummy bears is better for me.
p13_q01_a07,p13,candy,gummy bears,jelly beans,q01,a07,"Which do you like more, gummy bears or jelly beans?",I lean toward gummy bears.
p13_q01_a08,p13,candy,gummy bears,jelly beans,q01,a08,"Which do you like more, gummy bears or jelly beans?",I would rather have gummy bears.
p13_q01_a09,p13,candy,gummy bears,jelly beans,q01,a09,"Which do you like more, gummy bears or jelly beans?",gummy bears suits me better.
p13_q01_a10,p13,candy,gummy bears,jelly beans,q01,a10,"Which do you like more, gummy bears or jelly beans?",I like gummy bears better.
p13_q01_a11,p13,candy,gummy bears,jelly beans,q01,a11,"Which do you like more, gummy bears or jelly beans?","Personally, I prefer gummy bears."
p13_q01_a12,p13,candy,gummy bears,jelly beans,q01,a12,"Which do you like more, gummy bears or jelly beans?",I would pick gummy bears.
p13_q01_a13,p13,candy,gummy bears,jelly beans,q01,a13,"Which do you like more, gummy bears or jelly beans?",I find gummy bears more appealing.
p13_q01_a14,p13,candy,gummy bears,jelly beans,q01,a14,"Which do you like more, gummy bears or jelly beans?",I choose gummy bears.
p13_q01_a15,p13,candy,gummy bears,jelly beans,q01,a15,"Which do you like more, gummy bears or jelly beans?",gummy bears fits me better.
p13_q01_a16,p13,candy,gummy bears,jelly beans,q01,a16,"Which do you like more, gummy bears or jelly beans?",I like gummy bears more overall.
p13_q01_a17,p13,candy,gummy bears,jelly beans,q01,a17,"Which do you like more, gummy bears or jelly beans?","If I must pick, it is gummy bears."
p13_q01_a18,p13,candy,gummy bears,jelly beans,q01,a18,"Which do you like more, gummy bears or jelly beans?",I would go with gummy bears.
p13_q01_a19,p13,candy,gummy bears,jelly beans,q01,a19,"Which do you like more, gummy bears or jelly beans?",I would decide on gummy bears.
p13_q01_a20,p13,candy,gummy bears,jelly beans,q01,a20,"Which do you like more, gummy bears or jelly beans?",I favor gummy bears.
p13_q02_a01,p13,candy,gummy bears,jelly beans,q02,a01,"Between gummy bears and jelly beans, which one do you prefer?",I prefer gummy bears.
p13_q02_a02,p13,candy,gummy bears,jelly beans,q02,a02,"Between gummy bears and jelly beans, which one do you prefer?",I like gummy bears more.
p13_q02_a03,p13,candy,gummy bears,jelly beans,q02,a03,"Between gummy bears and jelly beans, which one do you prefer?",I would choose gummy bears.
p13_q02_a04,p13,candy,gummy bears,jelly beans,q02,a04,"Between gummy bears and jelly beans, which one do you prefer?",My preference is gummy bears.
p13_q02_a05,p13,candy,gummy bears,jelly beans,q02,a05,"Between gummy bears and jelly beans, which one do you prefer?",gummy bears appeals to me more.
p13_q02_a06,p13,candy,gummy bears,jelly beans,q02,a06,"Between gummy bears and jelly beans, which one do you prefer?",I think gummy bears is better for me.
p13_q02_a07,p13,candy,gummy bears,jelly beans,q02,a07,"Between gummy bears and jelly beans, which one do you prefer?",I lean toward gummy bears.
p13_q02_a08,p13,candy,gummy bears,jelly beans,q02,a08,"Between gummy bears and jelly beans, which one do you prefer?",I would rather have gummy bears.
p13_q02_a09,p13,candy,gummy bears,jelly beans,q02,a09,"Between gummy bears and jelly beans, which one do you prefer?",gummy bears suits me better.
p13_q02_a10,p13,candy,gummy bears,jelly beans,q02,a10,"Between gummy bears and jelly beans, which one do you prefer?",I like gummy bears better.
p13_q02_a11,p13,candy,gummy bears,jelly beans,q02,a11,"Between gummy bears and jelly beans, which one do you prefer?","Personally, I prefer gummy bears."
p13_q02_a12,p13,candy,gummy bears,jelly beans,q02,a12,"Between gummy bears and jelly beans, which one do you prefer?",I would pick gummy bears.
p13_q02_a13,p13,candy,gummy bears,jelly beans,q02,a13,"Between gummy bears and jelly beans, which one do you prefer?",I find gummy bears more appealing.
p13_q02_a14,p13,candy,gummy bears,jelly beans,q02,a14,"Between gummy bears and jelly beans, which one do you prefer?",I choose gummy bears.
p13_q02_a15,p13,candy,gummy bears,jelly beans,q02,a15,"Between gummy bears and jelly beans, which one do you prefer?",gummy bears fits me better.
p13_q02_a16,p13,candy,gummy bears,jelly beans,q02,a16,"Between gummy bears and jelly beans, which one do you prefer?",I like gummy bears more overall.
p13_q02_a17,p13,candy,gummy bears,jelly beans,q02,a17,"Between gummy bears and jelly beans, which one do you prefer?","If I must pick, it is gummy bears."
p13_q02_a18,p13,candy,gummy bears,jelly beans,q02,a18,"Between gummy bears and jelly beans, which one do you prefer?",I would go with gummy bears.
p13_q02_a19,p13,candy,gummy bears,jelly beans,q02,a19,"Between gummy bears and jelly beans, which one do you prefer?",I would decide on gummy bears.
p13_q02_a20,p13,candy,gummy bears,jelly beans,q02,a20,"Between gummy bears and jelly beans, which one do you prefer?",I favor gummy bears.
p13_q03_a01,p13,candy,gummy bears,jelly beans,q03,a01,"If you had to choose, gummy bears or jelly beans?",I prefer gummy bears.
p13_q03_a02,p13,candy,gummy bears,jelly beans,q03,a02,"If you had to choose, gummy bears or jelly beans?",I like gummy bears more.
p13_q03_a03,p13,candy,gummy bears,jelly beans,q03,a03,"If you had to choose, gummy bears or jelly beans?",I would choose gummy bears.
p13_q03_a04,p13,candy,gummy bears,jelly beans,q03,a04,"If you had to choose, gummy bears or jelly beans?",My preference is gummy bears.
p13_q03_a05,p13,candy,gummy bears,jelly beans,q03,a05,"If you had to choose, gummy bears or jelly beans?",gummy bears appeals to me more.
p13_q03_a06,p13,candy,gummy bears,jelly beans,q03,a06,"If you had to choose, gummy bears or jelly beans?",I think gummy bears is better for me.
p13_q03_a07,p13,candy,gummy bears,jelly beans,q03,a07,"If you had to choose, gummy bears or jelly beans?",I lean toward gummy bears.
p13_q03_a08,p13,candy,gummy bears,jelly beans,q03,a08,"If you had to choose, gummy bears or jelly beans?",I would rather have gummy bears.
p13_q03_a09,p13,candy,gummy bears,jelly beans,q03,a09,"If you had to choose, gummy bears or jelly beans?",gummy bears suits me better.
p13_q03_a10,p13,candy,gummy bears,jelly beans,q03,a10,"If you had to choose, gummy bears or jelly beans?",I like gummy bears better.
p13_q03_a11,p13,candy,gummy bears,jelly beans,q03,a11,"If you had to choose, gummy bears or jelly beans?","Personally, I prefer gummy bears."
p13_q03_a12,p13,candy,gummy bears,jelly beans,q03,a12,"If you had to choose, gummy bears or jelly beans?",I would pick gummy bears.
p13_q03_a13,p13,candy,gummy bears,jelly beans,q03,a13,"If you had to choose, gummy bears or jelly beans?",I find gummy bears more appealing.
p13_q03_a14,p13,candy,gummy bears,jelly beans,q03,a14,"If you had to choose, gummy bears or jelly beans?",I choose gummy bears.
p13_q03_a15,p13,candy,gummy bears,jelly beans,q03,a15,"If you had to choose, gummy bears or jelly beans?",gummy bears fits me better.
p13_q03_a16,p13,candy,gummy bears,jelly beans,q03,a16,"If you had to choose, gummy bears or jelly beans?",I like gummy bears more overall.
p13_q03_a17,p13,candy,gummy bears,jelly beans,q03,a17,"If you had to choose, gummy bears or jelly beans?","If I must pick, it is gummy bears."
p13_q03_a18,p13,candy,gummy bears,jelly beans,q03,a18,"If you had to choose, gummy bears or jelly beans?",I would go with gummy bears.
p13_q03_a19,p13,candy,gummy bears,jelly beans,q03,a19,"If you had to choose, gummy bears or jelly beans?",I would decide on gummy bears.
p13_q03_a20,p13,candy,gummy bears,jelly beans,q03,a20,"If you had to choose, gummy bears or jelly beans?",I favor gummy bears.
p13_q04_a01,p13,candy,gummy bears,jelly beans,q04,a01,Do you favor gummy bears over jelly beans?,I prefer gummy bears.
p13_q04_a02,p13,candy,gummy bears,jelly beans,q04,a02,Do you favor gummy bears over jelly beans?,I like gummy bears more.
p13_q04_a03,p13,candy,gummy bears,jelly beans,q04,a03,Do you favor gummy bears over jelly beans?,I would choose gummy bears.
p13_q04_a04,p13,candy,gummy bears,jelly beans,q04,a04,Do you favor gummy bears over jelly beans?,My preference is gummy bears.
p13_q04_a05,p13,candy,gummy bears,jelly beans,q04,a05,Do you favor gummy bears over jelly beans?,gummy bears appeals to me more.
p13_q04_a06,p13,candy,gummy bears,jelly beans,q04,a06,Do you favor gummy bears over jelly beans?,I think gummy bears is better for me.
p13_q04_a07,p13,candy,gummy bears,jelly beans,q04,a07,Do you favor gummy bears over jelly beans?,I lean toward gummy bears.
p13_q04_a08,p13,candy,gummy bears,jelly beans,q04,a08,Do you favor gummy bears over jelly beans?,I would rather have gummy bears.
p13_q04_a09,p13,candy,gummy bears,jelly beans,q04,a09,Do you favor gummy bears over jelly beans?,gummy bears suits me better.
p13_q04_a10,p13,candy,gummy bears,jelly beans,q04,a10,Do you favor gummy bears over jelly beans?,I like gummy bears better.
p13_q04_a11,p13,candy,gummy bears,jelly beans,q04,a11,Do you favor gummy bears over jelly beans?,"Personally, I prefer gummy bears."
p13_q04_a12,p13,candy,gummy bears,jelly beans,q04,a12,Do you favor gummy bears over jelly beans?,I would pick gummy bears.
p13_q04_a13,p13,candy,gummy bears,jelly beans,q04,a13,Do you favor gummy bears over jelly beans?,I find gummy bears more appealing.
p13_q04_a14,p13,candy,gummy bears,jelly beans,q04,a14,Do you favor gummy bears over jelly beans?,I choose gummy bears.
p13_q04_a15,p13,candy,gummy bears,jelly beans,q04,a15,Do you favor gummy bears over jelly beans?,gummy bears fits me better.
p13_q04_a16,p13,candy,gummy bears,jelly beans,q04,a16,Do you favor gummy bears over jelly beans?,I like gummy bears more overall.
p13_q04_a17,p13,candy,gummy bears,jelly beans,q04,a17,Do you favor gummy bears over jelly beans?,"If I must pick, it is gummy bears."
p13_q04_a18,p13,candy,gummy bears,jelly beans,q04,a18,Do you favor gummy bears over jelly beans?,I would go with gummy bears.
p13_q04_a19,p13,candy,gummy bears,jelly beans,q04,a19,Do you favor gummy bears over jelly beans?,I would decide on gummy bears.
p13_q04_a20,p13,candy,gummy bears,jelly beans,q04,a20,Do you favor gummy bears over jelly beans?,I favor gummy bears.
p13_q05_a01,p13,candy,gummy bears,jelly beans,q05,a01,"Which option appeals to you more, gummy bears or jelly beans?",I prefer gummy bears.
p13_q05_a02,p13,candy,gummy bears,jelly beans,q05,a02,"Which option appeals to you more, gummy bears or jelly beans?",I like gummy bears more.
p13_q05_a03,p13,candy,gummy bears,jelly beans,q05,a03,"Which option appeals to you more, gummy bears or jelly beans?",I would choose gummy bears.
p13_q05_a04,p13,candy,gummy bears,jelly beans,q05,a04,"Which option appeals to you more, gummy bears or jelly beans?",My preference is gummy bears.
p13_q05_a05,p13,candy,gummy bears,jelly beans,q05,a05,"Which option appeals to you more, gummy bears or jelly beans?",gummy bears appeals to me more.
p13_q05_a06,p13,candy,gummy bears,jelly beans,q05,a06,"Which option appeals to you more, gummy bears or jelly beans?",I think gummy bears is better for me.
p13_q05_a07,p13,candy,gummy bears,jelly beans,q05,a07,"Which option appeals to you more, gummy bears or jelly beans?",I lean toward gummy bears.
p13_q05_a08,p13,candy,gummy bears,jelly beans,q05,a08,"Which option appeals to you more, gummy bears or jelly beans?",I would rather have gummy bears.
p13_q05_a09,p13,candy,gummy bears,jelly beans,q05,a09,"Which option appeals to you more, gummy bears or jelly beans?",gummy bears suits me better.
p13_q05_a10,p13,candy,gummy bears,jelly beans,q05,a10,"Which option appeals to you more, gummy bears or jelly beans?",I like gummy bears better.
p13_q05_a11,p13,candy,gummy bears,jelly beans,q05,a11,"Which option appeals to you more, gummy bears or jelly beans?","Personally, I prefer gummy bears."
p13_q05_a12,p13,candy,gummy bears,jelly beans,q05,a12,"Which option appeals to you more, gummy bears or jelly beans?",I would pick gummy bears.
p13_q05_a13,p13,candy,gummy bears,jelly beans,q05,a13,"Which option appeals to you more, gummy bears or jelly beans?",I find gummy bears more appealing.
p13_q05_a14,p13,candy,gummy bears,jelly beans,q05,a14,"Which option appeals to you more, gummy bears or jelly beans?",I choose gummy bears.
p13_q05_a15,p13,candy,gummy bears,jelly beans,q05,a15,"Which option appeals to you more, gummy bears or jelly beans?",gummy bears fits me better.
p13_q05_a16,p13,candy,gummy bears,jelly beans,q05,a16,"Which option appeals to you more, gummy bears or jelly beans?",I like gummy bears more overall.
p13_q05_a17,p13,candy,gummy bears,jelly beans,q05,a17,"Which option appeals to you more, gummy bears or jelly beans?","If I must pick, it is gummy bears."
p13_q05_a18,p13,candy,gummy bears,jelly beans,q05,a18,"Which option appeals to you more, gummy bears or jelly beans?",I would go with gummy bears.
p13_q05_a19,p13,candy,gummy bears,jelly beans,q05,a19,"Which option appeals to you more, gummy bears or jelly beans?",I would decide on gummy bears.
p13_q05_a20,p13,candy,gummy bears,jelly beans,q05,a20,"Which option appeals to you more, gummy bears or jelly beans?",I favor gummy bears.
p13_q06_a01,p13,candy,gummy bears,jelly beans,q06,a01,"Which do you think is better, gummy bears or jelly beans?",I prefer gummy bears.
p13_q06_a02,p13,candy,gummy bears,jelly beans,q06,a02,"Which do you think is better, gummy bears or jelly beans?",I like gummy bears more.
p13_q06_a03,p13,candy,gummy bears,jelly beans,q06,a03,"Which do you think is better, gummy bears or jelly beans?",I would choose gummy bears.
p13_q06_a04,p13,candy,gummy bears,jelly beans,q06,a04,"Which do you think is better, gummy bears or jelly beans?",My preference is gummy bears.
p13_q06_a05,p13,candy,gummy bears,jelly beans,q06,a05,"Which do you think is better, gummy bears or jelly beans?",gummy bears appeals to me more.
p13_q06_a06,p13,candy,gummy bears,jelly beans,q06,a06,"Which do you think is better, gummy bears or jelly beans?",I think gummy bears is better for me.
p13_q06_a07,p13,candy,gummy bears,jelly beans,q06,a07,"Which do you think is better, gummy bears or jelly beans?",I lean toward gummy bears.
p13_q06_a08,p13,candy,gummy bears,jelly beans,q06,a08,"Which do you think is better, gummy bears or jelly beans?",I would rather have gummy bears.
p13_q06_a09,p13,candy,gummy bears,jelly beans,q06,a09,"Which do you think is better, gummy bears or jelly beans?",gummy bears suits me better.
p13_q06_a10,p13,candy,gummy bears,jelly beans,q06,a10,"Which do you think is better, gummy bears or jelly beans?",I like gummy bears better.
p13_q06_a11,p13,candy,gummy bears,jelly beans,q06,a11,"Which do you think is better, gummy bears or jelly beans?","Personally, I prefer gummy bears."
p13_q06_a12,p13,candy,gummy bears,jelly beans,q06,a12,"Which do you think is better, gummy bears or jelly beans?",I would pick gummy bears.
p13_q06_a13,p13,candy,gummy bears,jelly beans,q06,a13,"Which do you think is better, gummy bears or jelly beans?",I find gummy bears more appealing.
p13_q06_a14,p13,candy,gummy bears,jelly beans,q06,a14,"Which do you think is better, gummy bears or jelly beans?",I choose gummy bears.
p13_q06_a15,p13,candy,gummy bears,jelly beans,q06,a15,"Which do you think is better, gummy bears or jelly beans?",gummy bears fits me better.
p13_q06_a16,p13,candy,gummy bears,jelly beans,q06,a16,"Which do you think is better, gummy bears or jelly beans?",I like gummy bears more overall.
p13_q06_a17,p13,candy,gummy bears,jelly beans,q06,a17,"Which do you think is better, gummy bears or jelly beans?","If I must pick, it is gummy bears."
p13_q06_a18,p13,candy,gummy bears,jelly beans,q06,a18,"Which do you think is better, gummy bears or jelly beans?",I would go with gummy bears.
p13_q06_a19,p13,candy,gummy bears,jelly beans,q06,a19,"Which do you think is better, gummy bears or jelly beans?",I would decide on gummy bears.
p13_q06_a20,p13,candy,gummy bears,jelly beans,q06,a20,"Which do you think is better, gummy bears or jelly beans?",I favor gummy bears.
p13_q07_a01,p13,candy,gummy bears,jelly beans,q07,a01,"If you compare gummy bears with jelly beans, which do you lean toward?",I prefer gummy bears.
p13_q07_a02,p13,candy,gummy bears,jelly beans,q07,a02,"If you compare gummy bears with jelly beans, which do you lean toward?",I like gummy bears more.
p13_q07_a03,p13,candy,gummy bears,jelly beans,q07,a03,"If you compare gummy bears with jelly beans, which do you lean toward?",I would choose gummy bears.
p13_q07_a04,p13,candy,gummy bears,jelly beans,q07,a04,"If you compare gummy bears with jelly beans, which do you lean toward?",My preference is gummy bears.
p13_q07_a05,p13,candy,gummy bears,jelly beans,q07,a05,"If you compare gummy bears with jelly beans, which do you lean toward?",gummy bears appeals to me more.
p13_q07_a06,p13,candy,gummy bears,jelly beans,q07,a06,"If you compare gummy bears with jelly beans, which do you lean toward?",I think gummy bears is better for me.
p13_q07_a07,p13,candy,gummy bears,jelly beans,q07,a07,"If you compare gummy bears with jelly beans, which do you lean toward?",I lean toward gummy bears.
p13_q07_a08,p13,candy,gummy bears,jelly beans,q07,a08,"If you compare gummy bears with jelly beans, which do you lean toward?",I would rather have gummy bears.
p13_q07_a09,p13,candy,gummy bears,jelly beans,q07,a09,"If you compare gummy bears with jelly beans, which do you lean toward?",gummy bears suits me better.
p13_q07_a10,p13,candy,gummy bears,jelly beans,q07,a10,"If you compare gummy bears with jelly beans, which do you lean toward?",I like gummy bears better.
p13_q07_a11,p13,candy,gummy bears,jelly beans,q07,a11,"If you compare gummy bears with jelly beans, which do you lean toward?","Personally, I prefer gummy bears."
p13_q07_a12,p13,candy,gummy bears,jelly beans,q07,a12,"If you compare gummy bears with jelly beans, which do you lean toward?",I would pick gummy bears.
p13_q07_a13,p13,candy,gummy bears,jelly beans,q07,a13,"If you compare gummy bears with jelly beans, which do you lean toward?",I find gummy bears more appealing.
p13_q07_a14,p13,candy,gummy bears,jelly beans,q07,a14,"If you compare gummy bears with jelly beans, which do you lean toward?",I choose gummy bears.
p13_q07_a15,p13,candy,gummy bears,jelly beans,q07,a15,"If you compare gummy bears with jelly beans, which do you lean toward?",gummy bears fits me better.
p13_q07_a16,p13,candy,gummy bears,jelly beans,q07,a16,"If you compare gummy bears with jelly beans, which do you lean toward?",I like gummy bears more overall.
p13_q07_a17,p13,candy,gummy bears,jelly beans,q07,a17,"If you compare gummy bears with jelly beans, which do you lean toward?","If I must pick, it is gummy bears."
p13_q07_a18,p13,candy,gummy bears,jelly beans,q07,a18,"If you compare gummy bears with jelly beans, which do you lean toward?",I would go with gummy bears.
p13_q07_a19,p13,candy,gummy bears,jelly beans,q07,a19,"If you compare gummy bears with jelly beans, which do you lean toward?",I would decide on gummy bears.
p13_q07_a20,p13,candy,gummy bears,jelly beans,q07,a20,"If you compare gummy bears with jelly beans, which do you lean toward?",I favor gummy bears.
p13_q08_a01,p13,candy,gummy bears,jelly beans,q08,a01,"Which would you rather have, gummy bears or jelly beans?",I prefer gummy bears.
p13_q08_a02,p13,candy,gummy bears,jelly beans,q08,a02,"Which would you rather have, gummy bears or jelly beans?",I like gummy bears more.
p13_q08_a03,p13,candy,gummy bears,jelly beans,q08,a03,"Which would you rather have, gummy bears or jelly beans?",I would choose gummy bears.
p13_q08_a04,p13,candy,gummy bears,jelly beans,q08,a04,"Which would you rather have, gummy bears or jelly beans?",My preference is gummy bears.
p13_q08_a05,p13,candy,gummy bears,jelly beans,q08,a05,"Which would you rather have, gummy bears or jelly beans?",gummy bears appeals to me more.
p13_q08_a06,p13,candy,gummy bears,jelly beans,q08,a06,"Which would you rather have, gummy bears or jelly beans?",I think gummy bears is better for me.
p13_q08_a07,p13,candy,gummy bears,jelly beans,q08,a07,"Which would you rather have, gummy bears or jelly beans?",I lean toward gummy bears.
p13_q08_a08,p13,candy,gummy bears,jelly beans,q08,a08,"Which would you rather have, gummy bears or jelly beans?",I would rather have gummy bears.
p13_q08_a09,p13,candy,gummy bears,jelly beans,q08,a09,"Which would you rather have, gummy bears or jelly beans?",gummy bears suits me better.
p13_q08_a10,p13,candy,gummy bears,jelly beans,q08,a10,"Which would you rather have, gummy bears or jelly beans?",I like gummy bears better.
p13_q08_a11,p13,candy,gummy bears,jelly beans,q08,a11,"Which would you rather have, gummy bears or jelly beans?","Personally, I prefer gummy bears."
p13_q08_a12,p13,candy,gummy bears,jelly beans,q08,a12,"Which would you rather have, gummy bears or jelly beans?",I would pick gummy bears.
p13_q08_a13,p13,candy,gummy bears,jelly beans,q08,a13,"Which would you rather have, gummy bears or jelly beans?",I find gummy bears more appealing.
p13_q08_a14,p13,candy,gummy bears,jelly beans,q08,a14,"Which would you rather have, gummy bears or jelly beans?",I choose gummy bears.
p13_q08_a15,p13,candy,gummy bears,jelly beans,q08,a15,"Which would you rather have, gummy bears or jelly beans?",gummy bears fits me better.
p13_q08_a16,p13,candy,gummy bears,jelly beans,q08,a16,"Which would you rather have, gummy bears or jelly beans?",I like gummy bears more overall.
p13_q08_a17,p13,candy,gummy bears,jelly beans,q08,a17,"Which would you rather have, gummy bears or jelly beans?","If I must pick, it is gummy bears."
p13_q08_a18,p13,candy,gummy bears,jelly beans,q08,a18,"Which would you rather have, gummy bears or jelly beans?",I would go with gummy bears.
p13_q08_a19,p13,candy,gummy bears,jelly beans,q08,a19,"Which would you rather have, gummy bears or jelly beans?",I would decide on gummy bears.
p13_q08_a20,p13,candy,gummy bears,jelly beans,q08,a20,"Which would you rather have, gummy bears or jelly beans?",I favor gummy bears.
p13_q09_a01,p13,candy,gummy bears,jelly beans,q09,a01,"Between gummy bears and jelly beans, which one suits you better?",I prefer gummy bears.
p13_q09_a02,p13,candy,gummy bears,jelly beans,q09,a02,"Between gummy bears and jelly beans, which one suits you better?",I like gummy bears more.
p13_q09_a03,p13,candy,gummy bears,jelly beans,q09,a03,"Between gummy bears and jelly beans, which one suits you better?",I would choose gummy bears.
p13_q09_a04,p13,candy,gummy bears,jelly beans,q09,a04,"Between gummy bears and jelly beans, which one suits you better?",My preference is gummy bears.
p13_q09_a05,p13,candy,gummy bears,jelly beans,q09,a05,"Between gummy bears and jelly beans, which one suits you better?",gummy bears appeals to me more.
p13_q09_a06,p13,candy,gummy bears,jelly beans,q09,a06,"Between gummy bears and jelly beans, which one suits you better?",I think gummy bears is better for me.
p13_q09_a07,p13,candy,gummy bears,jelly beans,q09,a07,"Between gummy bears and jelly beans, which one suits you better?",I lean toward gummy bears.
p13_q09_a08,p13,candy,gummy bears,jelly beans,q09,a08,"Between gummy bears and jelly beans, which one suits you better?",I would rather have gummy bears.
p13_q09_a09,p13,candy,gummy bears,jelly beans,q09,a09,"Between gummy bears and jelly beans, which one suits you better?",gummy bears suits me better.
p13_q09_a10,p13,candy,gummy bears,jelly beans,q09,a10,"Between gummy bears and jelly beans, which one suits you better?",I like gummy bears better.
p13_q09_a11,p13,candy,gummy bears,jelly beans,q09,a11,"Between gummy bears and jelly beans, which one suits you better?","Personally, I prefer gummy bears."
p13_q09_a12,p13,candy,gummy bears,jelly beans,q09,a12,"Between gummy bears and jelly beans, which one suits you better?",I would pick gummy bears.
p13_q09_a13,p13,candy,gummy bears,jelly beans,q09,a13,"Between gummy bears and jelly beans, which one suits you better?",I find gummy bears more appealing.
p13_q09_a14,p13,candy,gummy bears,jelly beans,q09,a14,"Between gummy bears and jelly beans, which one suits you better?",I choose gummy bears.
p13_q09_a15,p13,candy,gummy bears,jelly beans,q09,a15,"Between gummy bears and jelly beans, which one suits you better?",gummy bears fits me better.
p13_q09_a16,p13,candy,gummy bears,jelly beans,q09,a16,"Between gummy bears and jelly beans, which one suits you better?",I like gummy bears more overall.
p13_q09_a17,p13,candy,gummy bears,jelly beans,q09,a17,"Between gummy bears and jelly beans, which one suits you better?","If I must pick, it is gummy bears."
p13_q09_a18,p13,candy,gummy bears,jelly beans,q09,a18,"Between gummy bears and jelly beans, which one suits you better?",I would go with gummy bears.
p13_q09_a19,p13,candy,gummy bears,jelly beans,q09,a19,"Between gummy bears and jelly beans, which one suits you better?",I would decide on gummy bears.
p13_q09_a20,p13,candy,gummy bears,jelly beans,q09,a20,"Between gummy bears and jelly beans, which one suits you better?",I favor gummy bears.
p13_q10_a01,p13,candy,gummy bears,jelly beans,q10,a01,Do you like gummy bears more than jelly beans?,I prefer gummy bears.
p13_q10_a02,p13,candy,gummy bears,jelly beans,q10,a02,Do you like gummy bears more than jelly beans?,I like gummy bears more.
p13_q10_a03,p13,candy,gummy bears,jelly beans,q10,a03,Do you like gummy bears more than jelly beans?,I would choose gummy bears.
p13_q10_a04,p13,candy,gummy bears,jelly beans,q10,a04,Do you like gummy bears more than jelly beans?,My preference is gummy bears.
p13_q10_a05,p13,candy,gummy bears,jelly beans,q10,a05,Do you like gummy bears more than jelly beans?,gummy bears appeals to me more.
p13_q10_a06,p13,candy,gummy bears,jelly beans,q10,a06,Do you like gummy bears more than jelly beans?,I think gummy bears is better for me.
p13_q10_a07,p13,candy,gummy bears,jelly beans,q10,a07,Do you like gummy bears more than jelly beans?,I lean toward gummy bears.
p13_q10_a08,p13,candy,gummy bears,jelly beans,q10,a08,Do you like gummy bears more than jelly beans?,I would rather have gummy bears.
p13_q10_a09,p13,candy,gummy bears,jelly beans,q10,a09,Do you like gummy bears more than jelly beans?,gummy bears suits me better.
p13_q10_a10,p13,candy,gummy bears,jelly beans,q10,a10,Do you like gummy bears more than jelly beans?,I like gummy bears better.
p13_q10_a11,p13,candy,gummy bears,jelly beans,q10,a11,Do you like gummy bears more than jelly beans?,"Personally, I prefer gummy bears."
p13_q10_a12,p13,candy,gummy bears,jelly beans,q10,a12,Do you like gummy bears more than jelly beans?,I would pick gummy bears.
p13_q10_a13,p13,candy,gummy bears,jelly beans,q10,a13,Do you like gummy bears more than jelly beans?,I find gummy bears more appealing.
p13_q10_a14,p13,candy,gummy bears,jelly beans,q10,a14,Do you like gummy bears more than jelly beans?,I choose gummy bears.
p13_q10_a15,p13,candy,gummy bears,jelly beans,q10,a15,Do you like gummy bears more than jelly beans?,gummy bears fits me better.
p13_q10_a16,p13,candy,gummy bears,jelly beans,q10,a16,Do you like gummy bears more than jelly beans?,I like gummy bears more overall.
p13_q10_a17,p13,candy,gummy bears,jelly beans,q10,a17,Do you like gummy bears more than jelly beans?,"If I must pick, it is gummy bears."
p13_q10_a18,p13,candy,gummy bears,jelly beans,q10,a18,Do you like gummy bears more than jelly beans?,I would go with gummy bears.
p13_q10_a19,p13,candy,gummy bears,jelly beans,q10,a19,Do you like gummy bears more than jelly beans?,I would decide on gummy bears.
p13_q10_a20,p13,candy,gummy bears,jelly beans,q10,a20,Do you like gummy bears more than jelly beans?,I favor gummy bears.
p13_q11_a01,p13,candy,gummy bears,jelly beans,q11,a01,"Which option do you personally prefer, gummy bears or jelly beans?",I prefer gummy bears.
p13_q11_a02,p13,candy,gummy bears,jelly beans,q11,a02,"Which option do you personally prefer, gummy bears or jelly beans?",I like gummy bears more.
p13_q11_a03,p13,candy,gummy bears,jelly beans,q11,a03,"Which option do you personally prefer, gummy bears or jelly beans?",I would choose gummy bears.
p13_q11_a04,p13,candy,gummy bears,jelly beans,q11,a04,"Which option do you personally prefer, gummy bears or jelly beans?",My preference is gummy bears.
p13_q11_a05,p13,candy,gummy bears,jelly beans,q11,a05,"Which option do you personally prefer, gummy bears or jelly beans?",gummy bears appeals to me more.
p13_q11_a06,p13,candy,gummy bears,jelly beans,q11,a06,"Which option do you personally prefer, gummy bears or jelly beans?",I think gummy bears is better for me.
p13_q11_a07,p13,candy,gummy bears,jelly beans,q11,a07,"Which option do you personally prefer, gummy bears or jelly beans?",I lean toward gummy bears.
p13_q11_a08,p13,candy,gummy bears,jelly beans,q11,a08,"Which option do you personally prefer, gummy bears or jelly beans?",I would rather have gummy bears.
p13_q11_a09,p13,candy,gummy bears,jelly beans,q11,a09,"Which option do you personally prefer, gummy bears or jelly beans?",gummy bears suits me better.
p13_q11_a10,p13,candy,gummy bears,jelly beans,q11,a10,"Which option do you personally prefer, gummy bears or jelly beans?",I like gummy bears better.
p13_q11_a11,p13,candy,gummy bears,jelly beans,q11,a11,"Which option do you personally prefer, gummy bears or jelly beans?","Personally, I prefer gummy bears."
p13_q11_a12,p13,candy,gummy bears,jelly beans,q11,a12,"Which option do you personally prefer, gummy bears or jelly beans?",I would pick gummy bears.
p13_q11_a13,p13,candy,gummy bears,jelly beans,q11,a13,"Which option do you personally prefer, gummy bears or jelly beans?",I find gummy bears more appealing.
p13_q11_a14,p13,candy,gummy bears,jelly beans,q11,a14,"Which option do you personally prefer, gummy bears or jelly beans?",I choose gummy bears.
p13_q11_a15,p13,candy,gummy bears,jelly beans,q11,a15,"Which option do you personally prefer, gummy bears or jelly beans?",gummy bears fits me better.
p13_q11_a16,p13,candy,gummy bears,jelly beans,q11,a16,"Which option do you personally prefer, gummy bears or jelly beans?",I like gummy bears more overall.
p13_q11_a17,p13,candy,gummy bears,jelly beans,q11,a17,"Which option do you personally prefer, gummy bears or jelly beans?","If I must pick, it is gummy bears."
p13_q11_a18,p13,candy,gummy bears,jelly beans,q11,a18,"Which option do you personally prefer, gummy bears or jelly beans?",I would go with gummy bears.
p13_q11_a19,p13,candy,gummy bears,jelly beans,q11,a19,"Which option do you personally prefer, gummy bears or jelly beans?",I would decide on gummy bears.
p13_q11_a20,p13,candy,gummy bears,jelly beans,q11,a20,"Which option do you personally prefer, gummy bears or jelly beans?",I favor gummy bears.
p13_q12_a01,p13,candy,gummy bears,jelly beans,q12,a01,"If asked to pick one, gummy bears or jelly beans, what would you pick?",I prefer gummy bears.
p13_q12_a02,p13,candy,gummy bears,jelly beans,q12,a02,"If asked to pick one, gummy bears or jelly beans, what would you pick?",I like gummy bears more.
p13_q12_a03,p13,candy,gummy bears,jelly beans,q12,a03,"If asked to pick one, gummy bears or jelly beans, what would you pick?",I would choose gummy bears.
p13_q12_a04,p13,candy,gummy bears,jelly beans,q12,a04,"If asked to pick one, gummy bears or jelly beans, what would you pick?",My preference is gummy bears.
p13_q12_a05,p13,candy,gummy bears,jelly beans,q12,a05,"If asked to pick one, gummy bears or jelly beans, what would you pick?",gummy bears appeals to me more.
p13_q12_a06,p13,candy,gummy bears,jelly beans,q12,a06,"If asked to pick one, gummy bears or jelly beans, what would you pick?",I think gummy bears is better for me.
p13_q12_a07,p13,candy,gummy bears,jelly beans,q12,a07,"If asked to pick one, gummy bears or jelly beans, what would you pick?",I lean toward gummy bears.
p13_q12_a08,p13,candy,gummy bears,jelly beans,q12,a08,"If asked to pick one, gummy bears or jelly beans, what would you pick?",I would rather have gummy bears.
p13_q12_a09,p13,candy,gummy bears,jelly beans,q12,a09,"If asked to pick one, gummy bears or jelly beans, what would you pick?",gummy bears suits me better.
p13_q12_a10,p13,candy,gummy bears,jelly beans,q12,a10,"If asked to pick one, gummy bears or jelly beans, what would you pick?",I like gummy bears better.
p13_q12_a11,p13,candy,gummy bears,jelly beans,q12,a11,"If asked to pick one, gummy bears or jelly beans, what would you pick?","Personally, I prefer gummy bears."
p13_q12_a12,p13,candy,gummy bears,jelly beans,q12,a12,"If asked to pick one, gummy bears or jelly beans, what would you pick?",I would pick gummy bears.
p13_q12_a13,p13,candy,gummy bears,jelly beans,q12,a13,"If asked to pick one, gummy bears or jelly beans, what would you pick?",I find gummy bears more appealing.
p13_q12_a14,p13,candy,gummy bears,jelly beans,q12,a14,"If asked to pick one, gummy bears or jelly beans, what would you pick?",I choose gummy bears.
p13_q12_a15,p13,candy,gummy bears,jelly beans,q12,a15,"If asked to pick one, gummy bears or jelly beans, what would you pick?",gummy bears fits me better.
p13_q12_a16,p13,candy,gummy bears,jelly beans,q12,a16,"If asked to pick one, gummy bears or jelly beans, what would you pick?",I like gummy bears more overall.
p13_q12_a17,p13,candy,gummy bears,jelly beans,q12,a17,"If asked to pick one, gummy bears or jelly beans, what would you pick?","If I must pick, it is gummy bears."
p13_q12_a18,p13,candy,gummy bears,jelly beans,q12,a18,"If asked to pick one, gummy bears or jelly beans, what would you pick?",I would go with gummy bears.
p13_q12_a19,p13,candy,gummy bears,jelly beans,q12,a19,"If asked to pick one, gummy bears or jelly beans, what would you pick?",I would decide on gummy bears.
p13_q12_a20,p13,candy,gummy bears,jelly beans,q12,a20,"If asked to pick one, gummy bears or jelly beans, what would you pick?",I favor gummy bears.
p13_q13_a01,p13,candy,gummy bears,jelly beans,q13,a01,"Which do you find more appealing, gummy bears or jelly beans?",I prefer gummy bears.
p13_q13_a02,p13,candy,gummy bears,jelly beans,q13,a02,"Which do you find more appealing, gummy bears or jelly beans?",I like gummy bears more.
p13_q13_a03,p13,candy,gummy bears,jelly beans,q13,a03,"Which do you find more appealing, gummy bears or jelly beans?",I would choose gummy bears.
p13_q13_a04,p13,candy,gummy bears,jelly beans,q13,a04,"Which do you find more appealing, gummy bears or jelly beans?",My preference is gummy bears.
p13_q13_a05,p13,candy,gummy bears,jelly beans,q13,a05,"Which do you find more appealing, gummy bears or jelly beans?",gummy bears appeals to me more.
p13_q13_a06,p13,candy,gummy bears,jelly beans,q13,a06,"Which do you find more appealing, gummy bears or jelly beans?",I think gummy bears is better for me.
p13_q13_a07,p13,candy,gummy bears,jelly beans,q13,a07,"Which do you find more appealing, gummy bears or jelly beans?",I lean toward gummy bears.
p13_q13_a08,p13,candy,gummy bears,jelly beans,q13,a08,"Which do you find more appealing, gummy bears or jelly beans?",I would rather have gummy bears.
p13_q13_a09,p13,candy,gummy bears,jelly beans,q13,a09,"Which do you find more appealing, gummy bears or jelly beans?",gummy bears suits me better.
p13_q13_a10,p13,candy,gummy bears,jelly beans,q13,a10,"Which do you find more appealing, gummy bears or jelly beans?",I like gummy bears better.
p13_q13_a11,p13,candy,gummy bears,jelly beans,q13,a11,"Which do you find more appealing, gummy bears or jelly beans?","Personally, I prefer gummy bears."
p13_q13_a12,p13,candy,gummy bears,jelly beans,q13,a12,"Which do you find more appealing, gummy bears or jelly beans?",I would pick gummy bears.
p13_q13_a13,p13,candy,gummy bears,jelly beans,q13,a13,"Which do you find more appealing, gummy bears or jelly beans?",I find gummy bears more appealing.
p13_q13_a14,p13,candy,gummy bears,jelly beans,q13,a14,"Which do you find more appealing, gummy bears or jelly beans?",I choose gummy bears.
p13_q13_a15,p13,candy,gummy bears,jelly beans,q13,a15,"Which do you find more appealing, gummy bears or jelly beans?",gummy bears fits me better.
p13_q13_a16,p13,candy,gummy bears,jelly beans,q13,a16,"Which do you find more appealing, gummy bears or jelly beans?",I like gummy bears more overall.
p13_q13_a17,p13,candy,gummy bears,jelly beans,q13,a17,"Which do you find more appealing, gummy bears or jelly beans?","If I must pick, it is gummy bears."
p13_q13_a18,p13,candy,gummy bears,jelly beans,q13,a18,"Which do you find more appealing, gummy bears or jelly beans?",I would go with gummy bears.
p13_q13_a19,p13,candy,gummy bears,jelly beans,q13,a19,"Which do you find more appealing, gummy bears or jelly beans?",I would decide on gummy bears.
p13_q13_a20,p13,candy,gummy bears,jelly beans,q13,a20,"Which do you find more appealing, gummy bears or jelly beans?",I favor gummy bears.
p13_q14_a01,p13,candy,gummy bears,jelly beans,q14,a01,"When choosing between gummy bears and jelly beans, which do you choose?",I prefer gummy bears.
p13_q14_a02,p13,candy,gummy bears,jelly beans,q14,a02,"When choosing between gummy bears and jelly beans, which do you choose?",I like gummy bears more.
p13_q14_a03,p13,candy,gummy bears,jelly beans,q14,a03,"When choosing between gummy bears and jelly beans, which do you choose?",I would choose gummy bears.
p13_q14_a04,p13,candy,gummy bears,jelly beans,q14,a04,"When choosing between gummy bears and jelly beans, which do you choose?",My preference is gummy bears.
p13_q14_a05,p13,candy,gummy bears,jelly beans,q14,a05,"When choosing between gummy bears and jelly beans, which do you choose?",gummy bears appeals to me more.
p13_q14_a06,p13,candy,gummy bears,jelly beans,q14,a06,"When choosing between gummy bears and jelly beans, which do you choose?",I think gummy bears is better for me.
p13_q14_a07,p13,candy,gummy bears,jelly beans,q14,a07,"When choosing between gummy bears and jelly beans, which do you choose?",I lean toward gummy bears.
p13_q14_a08,p13,candy,gummy bears,jelly beans,q14,a08,"When choosing between gummy bears and jelly beans, which do you choose?",I would rather have gummy bears.
p13_q14_a09,p13,candy,gummy bears,jelly beans,q14,a09,"When choosing between gummy bears and jelly beans, which do you choose?",gummy bears suits me better.
p13_q14_a10,p13,candy,gummy bears,jelly beans,q14,a10,"When choosing between gummy bears and jelly beans, which do you choose?",I like gummy bears better.
p13_q14_a11,p13,candy,gummy bears,jelly beans,q14,a11,"When choosing between gummy bears and jelly beans, which do you choose?","Personally, I prefer gummy bears."
p13_q14_a12,p13,candy,gummy bears,jelly beans,q14,a12,"When choosing between gummy bears and jelly beans, which do you choose?",I would pick gummy bears.
p13_q14_a13,p13,candy,gummy bears,jelly beans,q14,a13,"When choosing between gummy bears and jelly beans, which do you choose?",I find gummy bears more appealing.
p13_q14_a14,p13,candy,gummy bears,jelly beans,q14,a14,"When choosing between gummy bears and jelly beans, which do you choose?",I choose gummy bears.
p13_q14_a15,p13,candy,gummy bears,jelly beans,q14,a15,"When choosing between gummy bears and jelly beans, which do you choose?",gummy bears fits me better.
p13_q14_a16,p13,candy,gummy bears,jelly beans,q14,a16,"When choosing between gummy bears and jelly beans, which do you choose?",I like gummy bears more overall.
p13_q14_a17,p13,candy,gummy bears,jelly beans,q14,a17,"When choosing between gummy bears and jelly beans, which do you choose?","If I must pick, it is gummy bears."
p13_q14_a18,p13,candy,gummy bears,jelly beans,q14,a18,"When choosing between gummy bears and jelly beans, which do you choose?",I would go with gummy bears.
p13_q14_a19,p13,candy,gummy bears,jelly beans,q14,a19,"When choosing between gummy bears and jelly beans, which do you choose?",I would decide on gummy bears.
p13_q14_a20,p13,candy,gummy bears,jelly beans,q14,a20,"When choosing between gummy bears and jelly beans, which do you choose?",I favor gummy bears.
p13_q15_a01,p13,candy,gummy bears,jelly beans,q15,a01,"Which option do you think fits you better, gummy bears or jelly beans?",I prefer gummy bears.
p13_q15_a02,p13,candy,gummy bears,jelly beans,q15,a02,"Which option do you think fits you better, gummy bears or jelly beans?",I like gummy bears more.
p13_q15_a03,p13,candy,gummy bears,jelly beans,q15,a03,"Which option do you think fits you better, gummy bears or jelly beans?",I would choose gummy bears.
p13_q15_a04,p13,candy,gummy bears,jelly beans,q15,a04,"Which option do you think fits you better, gummy bears or jelly beans?",My preference is gummy bears.
p13_q15_a05,p13,candy,gummy bears,jelly beans,q15,a05,"Which option do you think fits you better, gummy bears or jelly beans?",gummy bears appeals to me more.
p13_q15_a06,p13,candy,gummy bears,jelly beans,q15,a06,"Which option do you think fits you better, gummy bears or jelly beans?",I think gummy bears is better for me.
p13_q15_a07,p13,candy,gummy bears,jelly beans,q15,a07,"Which option do you think fits you better, gummy bears or jelly beans?",I lean toward gummy bears.
p13_q15_a08,p13,candy,gummy bears,jelly beans,q15,a08,"Which option do you think fits you better, gummy bears or jelly beans?",I would rather have gummy bears.
p13_q15_a09,p13,candy,gummy bears,jelly beans,q15,a09,"Which option do you think fits you better, gummy bears or jelly beans?",gummy bears suits me better.
p13_q15_a10,p13,candy,gummy bears,jelly beans,q15,a10,"Which option do you think fits you better, gummy bears or jelly beans?",I like gummy bears better.
p13_q15_a11,p13,candy,gummy bears,jelly beans,q15,a11,"Which option do you think fits you better, gummy bears or jelly beans?","Personally, I prefer gummy bears."
p13_q15_a12,p13,candy,gummy bears,jelly beans,q15,a12,"Which option do you think fits you better, gummy bears or jelly beans?",I would pick gummy bears.
p13_q15_a13,p13,candy,gummy bears,jelly beans,q15,a13,"Which option do you think fits you better, gummy bears or jelly beans?",I find gummy bears more appealing.
p13_q15_a14,p13,candy,gummy bears,jelly beans,q15,a14,"Which option do you think fits you better, gummy bears or jelly beans?",I choose gummy bears.
p13_q15_a15,p13,candy,gummy bears,jelly beans,q15,a15,"Which option do you think fits you better, gummy bears or jelly beans?",gummy bears fits me better.
p13_q15_a16,p13,candy,gummy bears,jelly beans,q15,a16,"Which option do you think fits you better, gummy bears or jelly beans?",I like gummy bears more overall.
p13_q15_a17,p13,candy,gummy bears,jelly beans,q15,a17,"Which option do you think fits you better, gummy bears or jelly beans?","If I must pick, it is gummy bears."
p13_q15_a18,p13,candy,gummy bears,jelly beans,q15,a18,"Which option do you think fits you better, gummy bears or jelly beans?",I would go with gummy bears.
p13_q15_a19,p13,candy,gummy bears,jelly beans,q15,a19,"Which option do you think fits you better, gummy bears or jelly beans?",I would decide on gummy bears.
p13_q15_a20,p13,candy,gummy bears,jelly beans,q15,a20,"Which option do you think fits you better, gummy bears or jelly beans?",I favor gummy bears.
p13_q16_a01,p13,candy,gummy bears,jelly beans,q16,a01,"Out of gummy bears and jelly beans, which do you like better?",I prefer gummy bears.
p13_q16_a02,p13,candy,gummy bears,jelly beans,q16,a02,"Out of gummy bears and jelly beans, which do you like better?",I like gummy bears more.
p13_q16_a03,p13,candy,gummy bears,jelly beans,q16,a03,"Out of gummy bears and jelly beans, which do you like better?",I would choose gummy bears.
p13_q16_a04,p13,candy,gummy bears,jelly beans,q16,a04,"Out of gummy bears and jelly beans, which do you like better?",My preference is gummy bears.
p13_q16_a05,p13,candy,gummy bears,jelly beans,q16,a05,"Out of gummy bears and jelly beans, which do you like better?",gummy bears appeals to me more.
p13_q16_a06,p13,candy,gummy bears,jelly beans,q16,a06,"Out of gummy bears and jelly beans, which do you like better?",I think gummy bears is better for me.
p13_q16_a07,p13,candy,gummy bears,jelly beans,q16,a07,"Out of gummy bears and jelly beans, which do you like better?",I lean toward gummy bears.
p13_q16_a08,p13,candy,gummy bears,jelly beans,q16,a08,"Out of gummy bears and jelly beans, which do you like better?",I would rather have gummy bears.
p13_q16_a09,p13,candy,gummy bears,jelly beans,q16,a09,"Out of gummy bears and jelly beans, which do you like better?",gummy bears suits me better.
p13_q16_a10,p13,candy,gummy bears,jelly beans,q16,a10,"Out of gummy bears and jelly beans, which do you like better?",I like gummy bears better.
p13_q16_a11,p13,candy,gummy bears,jelly beans,q16,a11,"Out of gummy bears and jelly beans, which do you like better?","Personally, I prefer gummy bears."
p13_q16_a12,p13,candy,gummy bears,jelly beans,q16,a12,"Out of gummy bears and jelly beans, which do you like better?",I would pick gummy bears.
p13_q16_a13,p13,candy,gummy bears,jelly beans,q16,a13,"Out of gummy bears and jelly beans, which do you like better?",I find gummy bears more appealing.
p13_q16_a14,p13,candy,gummy bears,jelly beans,q16,a14,"Out of gummy bears and jelly beans, which do you like better?",I choose gummy bears.
p13_q16_a15,p13,candy,gummy bears,jelly beans,q16,a15,"Out of gummy bears and jelly beans, which do you like better?",gummy bears fits me better.
p13_q16_a16,p13,candy,gummy bears,jelly beans,q16,a16,"Out of gummy bears and jelly beans, which do you like better?",I like gummy bears more overall.
p13_q16_a17,p13,candy,gummy bears,jelly beans,q16,a17,"Out of gummy bears and jelly beans, which do you like better?","If I must pick, it is gummy bears."
p13_q16_a18,p13,candy,gummy bears,jelly beans,q16,a18,"Out of gummy bears and jelly beans, which do you like better?",I would go with gummy bears.
p13_q16_a19,p13,candy,gummy bears,jelly beans,q16,a19,"Out of gummy bears and jelly beans, which do you like better?",I would decide on gummy bears.
p13_q16_a20,p13,candy,gummy bears,jelly beans,q16,a20,"Out of gummy bears and jelly beans, which do you like better?",I favor gummy bears.
p13_q17_a01,p13,candy,gummy bears,jelly beans,q17,a01,Do you have a preference between gummy bears and jelly beans?,I prefer gummy bears.
p13_q17_a02,p13,candy,gummy bears,jelly beans,q17,a02,Do you have a preference between gummy bears and jelly beans?,I like gummy bears more.
p13_q17_a03,p13,candy,gummy bears,jelly beans,q17,a03,Do you have a preference between gummy bears and jelly beans?,I would choose gummy bears.
p13_q17_a04,p13,candy,gummy bears,jelly beans,q17,a04,Do you have a preference between gummy bears and jelly beans?,My preference is gummy bears.
p13_q17_a05,p13,candy,gummy bears,jelly beans,q17,a05,Do you have a preference between gummy bears and jelly beans?,gummy bears appeals to me more.
p13_q17_a06,p13,candy,gummy bears,jelly beans,q17,a06,Do you have a preference between gummy bears and jelly beans?,I think gummy bears is better for me.
p13_q17_a07,p13,candy,gummy bears,jelly beans,q17,a07,Do you have a preference between gummy bears and jelly beans?,I lean toward gummy bears.
p13_q17_a08,p13,candy,gummy bears,jelly beans,q17,a08,Do you have a preference between gummy bears and jelly beans?,I would rather have gummy bears.
p13_q17_a09,p13,candy,gummy bears,jelly beans,q17,a09,Do you have a preference between gummy bears and jelly beans?,gummy bears suits me better.
p13_q17_a10,p13,candy,gummy bears,jelly beans,q17,a10,Do you have a preference between gummy bears and jelly beans?,I like gummy bears better.
p13_q17_a11,p13,candy,gummy bears,jelly beans,q17,a11,Do you have a preference between gummy bears and jelly beans?,"Personally, I prefer gummy bears."
p13_q17_a12,p13,candy,gummy bears,jelly beans,q17,a12,Do you have a preference between gummy bears and jelly beans?,I would pick gummy bears.
p13_q17_a13,p13,candy,gummy bears,jelly beans,q17,a13,Do you have a preference between gummy bears and jelly beans?,I find gummy bears more appealing.
p13_q17_a14,p13,candy,gummy bears,jelly beans,q17,a14,Do you have a preference between gummy bears and jelly beans?,I choose gummy bears.
p13_q17_a15,p13,candy,gummy bears,jelly beans,q17,a15,Do you have a preference between gummy bears and jelly beans?,gummy bears fits me better.
p13_q17_a16,p13,candy,gummy bears,jelly beans,q17,a16,Do you have a preference between gummy bears and jelly beans?,I like gummy bears more overall.
p13_q17_a17,p13,candy,gummy bears,jelly beans,q17,a17,Do you have a preference between gummy bears and jelly beans?,"If I must pick, it is gummy bears."
p13_q17_a18,p13,candy,gummy bears,jelly beans,q17,a18,Do you have a preference between gummy bears and jelly beans?,I would go with gummy bears.
p13_q17_a19,p13,candy,gummy bears,jelly beans,q17,a19,Do you have a preference between gummy bears and jelly beans?,I would decide on gummy bears.
p13_q17_a20,p13,candy,gummy bears,jelly beans,q17,a20,Do you have a preference between gummy bears and jelly beans?,I favor gummy bears.
p13_q18_a01,p13,candy,gummy bears,jelly beans,q18,a01,"Which one would you go with, gummy bears or jelly beans?",I prefer gummy bears.
p13_q18_a02,p13,candy,gummy bears,jelly beans,q18,a02,"Which one would you go with, gummy bears or jelly beans?",I like gummy bears more.
p13_q18_a03,p13,candy,gummy bears,jelly beans,q18,a03,"Which one would you go with, gummy bears or jelly beans?",I would choose gummy bears.
p13_q18_a04,p13,candy,gummy bears,jelly beans,q18,a04,"Which one would you go with, gummy bears or jelly beans?",My preference is gummy bears.
p13_q18_a05,p13,candy,gummy bears,jelly beans,q18,a05,"Which one would you go with, gummy bears or jelly beans?",gummy bears appeals to me more.
p13_q18_a06,p13,candy,gummy bears,jelly beans,q18,a06,"Which one would you go with, gummy bears or jelly beans?",I think gummy bears is better for me.
p13_q18_a07,p13,candy,gummy bears,jelly beans,q18,a07,"Which one would you go with, gummy bears or jelly beans?",I lean toward gummy bears.
p13_q18_a08,p13,candy,gummy bears,jelly beans,q18,a08,"Which one would you go with, gummy bears or jelly beans?",I would rather have gummy bears.
p13_q18_a09,p13,candy,gummy bears,jelly beans,q18,a09,"Which one would you go with, gummy bears or jelly beans?",gummy bears suits me better.
p13_q18_a10,p13,candy,gummy bears,jelly beans,q18,a10,"Which one would you go with, gummy bears or jelly beans?",I like gummy bears better.
p13_q18_a11,p13,candy,gummy bears,jelly beans,q18,a11,"Which one would you go with, gummy bears or jelly beans?","Personally, I prefer gummy bears."
p13_q18_a12,p13,candy,gummy bears,jelly beans,q18,a12,"Which one would you go with, gummy bears or jelly beans?",I would pick gummy bears.
p13_q18_a13,p13,candy,gummy bears,jelly beans,q18,a13,"Which one would you go with, gummy bears or jelly beans?",I find gummy bears more appealing.
p13_q18_a14,p13,candy,gummy bears,jelly beans,q18,a14,"Which one would you go with, gummy bears or jelly beans?",I choose gummy bears.
p13_q18_a15,p13,candy,gummy bears,jelly beans,q18,a15,"Which one would you go with, gummy bears or jelly beans?",gummy bears fits me better.
p13_q18_a16,p13,candy,gummy bears,jelly beans,q18,a16,"Which one would you go with, gummy bears or jelly beans?",I like gummy bears more overall.
p13_q18_a17,p13,candy,gummy bears,jelly beans,q18,a17,"Which one would you go with, gummy bears or jelly beans?","If I must pick, it is gummy bears."
p13_q18_a18,p13,candy,gummy bears,jelly beans,q18,a18,"Which one would you go with, gummy bears or jelly beans?",I would go with gummy bears.
p13_q18_a19,p13,candy,gummy bears,jelly beans,q18,a19,"Which one would you go with, gummy bears or jelly beans?",I would decide on gummy bears.
p13_q18_a20,p13,candy,gummy bears,jelly beans,q18,a20,"Which one would you go with, gummy bears or jelly beans?",I favor gummy bears.
p13_q19_a01,p13,candy,gummy bears,jelly beans,q19,a01,"If you were to decide between gummy bears and jelly beans, which would it be?",I prefer gummy bears.
p13_q19_a02,p13,candy,gummy bears,jelly beans,q19,a02,"If you were to decide between gummy bears and jelly beans, which would it be?",I like gummy bears more.
p13_q19_a03,p13,candy,gummy bears,jelly beans,q19,a03,"If you were to decide between gummy bears and jelly beans, which would it be?",I would choose gummy bears.
p13_q19_a04,p13,candy,gummy bears,jelly beans,q19,a04,"If you were to decide between gummy bears and jelly beans, which would it be?",My preference is gummy bears.
p13_q19_a05,p13,candy,gummy bears,jelly beans,q19,a05,"If you were to decide between gummy bears and jelly beans, which would it be?",gummy bears appeals to me more.
p13_q19_a06,p13,candy,gummy bears,jelly beans,q19,a06,"If you were to decide between gummy bears and jelly beans, which would it be?",I think gummy bears is better for me.
p13_q19_a07,p13,candy,gummy bears,jelly beans,q19,a07,"If you were to decide between gummy bears and jelly beans, which would it be?",I lean toward gummy bears.
p13_q19_a08,p13,candy,gummy bears,jelly beans,q19,a08,"If you were to decide between gummy bears and jelly beans, which would it be?",I would rather have gummy bears.
p13_q19_a09,p13,candy,gummy bears,jelly beans,q19,a09,"If you were to decide between gummy bears and jelly beans, which would it be?",gummy bears suits me better.
p13_q19_a10,p13,candy,gummy bears,jelly beans,q19,a10,"If you were to decide between gummy bears and jelly beans, which would it be?",I like gummy bears better.
p13_q19_a11,p13,candy,gummy bears,jelly beans,q19,a11,"If you were to decide between gummy bears and jelly beans, which would it be?","Personally, I prefer gummy bears."
p13_q19_a12,p13,candy,gummy bears,jelly beans,q19,a12,"If you were to decide between gummy bears and jelly beans, which would it be?",I would pick gummy bears.
p13_q19_a13,p13,candy,gummy bears,jelly beans,q19,a13,"If you were to decide between gummy bears and jelly beans, which would it be?",I find gummy bears more appealing.
p13_q19_a14,p13,candy,gummy bears,jelly beans,q19,a14,"If you were to decide between gummy bears and jelly beans, which would it be?",I choose gummy bears.
p13_q19_a15,p13,candy,gummy bears,jelly beans,q19,a15,"If you were to decide between gummy bears and jelly beans, which would it be?",gummy bears fits me better.
p13_q19_a16,p13,candy,gummy bears,jelly beans,q19,a16,"If you were to decide between gummy bears and jelly beans, which would it be?",I like gummy bears more overall.
p13_q19_a17,p13,candy,gummy bears,jelly beans,q19,a17,"If you were to decide between gummy bears and jelly beans, which would it be?","If I must pick, it is gummy bears."
p13_q19_a18,p13,candy,gummy bears,jelly beans,q19,a18,"If you were to decide between gummy bears and jelly beans, which would it be?",I would go with gummy bears.
p13_q19_a19,p13,candy,gummy bears,jelly beans,q19,a19,"If you were to decide between gummy bears and jelly beans, which would it be?",I would decide on gummy bears.
p13_q19_a20,p13,candy,gummy bears,jelly beans,q19,a20,"If you were to decide between gummy bears and jelly beans, which would it be?",I favor gummy bears.
p13_q20_a01,p13,candy,gummy bears,jelly beans,q20,a01,"Which of the two do you favor more, gummy bears or jelly beans?",I prefer gummy bears.
p13_q20_a02,p13,candy,gummy bears,jelly beans,q20,a02,"Which of the two do you favor more, gummy bears or jelly beans?",I like gummy bears more.
p13_q20_a03,p13,candy,gummy bears,jelly beans,q20,a03,"Which of the two do you favor more, gummy bears or jelly beans?",I would choose gummy bears.
p13_q20_a04,p13,candy,gummy bears,jelly beans,q20,a04,"Which of the two do you favor more, gummy bears or jelly beans?",My preference is gummy bears.
p13_q20_a05,p13,candy,gummy bears,jelly beans,q20,a05,"Which of the two do you favor more, gummy bears or jelly beans?",gummy bears appeals to me more.
p13_q20_a06,p13,candy,gummy bears,jelly beans,q20,a06,"Which of the two do you favor more, gummy bears or jelly beans?",I think gummy bears is better for me.
p13_q20_a07,p13,candy,gummy bears,jelly beans,q20,a07,"Which of the two do you favor more, gummy bears or jelly beans?",I lean toward gummy bears.
p13_q20_a08,p13,candy,gummy bears,jelly beans,q20,a08,"Which of the two do you favor more, gummy bears or jelly beans?",I would rather have gummy bears.
p13_q20_a09,p13,candy,gummy bears,jelly beans,q20,a09,"Which of the two do you favor more, gummy bears or jelly beans?",gummy bears suits me better.
p13_q20_a10,p13,candy,gummy bears,jelly beans,q20,a10,"Which of the two do you favor more, gummy bears or jelly beans?",I like gummy bears better.
p13_q20_a11,p13,candy,gummy bears,jelly beans,q20,a11,"Which of the two do you favor more, gummy bears or jelly beans?","Personally, I prefer gummy bears."
p13_q20_a12,p13,candy,gummy bears,jelly beans,q20,a12,"Which of the two do you favor more, gummy bears or jelly beans?",I would pick gummy bears.
p13_q20_a13,p13,candy,gummy bears,jelly beans,q20,a13,"Which of the two do you favor more, gummy bears or jelly beans?",I find gummy bears more appealing.
p13_q20_a14,p13,candy,gummy bears,jelly beans,q20,a14,"Which of the two do you favor more, gummy bears or jelly beans?",I choose gummy bears.
p13_q20_a15,p13,candy,gummy bears,jelly beans,q20,a15,"Which of the two do you favor more, gummy bears or jelly beans?",gummy bears fits me better.
p13_q20_a16,p13,candy,gummy bears,jelly beans,q20,a16,"Which of the two do you favor more, gummy bears or jelly beans?",I like gummy bears more overall.
p13_q20_a17,p13,candy,gummy bears,jelly beans,q20,a17,"Which of the two do you favor more, gummy bears or jelly beans?","If I must pick, it is gummy bears."
p13_q20_a18,p13,candy,gummy bears,jelly beans,q20,a18,"Which of the two do you favor more, gummy bears or jelly beans?",I would go with gummy bears.
p13_q20_a19,p13,candy,gummy bears,jelly beans,q20,a19,"Which of the two do you favor more, gummy bears or jelly beans?",I would decide on gummy bears.
p13_q20_a20,p13,candy,gummy bears,jelly beans,q20,a20,"Which of the two do you favor more, gummy bears or jelly beans?",I favor gummy bears.
p14_q01_a01,p14,vegetables,broccoli,carrots,q01,a01,"Which do you like more, broccoli or carrots?",I prefer broccoli.
p14_q01_a02,p14,vegetables,broccoli,carrots,q01,a02,"Which do you like more, broccoli or carrots?",I like broccoli more.
p14_q01_a03,p14,vegetables,broccoli,carrots,q01,a03,"Which do you like more, broccoli or carrots?",I would choose broccoli.
p14_q01_a04,p14,vegetables,broccoli,carrots,q01,a04,"Which do you like more, broccoli or carrots?",My preference is broccoli.
p14_q01_a05,p14,vegetables,broccoli,carrots,q01,a05,"Which do you like more, broccoli or carrots?",broccoli appeals to me more.
p14_q01_a06,p14,vegetables,broccoli,carrots,q01,a06,"Which do you like more, broccoli or carrots?",I think broccoli is better for me.
p14_q01_a07,p14,vegetables,broccoli,carrots,q01,a07,"Which do you like more, broccoli or carrots?",I lean toward broccoli.
p14_q01_a08,p14,vegetables,broccoli,carrots,q01,a08,"Which do you like more, broccoli or carrots?",I would rather have broccoli.
p14_q01_a09,p14,vegetables,broccoli,carrots,q01,a09,"Which do you like more, broccoli or carrots?",broccoli suits me better.
p14_q01_a10,p14,vegetables,broccoli,carrots,q01,a10,"Which do you like more, broccoli or carrots?",I like broccoli better.
p14_q01_a11,p14,vegetables,broccoli,carrots,q01,a11,"Which do you like more, broccoli or carrots?","Personally, I prefer broccoli."
p14_q01_a12,p14,vegetables,broccoli,carrots,q01,a12,"Which do you like more, broccoli or carrots?",I would pick broccoli.
p14_q01_a13,p14,vegetables,broccoli,carrots,q01,a13,"Which do you like more, broccoli or carrots?",I find broccoli more appealing.
p14_q01_a14,p14,vegetables,broccoli,carrots,q01,a14,"Which do you like more, broccoli or carrots?",I choose broccoli.
p14_q01_a15,p14,vegetables,broccoli,carrots,q01,a15,"Which do you like more, broccoli or carrots?",broccoli fits me better.
p14_q01_a16,p14,vegetables,broccoli,carrots,q01,a16,"Which do you like more, broccoli or carrots?",I like broccoli more overall.
p14_q01_a17,p14,vegetables,broccoli,carrots,q01,a17,"Which do you like more, broccoli or carrots?","If I must pick, it is broccoli."
p14_q01_a18,p14,vegetables,broccoli,carrots,q01,a18,"Which do you like more, broccoli or carrots?",I would go with broccoli.
p14_q01_a19,p14,vegetables,broccoli,carrots,q01,a19,"Which do you like more, broccoli or carrots?",I would decide on broccoli.
p14_q01_a20,p14,vegetables,broccoli,carrots,q01,a20,"Which do you like more, broccoli or carrots?",I favor broccoli.
p14_q02_a01,p14,vegetables,broccoli,carrots,q02,a01,"Between broccoli and carrots, which one do you prefer?",I prefer broccoli.
p14_q02_a02,p14,vegetables,broccoli,carrots,q02,a02,"Between broccoli and carrots, which one do you prefer?",I like broccoli more.
p14_q02_a03,p14,vegetables,broccoli,carrots,q02,a03,"Between broccoli and carrots, which one do you prefer?",I would choose broccoli.
p14_q02_a04,p14,vegetables,broccoli,carrots,q02,a04,"Between broccoli and carrots, which one do you prefer?",My preference is broccoli.
p14_q02_a05,p14,vegetables,broccoli,carrots,q02,a05,"Between broccoli and carrots, which one do you prefer?",broccoli appeals to me more.
p14_q02_a06,p14,vegetables,broccoli,carrots,q02,a06,"Between broccoli and carrots, which one do you prefer?",I think broccoli is better for me.
p14_q02_a07,p14,vegetables,broccoli,carrots,q02,a07,"Between broccoli and carrots, which one do you prefer?",I lean toward broccoli.
p14_q02_a08,p14,vegetables,broccoli,carrots,q02,a08,"Between broccoli and carrots, which one do you prefer?",I would rather have broccoli.
p14_q02_a09,p14,vegetables,broccoli,carrots,q02,a09,"Between broccoli and carrots, which one do you prefer?",broccoli suits me better.
p14_q02_a10,p14,vegetables,broccoli,carrots,q02,a10,"Between broccoli and carrots, which one do you prefer?",I like broccoli better.
p14_q02_a11,p14,vegetables,broccoli,carrots,q02,a11,"Between broccoli and carrots, which one do you prefer?","Personally, I prefer broccoli."
p14_q02_a12,p14,vegetables,broccoli,carrots,q02,a12,"Between broccoli and carrots, which one do you prefer?",I would pick broccoli.
p14_q02_a13,p14,vegetables,broccoli,carrots,q02,a13,"Between broccoli and carrots, which one do you prefer?",I find broccoli more appealing.
p14_q02_a14,p14,vegetables,broccoli,carrots,q02,a14,"Between broccoli and carrots, which one do you prefer?",I choose broccoli.
p14_q02_a15,p14,vegetables,broccoli,carrots,q02,a15,"Between broccoli and carrots, which one do you prefer?",broccoli fits me better.
p14_q02_a16,p14,vegetables,broccoli,carrots,q02,a16,"Between broccoli and carrots, which one do you prefer?",I like broccoli more overall.
p14_q02_a17,p14,vegetables,broccoli,carrots,q02,a17,"Between broccoli and carrots, which one do you prefer?","If I must pick, it is broccoli."
p14_q02_a18,p14,vegetables,broccoli,carrots,q02,a18,"Between broccoli and carrots, which one do you prefer?",I would go with broccoli.
p14_q02_a19,p14,vegetables,broccoli,carrots,q02,a19,"Between broccoli and carrots, which one do you prefer?",I would decide on broccoli.
p14_q02_a20,p14,vegetables,broccoli,carrots,q02,a20,"Between broccoli and carrots, which one do you prefer?",I favor broccoli.
p14_q03_a01,p14,vegetables,broccoli,carrots,q03,a01,"If you had to choose, broccoli or carrots?",I prefer broccoli.
p14_q03_a02,p14,vegetables,broccoli,carrots,q03,a02,"If you had to choose, broccoli or carrots?",I like broccoli more.
p14_q03_a03,p14,vegetables,broccoli,carrots,q03,a03,"If you had to choose, broccoli or carrots?",I would choose broccoli.
p14_q03_a04,p14,vegetables,broccoli,carrots,q03,a04,"If you had to choose, broccoli or carrots?",My preference is broccoli.
p14_q03_a05,p14,vegetables,broccoli,carrots,q03,a05,"If you had to choose, broccoli or carrots?",broccoli appeals to me more.
p14_q03_a06,p14,vegetables,broccoli,carrots,q03,a06,"If you had to choose, broccoli or carrots?",I think broccoli is better for me.
p14_q03_a07,p14,vegetables,broccoli,carrots,q03,a07,"If you had to choose, broccoli or carrots?",I lean toward broccoli.
p14_q03_a08,p14,vegetables,broccoli,carrots,q03,a08,"If you had to choose, broccoli or carrots?",I would rather have broccoli.
p14_q03_a09,p14,vegetables,broccoli,carrots,q03,a09,"If you had to choose, broccoli or carrots?",broccoli suits me better.
p14_q03_a10,p14,vegetables,broccoli,carrots,q03,a10,"If you had to choose, broccoli or carrots?",I like broccoli better.
p14_q03_a11,p14,vegetables,broccoli,carrots,q03,a11,"If you had to choose, broccoli or carrots?","Personally, I prefer broccoli."
p14_q03_a12,p14,vegetables,broccoli,carrots,q03,a12,"If you had to choose, broccoli or carrots?",I would pick broccoli.
p14_q03_a13,p14,vegetables,broccoli,carrots,q03,a13,"If you had to choose, broccoli or carrots?",I find broccoli more appealing.
p14_q03_a14,p14,vegetables,broccoli,carrots,q03,a14,"If you had to choose, broccoli or carrots?",I choose broccoli.
p14_q03_a15,p14,vegetables,broccoli,carrots,q03,a15,"If you had to choose, broccoli or carrots?",broccoli fits me better.
p14_q03_a16,p14,vegetables,broccoli,carrots,q03,a16,"If you had to choose, broccoli or carrots?",I like broccoli more overall.
p14_q03_a17,p14,vegetables,broccoli,carrots,q03,a17,"If you had to choose, broccoli or carrots?","If I must pick, it is broccoli."
p14_q03_a18,p14,vegetables,broccoli,carrots,q03,a18,"If you had to choose, broccoli or carrots?",I would go with broccoli.
p14_q03_a19,p14,vegetables,broccoli,carrots,q03,a19,"If you had to choose, broccoli or carrots?",I would decide on broccoli.
p14_q03_a20,p14,vegetables,broccoli,carrots,q03,a20,"If you had to choose, broccoli or carrots?",I favor broccoli.
p14_q04_a01,p14,vegetables,broccoli,carrots,q04,a01,Do you favor broccoli over carrots?,I prefer broccoli.
p14_q04_a02,p14,vegetables,broccoli,carrots,q04,a02,Do you favor broccoli over carrots?,I like broccoli more.
p14_q04_a03,p14,vegetables,broccoli,carrots,q04,a03,Do you favor broccoli over carrots?,I would choose broccoli.
p14_q04_a04,p14,vegetables,broccoli,carrots,q04,a04,Do you favor broccoli over carrots?,My preference is broccoli.
p14_q04_a05,p14,vegetables,broccoli,carrots,q04,a05,Do you favor broccoli over carrots?,broccoli appeals to me more.
p14_q04_a06,p14,vegetables,broccoli,carrots,q04,a06,Do you favor broccoli over carrots?,I think broccoli is better for me.
p14_q04_a07,p14,vegetables,broccoli,carrots,q04,a07,Do you favor broccoli over carrots?,I lean toward broccoli.
p14_q04_a08,p14,vegetables,broccoli,carrots,q04,a08,Do you favor broccoli over carrots?,I would rather have broccoli.
p14_q04_a09,p14,vegetables,broccoli,carrots,q04,a09,Do you favor broccoli over carrots?,broccoli suits me better.
p14_q04_a10,p14,vegetables,broccoli,carrots,q04,a10,Do you favor broccoli over carrots?,I like broccoli better.
p14_q04_a11,p14,vegetables,broccoli,carrots,q04,a11,Do you favor broccoli over carrots?,"Personally, I prefer broccoli."
p14_q04_a12,p14,vegetables,broccoli,carrots,q04,a12,Do you favor broccoli over carrots?,I would pick broccoli.
p14_q04_a13,p14,vegetables,broccoli,carrots,q04,a13,Do you favor broccoli over carrots?,I find broccoli more appealing.
p14_q04_a14,p14,vegetables,broccoli,carrots,q04,a14,Do you favor broccoli over carrots?,I choose broccoli.
p14_q04_a15,p14,vegetables,broccoli,carrots,q04,a15,Do you favor broccoli over carrots?,broccoli fits me better.
p14_q04_a16,p14,vegetables,broccoli,carrots,q04,a16,Do you favor broccoli over carrots?,I like broccoli more overall.
p14_q04_a17,p14,vegetables,broccoli,carrots,q04,a17,Do you favor broccoli over carrots?,"If I must pick, it is broccoli."
p14_q04_a18,p14,vegetables,broccoli,carrots,q04,a18,Do you favor broccoli over carrots?,I would go with broccoli.
p14_q04_a19,p14,vegetables,broccoli,carrots,q04,a19,Do you favor broccoli over carrots?,I would decide on broccoli.
p14_q04_a20,p14,vegetables,broccoli,carrots,q04,a20,Do you favor broccoli over carrots?,I favor broccoli.
p14_q05_a01,p14,vegetables,broccoli,carrots,q05,a01,"Which option appeals to you more, broccoli or carrots?",I prefer broccoli.
p14_q05_a02,p14,vegetables,broccoli,carrots,q05,a02,"Which option appeals to you more, broccoli or carrots?",I like broccoli more.
p14_q05_a03,p14,vegetables,broccoli,carrots,q05,a03,"Which option appeals to you more, broccoli or carrots?",I would choose broccoli.
p14_q05_a04,p14,vegetables,broccoli,carrots,q05,a04,"Which option appeals to you more, broccoli or carrots?",My preference is broccoli.
p14_q05_a05,p14,vegetables,broccoli,carrots,q05,a05,"Which option appeals to you more, broccoli or carrots?",broccoli appeals to me more.
p14_q05_a06,p14,vegetables,broccoli,carrots,q05,a06,"Which option appeals to you more, broccoli or carrots?",I think broccoli is better for me.
p14_q05_a07,p14,vegetables,broccoli,carrots,q05,a07,"Which option appeals to you more, broccoli or carrots?",I lean toward broccoli.
p14_q05_a08,p14,vegetables,broccoli,carrots,q05,a08,"Which option appeals to you more, broccoli or carrots?",I would rather have broccoli.
p14_q05_a09,p14,vegetables,broccoli,carrots,q05,a09,"Which option appeals to you more, broccoli or carrots?",broccoli suits me better.
p14_q05_a10,p14,vegetables,broccoli,carrots,q05,a10,"Which option appeals to you more, broccoli or carrots?",I like broccoli better.
p14_q05_a11,p14,vegetables,broccoli,carrots,q05,a11,"Which option appeals to you more, broccoli or carrots?","Personally, I prefer broccoli."
p14_q05_a12,p14,vegetables,broccoli,carrots,q05,a12,"Which option appeals to you more, broccoli or carrots?",I would pick broccoli.
p14_q05_a13,p14,vegetables,broccoli,carrots,q05,a13,"Which option appeals to you more, broccoli or carrots?",I find broccoli more appealing.
p14_q05_a14,p14,vegetables,broccoli,carrots,q05,a14,"Which option appeals to you more, broccoli or carrots?",I choose broccoli.
p14_q05_a15,p14,vegetables,broccoli,carrots,q05,a15,"Which option appeals to you more, broccoli or carrots?",broccoli fits me better.
p14_q05_a16,p14,vegetables,broccoli,carrots,q05,a16,"Which option appeals to you more, broccoli or carrots?",I like broccoli more overall.
p14_q05_a17,p14,vegetables,broccoli,carrots,q05,a17,"Which option appeals to you more, broccoli or carrots?","If I must pick, it is broccoli."
p14_q05_a18,p14,vegetables,broccoli,carrots,q05,a18,"Which option appeals to you more, broccoli or carrots?",I would go with broccoli.
p14_q05_a19,p14,vegetables,broccoli,carrots,q05,a19,"Which option appeals to you more, broccoli or carrots?",I would decide on broccoli.
p14_q05_a20,p14,vegetables,broccoli,carrots,q05,a20,"Which option appeals to you more, broccoli or carrots?",I favor broccoli.
p14_q06_a01,p14,vegetables,broccoli,carrots,q06,a01,"Which do you think is better, broccoli or carrots?",I prefer broccoli.
p14_q06_a02,p14,vegetables,broccoli,carrots,q06,a02,"Which do you think is better, broccoli or carrots?",I like broccoli more.
p14_q06_a03,p14,vegetables,broccoli,carrots,q06,a03,"Which do you think is better, broccoli or carrots?",I would choose broccoli.
p14_q06_a04,p14,vegetables,broccoli,carrots,q06,a04,"Which do you think is better, broccoli or carrots?",My preference is broccoli.
p14_q06_a05,p14,vegetables,broccoli,carrots,q06,a05,"Which do you think is better, broccoli or carrots?",broccoli appeals to me more.
p14_q06_a06,p14,vegetables,broccoli,carrots,q06,a06,"Which do you think is better, broccoli or carrots?",I think broccoli is better for me.
p14_q06_a07,p14,vegetables,broccoli,carrots,q06,a07,"Which do you think is better, broccoli or carrots?",I lean toward broccoli.
p14_q06_a08,p14,vegetables,broccoli,carrots,q06,a08,"Which do you think is better, broccoli or carrots?",I would rather have broccoli.
p14_q06_a09,p14,vegetables,broccoli,carrots,q06,a09,"Which do you think is better, broccoli or carrots?",broccoli suits me better.
p14_q06_a10,p14,vegetables,broccoli,carrots,q06,a10,"Which do you think is better, broccoli or carrots?",I like broccoli better.
p14_q06_a11,p14,vegetables,broccoli,carrots,q06,a11,"Which do you think is better, broccoli or carrots?","Personally, I prefer broccoli."
p14_q06_a12,p14,vegetables,broccoli,carrots,q06,a12,"Which do you think is better, broccoli or carrots?",I would pick broccoli.
p14_q06_a13,p14,vegetables,broccoli,carrots,q06,a13,"Which do you think is better, broccoli or carrots?",I find broccoli more appealing.
p14_q06_a14,p14,vegetables,broccoli,carrots,q06,a14,"Which do you think is better, broccoli or carrots?",I choose broccoli.
p14_q06_a15,p14,vegetables,broccoli,carrots,q06,a15,"Which do you think is better, broccoli or carrots?",broccoli fits me better.
p14_q06_a16,p14,vegetables,broccoli,carrots,q06,a16,"Which do you think is better, broccoli or carrots?",I like broccoli more overall.
p14_q06_a17,p14,vegetables,broccoli,carrots,q06,a17,"Which do you think is better, broccoli or carrots?","If I must pick, it is broccoli."
p14_q06_a18,p14,vegetables,broccoli,carrots,q06,a18,"Which do you think is better, broccoli or carrots?",I would go with broccoli.
p14_q06_a19,p14,vegetables,broccoli,carrots,q06,a19,"Which do you think is better, broccoli or carrots?",I would decide on broccoli.
p14_q06_a20,p14,vegetables,broccoli,carrots,q06,a20,"Which do you think is better, broccoli or carrots?",I favor broccoli.
p14_q07_a01,p14,vegetables,broccoli,carrots,q07,a01,"If you compare broccoli with carrots, which do you lean toward?",I prefer broccoli.
p14_q07_a02,p14,vegetables,broccoli,carrots,q07,a02,"If you compare broccoli with carrots, which do you lean toward?",I like broccoli more.
p14_q07_a03,p14,vegetables,broccoli,carrots,q07,a03,"If you compare broccoli with carrots, which do you lean toward?",I would choose broccoli.
p14_q07_a04,p14,vegetables,broccoli,carrots,q07,a04,"If you compare broccoli with carrots, which do you lean toward?",My preference is broccoli.
p14_q07_a05,p14,vegetables,broccoli,carrots,q07,a05,"If you compare broccoli with carrots, which do you lean toward?",broccoli appeals to me more.
p14_q07_a06,p14,vegetables,broccoli,carrots,q07,a06,"If you compare broccoli with carrots, which do you lean toward?",I think broccoli is better for me.
p14_q07_a07,p14,vegetables,broccoli,carrots,q07,a07,"If you compare broccoli with carrots, which do you lean toward?",I lean toward broccoli.
p14_q07_a08,p14,vegetables,broccoli,carrots,q07,a08,"If you compare broccoli with carrots, which do you lean toward?",I would rather have broccoli.
p14_q07_a09,p14,vegetables,broccoli,carrots,q07,a09,"If you compare broccoli with carrots, which do you lean toward?",broccoli suits me better.
p14_q07_a10,p14,vegetables,broccoli,carrots,q07,a10,"If you compare broccoli with carrots, which do you lean toward?",I like broccoli better.
p14_q07_a11,p14,vegetables,broccoli,carrots,q07,a11,"If you compare broccoli with carrots, which do you lean toward?","Personally, I prefer broccoli."
p14_q07_a12,p14,vegetables,broccoli,carrots,q07,a12,"If you compare broccoli with carrots, which do you lean toward?",I would pick broccoli.
p14_q07_a13,p14,vegetables,broccoli,carrots,q07,a13,"If you compare broccoli with carrots, which do you lean toward?",I find broccoli more appealing.
p14_q07_a14,p14,vegetables,broccoli,carrots,q07,a14,"If you compare broccoli with carrots, which do you lean toward?",I choose broccoli.
p14_q07_a15,p14,vegetables,broccoli,carrots,q07,a15,"If you compare broccoli with carrots, which do you lean toward?",broccoli fits me better.
p14_q07_a16,p14,vegetables,broccoli,carrots,q07,a16,"If you compare broccoli with carrots, which do you lean toward?",I like broccoli more overall.
p14_q07_a17,p14,vegetables,broccoli,carrots,q07,a17,"If you compare broccoli with carrots, which do you lean toward?","If I must pick, it is broccoli."
p14_q07_a18,p14,vegetables,broccoli,carrots,q07,a18,"If you compare broccoli with carrots, which do you lean toward?",I would go with broccoli.
p14_q07_a19,p14,vegetables,broccoli,carrots,q07,a19,"If you compare broccoli with carrots, which do you lean toward?",I would decide on broccoli.
p14_q07_a20,p14,vegetables,broccoli,carrots,q07,a20,"If you compare broccoli with carrots, which do you lean toward?",I favor broccoli.
p14_q08_a01,p14,vegetables,broccoli,carrots,q08,a01,"Which would you rather have, broccoli or carrots?",I prefer broccoli.
p14_q08_a02,p14,vegetables,broccoli,carrots,q08,a02,"Which would you rather have, broccoli or carrots?",I like broccoli more.
p14_q08_a03,p14,vegetables,broccoli,carrots,q08,a03,"Which would you rather have, broccoli or carrots?",I would choose broccoli.
p14_q08_a04,p14,vegetables,broccoli,carrots,q08,a04,"Which would you rather have, broccoli or carrots?",My preference is broccoli.
p14_q08_a05,p14,vegetables,broccoli,carrots,q08,a05,"Which would you rather have, broccoli or carrots?",broccoli appeals to me more.
p14_q08_a06,p14,vegetables,broccoli,carrots,q08,a06,"Which would you rather have, broccoli or carrots?",I think broccoli is better for me.
p14_q08_a07,p14,vegetables,broccoli,carrots,q08,a07,"Which would you rather have, broccoli or carrots?",I lean toward broccoli.
p14_q08_a08,p14,vegetables,broccoli,carrots,q08,a08,"Which would you rather have, broccoli or carrots?",I would rather have broccoli.
p14_q08_a09,p14,vegetables,broccoli,carrots,q08,a09,"Which would you rather have, broccoli or carrots?",broccoli suits me better.
p14_q08_a10,p14,vegetables,broccoli,carrots,q08,a10,"Which would you rather have, broccoli or carrots?",I like broccoli better.
p14_q08_a11,p14,vegetables,broccoli,carrots,q08,a11,"Which would you rather have, broccoli or carrots?","Personally, I prefer broccoli."
p14_q08_a12,p14,vegetables,broccoli,carrots,q08,a12,"Which would you rather have, broccoli or carrots?",I would pick broccoli.
p14_q08_a13,p14,vegetables,broccoli,carrots,q08,a13,"Which would you rather have, broccoli or carrots?",I find broccoli more appealing.
p14_q08_a14,p14,vegetables,broccoli,carrots,q08,a14,"Which would you rather have, broccoli or carrots?",I choose broccoli.
p14_q08_a15,p14,vegetables,broccoli,carrots,q08,a15,"Which would you rather have, broccoli or carrots?",broccoli fits me better.
p14_q08_a16,p14,vegetables,broccoli,carrots,q08,a16,"Which would you rather have, broccoli or carrots?",I like broccoli more overall.
p14_q08_a17,p14,vegetables,broccoli,carrots,q08,a17,"Which would you rather have, broccoli or carrots?","If I must pick, it is broccoli."
p14_q08_a18,p14,vegetables,broccoli,carrots,q08,a18,"Which would you rather have, broccoli or carrots?",I would go with broccoli.
p14_q08_a19,p14,vegetables,broccoli,carrots,q08,a19,"Which would you rather have, broccoli or carrots?",I would decide on broccoli.
p14_q08_a20,p14,vegetables,broccoli,carrots,q08,a20,"Which would you rather have, broccoli or carrots?",I favor broccoli.
p14_q09_a01,p14,vegetables,broccoli,carrots,q09,a01,"Between broccoli and carrots, which one suits you better?",I prefer broccoli.
p14_q09_a02,p14,vegetables,broccoli,carrots,q09,a02,"Between broccoli and carrots, which one suits you better?",I like broccoli more.
p14_q09_a03,p14,vegetables,broccoli,carrots,q09,a03,"Between broccoli and carrots, which one suits you better?",I would choose broccoli.
p14_q09_a04,p14,vegetables,broccoli,carrots,q09,a04,"Between broccoli and carrots, which one suits you better?",My preference is broccoli.
p14_q09_a05,p14,vegetables,broccoli,carrots,q09,a05,"Between broccoli and carrots, which one suits you better?",broccoli appeals to me more.
p14_q09_a06,p14,vegetables,broccoli,carrots,q09,a06,"Between broccoli and carrots, which one suits you better?",I think broccoli is better for me.
p14_q09_a07,p14,vegetables,broccoli,carrots,q09,a07,"Between broccoli and carrots, which one suits you better?",I lean toward broccoli.
p14_q09_a08,p14,vegetables,broccoli,carrots,q09,a08,"Between broccoli and carrots, which one suits you better?",I would rather have broccoli.
p14_q09_a09,p14,vegetables,broccoli,carrots,q09,a09,"Between broccoli and carrots, which one suits you better?",broccoli suits me better.
p14_q09_a10,p14,vegetables,broccoli,carrots,q09,a10,"Between broccoli and carrots, which one suits you better?",I like broccoli better.
p14_q09_a11,p14,vegetables,broccoli,carrots,q09,a11,"Between broccoli and carrots, which one suits you better?","Personally, I prefer broccoli."
p14_q09_a12,p14,vegetables,broccoli,carrots,q09,a12,"Between broccoli and carrots, which one suits you better?",I would pick broccoli.
p14_q09_a13,p14,vegetables,broccoli,carrots,q09,a13,"Between broccoli and carrots, which one suits you better?",I find broccoli more appealing.
p14_q09_a14,p14,vegetables,broccoli,carrots,q09,a14,"Between broccoli and carrots, which one suits you better?",I choose broccoli.
p14_q09_a15,p14,vegetables,broccoli,carrots,q09,a15,"Between broccoli and carrots, which one suits you better?",broccoli fits me better.
p14_q09_a16,p14,vegetables,broccoli,carrots,q09,a16,"Between broccoli and carrots, which one suits you better?",I like broccoli more overall.
p14_q09_a17,p14,vegetables,broccoli,carrots,q09,a17,"Between broccoli and carrots, which one suits you better?","If I must pick, it is broccoli."
p14_q09_a18,p14,vegetables,broccoli,carrots,q09,a18,"Between broccoli and carrots, which one suits you better?",I would go with broccoli.
p14_q09_a19,p14,vegetables,broccoli,carrots,q09,a19,"Between broccoli and carrots, which one suits you better?",I would decide on broccoli.
p14_q09_a20,p14,vegetables,broccoli,carrots,q09,a20,"Between broccoli and carrots, which one suits you better?",I favor broccoli.
p14_q10_a01,p14,vegetables,broccoli,carrots,q10,a01,Do you like broccoli more than carrots?,I prefer broccoli.
p14_q10_a02,p14,vegetables,broccoli,carrots,q10,a02,Do you like broccoli more than carrots?,I like broccoli more.
p14_q10_a03,p14,vegetables,broccoli,carrots,q10,a03,Do you like broccoli more than carrots?,I would choose broccoli.
p14_q10_a04,p14,vegetables,broccoli,carrots,q10,a04,Do you like broccoli more than carrots?,My preference is broccoli.
p14_q10_a05,p14,vegetables,broccoli,carrots,q10,a05,Do you like broccoli more than carrots?,broccoli appeals to me more.
p14_q10_a06,p14,vegetables,broccoli,carrots,q10,a06,Do you like broccoli more than carrots?,I think broccoli is better for me.
p14_q10_a07,p14,vegetables,broccoli,carrots,q10,a07,Do you like broccoli more than carrots?,I lean toward broccoli.
p14_q10_a08,p14,vegetables,broccoli,carrots,q10,a08,Do you like broccoli more than carrots?,I would rather have broccoli.
p14_q10_a09,p14,vegetables,broccoli,carrots,q10,a09,Do you like broccoli more than carrots?,broccoli suits me better.
p14_q10_a10,p14,vegetables,broccoli,carrots,q10,a10,Do you like broccoli more than carrots?,I like broccoli better.
p14_q10_a11,p14,vegetables,broccoli,carrots,q10,a11,Do you like broccoli more than carrots?,"Personally, I prefer broccoli."
p14_q10_a12,p14,vegetables,broccoli,carrots,q10,a12,Do you like broccoli more than carrots?,I would pick broccoli.
p14_q10_a13,p14,vegetables,broccoli,carrots,q10,a13,Do you like broccoli more than carrots?,I find broccoli more appealing.
p14_q10_a14,p14,vegetables,broccoli,carrots,q10,a14,Do you like broccoli more than carrots?,I choose broccoli.
p14_q10_a15,p14,vegetables,broccoli,carrots,q10,a15,Do you like broccoli more than carrots?,broccoli fits me better.
p14_q10_a16,p14,vegetables,broccoli,carrots,q10,a16,Do you like broccoli more than carrots?,I like broccoli more overall.
p14_q10_a17,p14,vegetables,broccoli,carrots,q10,a17,Do you like broccoli more than carrots?,"If I must pick, it is broccoli."
p14_q10_a18,p14,vegetables,broccoli,carrots,q10,a18,Do you like broccoli more than carrots?,I would go with broccoli.
p14_q10_a19,p14,vegetables,broccoli,carrots,q10,a19,Do you like broccoli more than carrots?,I would decide on broccoli.
p14_q10_a20,p14,vegetables,broccoli,carrots,q10,a20,Do you like broccoli more than carrots?,I favor broccoli.
p14_q11_a01,p14,vegetables,broccoli,carrots,q11,a01,"Which option do you personally prefer, broccoli or carrots?",I prefer broccoli.
p14_q11_a02,p14,vegetables,broccoli,carrots,q11,a02,"Which option do you personally prefer, broccoli or carrots?",I like broccoli more.
p14_q11_a03,p14,vegetables,broccoli,carrots,q11,a03,"Which option do you personally prefer, broccoli or carrots?",I would choose broccoli.
p14_q11_a04,p14,vegetables,broccoli,carrots,q11,a04,"Which option do you personally prefer, broccoli or carrots?",My preference is broccoli.
p14_q11_a05,p14,vegetables,broccoli,carrots,q11,a05,"Which option do you personally prefer, broccoli or carrots?",broccoli appeals to me more.
p14_q11_a06,p14,vegetables,broccoli,carrots,q11,a06,"Which option do you personally prefer, broccoli or carrots?",I think broccoli is better for me.
p14_q11_a07,p14,vegetables,broccoli,carrots,q11,a07,"Which option do you personally prefer, broccoli or carrots?",I lean toward broccoli.
p14_q11_a08,p14,vegetables,broccoli,carrots,q11,a08,"Which option do you personally prefer, broccoli or carrots?",I would rather have broccoli.
p14_q11_a09,p14,vegetables,broccoli,carrots,q11,a09,"Which option do you personally prefer, broccoli or carrots?",broccoli suits me better.
p14_q11_a10,p14,vegetables,broccoli,carrots,q11,a10,"Which option do you personally prefer, broccoli or carrots?",I like broccoli better.
p14_q11_a11,p14,vegetables,broccoli,carrots,q11,a11,"Which option do you personally prefer, broccoli or carrots?","Personally, I prefer broccoli."
p14_q11_a12,p14,vegetables,broccoli,carrots,q11,a12,"Which option do you personally prefer, broccoli or carrots?",I would pick broccoli.
p14_q11_a13,p14,vegetables,broccoli,carrots,q11,a13,"Which option do you personally prefer, broccoli or carrots?",I find broccoli more appealing.
p14_q11_a14,p14,vegetables,broccoli,carrots,q11,a14,"Which option do you personally prefer, broccoli or carrots?",I choose broccoli.
p14_q11_a15,p14,vegetables,broccoli,carrots,q11,a15,"Which option do you personally prefer, broccoli or carrots?",broccoli fits me better.
p14_q11_a16,p14,vegetables,broccoli,carrots,q11,a16,"Which option do you personally prefer, broccoli or carrots?",I like broccoli more overall.
p14_q11_a17,p14,vegetables,broccoli,carrots,q11,a17,"Which option do you personally prefer, broccoli or carrots?","If I must pick, it is broccoli."
p14_q11_a18,p14,vegetables,broccoli,carrots,q11,a18,"Which option do you personally prefer, broccoli or carrots?",I would go with broccoli.
p14_q11_a19,p14,vegetables,broccoli,carrots,q11,a19,"Which option do you personally prefer, broccoli or carrots?",I would decide on broccoli.
p14_q11_a20,p14,vegetables,broccoli,carrots,q11,a20,"Which option do you personally prefer, broccoli or carrots?",I favor broccoli.
p14_q12_a01,p14,vegetables,broccoli,carrots,q12,a01,"If asked to pick one, broccoli or carrots, what would you pick?",I prefer broccoli.
p14_q12_a02,p14,vegetables,broccoli,carrots,q12,a02,"If asked to pick one, broccoli or carrots, what would you pick?",I like broccoli more.
p14_q12_a03,p14,vegetables,broccoli,carrots,q12,a03,"If asked to pick one, broccoli or carrots, what would you pick?",I would choose broccoli.
p14_q12_a04,p14,vegetables,broccoli,carrots,q12,a04,"If asked to pick one, broccoli or carrots, what would you pick?",My preference is broccoli.
p14_q12_a05,p14,vegetables,broccoli,carrots,q12,a05,"If asked to pick one, broccoli or carrots, what would you pick?",broccoli appeals to me more.
p14_q12_a06,p14,vegetables,broccoli,carrots,q12,a06,"If asked to pick one, broccoli or carrots, what would you pick?",I think broccoli is better for me.
p14_q12_a07,p14,vegetables,broccoli,carrots,q12,a07,"If asked to pick one, broccoli or carrots, what would you pick?",I lean toward broccoli.
p14_q12_a08,p14,vegetables,broccoli,carrots,q12,a08,"If asked to pick one, broccoli or carrots, what would you pick?",I would rather have broccoli.
p14_q12_a09,p14,vegetables,broccoli,carrots,q12,a09,"If asked to pick one, broccoli or carrots, what would you pick?",broccoli suits me better.
p14_q12_a10,p14,vegetables,broccoli,carrots,q12,a10,"If asked to pick one, broccoli or carrots, what would you pick?",I like broccoli better.
p14_q12_a11,p14,vegetables,broccoli,carrots,q12,a11,"If asked to pick one, broccoli or carrots, what would you pick?","Personally, I prefer broccoli."
p14_q12_a12,p14,vegetables,broccoli,carrots,q12,a12,"If asked to pick one, broccoli or carrots, what would you pick?",I would pick broccoli.
p14_q12_a13,p14,vegetables,broccoli,carrots,q12,a13,"If asked to pick one, broccoli or carrots, what would you pick?",I find broccoli more appealing.
p14_q12_a14,p14,vegetables,broccoli,carrots,q12,a14,"If asked to pick one, broccoli or carrots, what would you pick?",I choose broccoli.
p14_q12_a15,p14,vegetables,broccoli,carrots,q12,a15,"If asked to pick one, broccoli or carrots, what would you pick?",broccoli fits me better.
p14_q12_a16,p14,vegetables,broccoli,carrots,q12,a16,"If asked to pick one, broccoli or carrots, what would you pick?",I like broccoli more overall.
p14_q12_a17,p14,vegetables,broccoli,carrots,q12,a17,"If asked to pick one, broccoli or carrots, what would you pick?","If I must pick, it is broccoli."
p14_q12_a18,p14,vegetables,broccoli,carrots,q12,a18,"If asked to pick one, broccoli or carrots, what would you pick?",I would go with broccoli.
p14_q12_a19,p14,vegetables,broccoli,carrots,q12,a19,"If asked to pick one, broccoli or carrots, what would you pick?",I would decide on broccoli.
p14_q12_a20,p14,vegetables,broccoli,carrots,q12,a20,"If asked to pick one, broccoli or carrots, what would you pick?",I favor broccoli.
p14_q13_a01,p14,vegetables,broccoli,carrots,q13,a01,"Which do you find more appealing, broccoli or carrots?",I prefer broccoli.
p14_q13_a02,p14,vegetables,broccoli,carrots,q13,a02,"Which do you find more appealing, broccoli or carrots?",I like broccoli more.
p14_q13_a03,p14,vegetables,broccoli,carrots,q13,a03,"Which do you find more appealing, broccoli or carrots?",I would choose broccoli.
p14_q13_a04,p14,vegetables,broccoli,carrots,q13,a04,"Which do you find more appealing, broccoli or carrots?",My preference is broccoli.
p14_q13_a05,p14,vegetables,broccoli,carrots,q13,a05,"Which do you find more appealing, broccoli or carrots?",broccoli appeals to me more.
p14_q13_a06,p14,vegetables,broccoli,carrots,q13,a06,"Which do you find more appealing, broccoli or carrots?",I think broccoli is better for me.
p14_q13_a07,p14,vegetables,broccoli,carrots,q13,a07,"Which do you find more appealing, broccoli or carrots?",I lean toward broccoli.
p14_q13_a08,p14,vegetables,broccoli,carrots,q13,a08,"Which do you find more appealing, broccoli or carrots?",I would rather have broccoli.
p14_q13_a09,p14,vegetables,broccoli,carrots,q13,a09,"Which do you find more appealing, broccoli or carrots?",broccoli suits me better.
p14_q13_a10,p14,vegetables,broccoli,carrots,q13,a10,"Which do you find more appealing, broccoli or carrots?",I like broccoli better.
p14_q13_a11,p14,vegetables,broccoli,carrots,q13,a11,"Which do you find more appealing, broccoli or carrots?","Personally, I prefer broccoli."
p14_q13_a12,p14,vegetables,broccoli,carrots,q13,a12,"Which do you find more appealing, broccoli or carrots?",I would pick broccoli.
p14_q13_a13,p14,vegetables,broccoli,carrots,q13,a13,"Which do you find more appealing, broccoli or carrots?",I find broccoli more appealing.
p14_q13_a14,p14,vegetables,broccoli,carrots,q13,a14,"Which do you find more appealing, broccoli or carrots?",I choose broccoli.
p14_q13_a15,p14,vegetables,broccoli,carrots,q13,a15,"Which do you find more appealing, broccoli or carrots?",broccoli fits me better.
p14_q13_a16,p14,vegetables,broccoli,carrots,q13,a16,"Which do you find more appealing, broccoli or carrots?",I like broccoli more overall.
p14_q13_a17,p14,vegetables,broccoli,carrots,q13,a17,"Which do you find more appealing, broccoli or carrots?","If I must pick, it is broccoli."
p14_q13_a18,p14,vegetables,broccoli,carrots,q13,a18,"Which do you find more appealing, broccoli or carrots?",I would go with broccoli.
p14_q13_a19,p14,vegetables,broccoli,carrots,q13,a19,"Which do you find more appealing, broccoli or carrots?",I would decide on broccoli.
p14_q13_a20,p14,vegetables,broccoli,carrots,q13,a20,"Which do you find more appealing, broccoli or carrots?",I favor broccoli.
p14_q14_a01,p14,vegetables,broccoli,carrots,q14,a01,"When choosing between broccoli and carrots, which do you choose?",I prefer broccoli.
p14_q14_a02,p14,vegetables,broccoli,carrots,q14,a02,"When choosing between broccoli and carrots, which do you choose?",I like broccoli more.
p14_q14_a03,p14,vegetables,broccoli,carrots,q14,a03,"When choosing between broccoli and carrots, which do you choose?",I would choose broccoli.
p14_q14_a04,p14,vegetables,broccoli,carrots,q14,a04,"When choosing between broccoli and carrots, which do you choose?",My preference is broccoli.
p14_q14_a05,p14,vegetables,broccoli,carrots,q14,a05,"When choosing between broccoli and carrots, which do you choose?",broccoli appeals to me more.
p14_q14_a06,p14,vegetables,broccoli,carrots,q14,a06,"When choosing between broccoli and carrots, which do you choose?",I think broccoli is better for me.
p14_q14_a07,p14,vegetables,broccoli,carrots,q14,a07,"When choosing between broccoli and carrots, which do you choose?",I lean toward broccoli.
p14_q14_a08,p14,vegetables,broccoli,carrots,q14,a08,"When choosing between broccoli and carrots, which do you choose?",I would rather have broccoli.
p14_q14_a09,p14,vegetables,broccoli,carrots,q14,a09,"When choosing between broccoli and carrots, which do you choose?",broccoli suits me better.
p14_q14_a10,p14,vegetables,broccoli,carrots,q14,a10,"When choosing between broccoli and carrots, which do you choose?",I like broccoli better.
p14_q14_a11,p14,vegetables,broccoli,carrots,q14,a11,"When choosing between broccoli and carrots, which do you choose?","Personally, I prefer broccoli."
p14_q14_a12,p14,vegetables,broccoli,carrots,q14,a12,"When choosing between broccoli and carrots, which do you choose?",I would pick broccoli.
p14_q14_a13,p14,vegetables,broccoli,carrots,q14,a13,"When choosing between broccoli and carrots, which do you choose?",I find broccoli more appealing.
p14_q14_a14,p14,vegetables,broccoli,carrots,q14,a14,"When choosing between broccoli and carrots, which do you choose?",I choose broccoli.
p14_q14_a15,p14,vegetables,broccoli,carrots,q14,a15,"When choosing between broccoli and carrots, which do you choose?",broccoli fits me better.
p14_q14_a16,p14,vegetables,broccoli,carrots,q14,a16,"When choosing between broccoli and carrots, which do you choose?",I like broccoli more overall.
p14_q14_a17,p14,vegetables,broccoli,carrots,q14,a17,"When choosing between broccoli and carrots, which do you choose?","If I must pick, it is broccoli."
p14_q14_a18,p14,vegetables,broccoli,carrots,q14,a18,"When choosing between broccoli and carrots, which do you choose?",I would go with broccoli.
p14_q14_a19,p14,vegetables,broccoli,carrots,q14,a19,"When choosing between broccoli and carrots, which do you choose?",I would decide on broccoli.
p14_q14_a20,p14,vegetables,broccoli,carrots,q14,a20,"When choosing between broccoli and carrots, which do you choose?",I favor broccoli.
p14_q15_a01,p14,vegetables,broccoli,carrots,q15,a01,"Which option do you think fits you better, broccoli or carrots?",I prefer broccoli.
p14_q15_a02,p14,vegetables,broccoli,carrots,q15,a02,"Which option do you think fits you better, broccoli or carrots?",I like broccoli more.
p14_q15_a03,p14,vegetables,broccoli,carrots,q15,a03,"Which option do you think fits you better, broccoli or carrots?",I would choose broccoli.
p14_q15_a04,p14,vegetables,broccoli,carrots,q15,a04,"Which option do you think fits you better, broccoli or carrots?",My preference is broccoli.
p14_q15_a05,p14,vegetables,broccoli,carrots,q15,a05,"Which option do you think fits you better, broccoli or carrots?",broccoli appeals to me more.
p14_q15_a06,p14,vegetables,broccoli,carrots,q15,a06,"Which option do you think fits you better, broccoli or carrots?",I think broccoli is better for me.
p14_q15_a07,p14,vegetables,broccoli,carrots,q15,a07,"Which option do you think fits you better, broccoli or carrots?",I lean toward broccoli.
p14_q15_a08,p14,vegetables,broccoli,carrots,q15,a08,"Which option do you think fits you better, broccoli or carrots?",I would rather have broccoli.
p14_q15_a09,p14,vegetables,broccoli,carrots,q15,a09,"Which option do you think fits you better, broccoli or carrots?",broccoli suits me better.
p14_q15_a10,p14,vegetables,broccoli,carrots,q15,a10,"Which option do you think fits you better, broccoli or carrots?",I like broccoli better.
p14_q15_a11,p14,vegetables,broccoli,carrots,q15,a11,"Which option do you think fits you better, broccoli or carrots?","Personally, I prefer broccoli."
p14_q15_a12,p14,vegetables,broccoli,carrots,q15,a12,"Which option do you think fits you better, broccoli or carrots?",I would pick broccoli.
p14_q15_a13,p14,vegetables,broccoli,carrots,q15,a13,"Which option do you think fits you better, broccoli or carrots?",I find broccoli more appealing.
p14_q15_a14,p14,vegetables,broccoli,carrots,q15,a14,"Which option do you think fits you better, broccoli or carrots?",I choose broccoli.
p14_q15_a15,p14,vegetables,broccoli,carrots,q15,a15,"Which option do you think fits you better, broccoli or carrots?",broccoli fits me better.
p14_q15_a16,p14,vegetables,broccoli,carrots,q15,a16,"Which option do you think fits you better, broccoli or carrots?",I like broccoli more overall.
p14_q15_a17,p14,vegetables,broccoli,carrots,q15,a17,"Which option do you think fits you better, broccoli or carrots?","If I must pick, it is broccoli."
p14_q15_a18,p14,vegetables,broccoli,carrots,q15,a18,"Which option do you think fits you better, broccoli or carrots?",I would go with broccoli.
p14_q15_a19,p14,vegetables,broccoli,carrots,q15,a19,"Which option do you think fits you better, broccoli or carrots?",I would decide on broccoli.
p14_q15_a20,p14,vegetables,broccoli,carrots,q15,a20,"Which option do you think fits you better, broccoli or carrots?",I favor broccoli.
p14_q16_a01,p14,vegetables,broccoli,carrots,q16,a01,"Out of broccoli and carrots, which do you like better?",I prefer broccoli.
p14_q16_a02,p14,vegetables,broccoli,carrots,q16,a02,"Out of broccoli and carrots, which do you like better?",I like broccoli more.
p14_q16_a03,p14,vegetables,broccoli,carrots,q16,a03,"Out of broccoli and carrots, which do you like better?",I would choose broccoli.
p14_q16_a04,p14,vegetables,broccoli,carrots,q16,a04,"Out of broccoli and carrots, which do you like better?",My preference is broccoli.
p14_q16_a05,p14,vegetables,broccoli,carrots,q16,a05,"Out of broccoli and carrots, which do you like better?",broccoli appeals to me more.
p14_q16_a06,p14,vegetables,broccoli,carrots,q16,a06,"Out of broccoli and carrots, which do you like better?",I think broccoli is better for me.
p14_q16_a07,p14,vegetables,broccoli,carrots,q16,a07,"Out of broccoli and carrots, which do you like better?",I lean toward broccoli.
p14_q16_a08,p14,vegetables,broccoli,carrots,q16,a08,"Out of broccoli and carrots, which do you like better?",I would rather have broccoli.
p14_q16_a09,p14,vegetables,broccoli,carrots,q16,a09,"Out of broccoli and carrots, which do you like better?",broccoli suits me better.
p14_q16_a10,p14,vegetables,broccoli,carrots,q16,a10,"Out of broccoli and carrots, which do you like better?",I like broccoli better.
p14_q16_a11,p14,vegetables,broccoli,carrots,q16,a11,"Out of broccoli and carrots, which do you like better?","Personally, I prefer broccoli."
p14_q16_a12,p14,vegetables,broccoli,carrots,q16,a12,"Out of broccoli and carrots, which do you like better?",I would pick broccoli.
p14_q16_a13,p14,vegetables,broccoli,carrots,q16,a13,"Out of broccoli and carrots, which do you like better?",I find broccoli more appealing.
p14_q16_a14,p14,vegetables,broccoli,carrots,q16,a14,"Out of broccoli and carrots, which do you like better?",I choose broccoli.
p14_q16_a15,p14,vegetables,broccoli,carrots,q16,a15,"Out of broccoli and carrots, which do you like better?",broccoli fits me better.
p14_q16_a16,p14,vegetables,broccoli,carrots,q16,a16,"Out of broccoli and carrots, which do you like better?",I like broccoli more overall.
p14_q16_a17,p14,vegetables,broccoli,carrots,q16,a17,"Out of broccoli and carrots, which do you like better?","If I must pick, it is broccoli."
p14_q16_a18,p14,vegetables,broccoli,carrots,q16,a18,"Out of broccoli and carrots, which do you like better?",I would go with broccoli.
p14_q16_a19,p14,vegetables,broccoli,carrots,q16,a19,"Out of broccoli and carrots, which do you like better?",I would decide on broccoli.
p14_q16_a20,p14,vegetables,broccoli,carrots,q16,a20,"Out of broccoli and carrots, which do you like better?",I favor broccoli.
p14_q17_a01,p14,vegetables,broccoli,carrots,q17,a01,Do you have a preference between broccoli and carrots?,I prefer broccoli.
p14_q17_a02,p14,vegetables,broccoli,carrots,q17,a02,Do you have a preference between broccoli and carrots?,I like broccoli more.
p14_q17_a03,p14,vegetables,broccoli,carrots,q17,a03,Do you have a preference between broccoli and carrots?,I would choose broccoli.
p14_q17_a04,p14,vegetables,broccoli,carrots,q17,a04,Do you have a preference between broccoli and carrots?,My preference is broccoli.
p14_q17_a05,p14,vegetables,broccoli,carrots,q17,a05,Do you have a preference between broccoli and carrots?,broccoli appeals to me more.
p14_q17_a06,p14,vegetables,broccoli,carrots,q17,a06,Do you have a preference between broccoli and carrots?,I think broccoli is better for me.
p14_q17_a07,p14,vegetables,broccoli,carrots,q17,a07,Do you have a preference between broccoli and carrots?,I lean toward broccoli.
p14_q17_a08,p14,vegetables,broccoli,carrots,q17,a08,Do you have a preference between broccoli and carrots?,I would rather have broccoli.
p14_q17_a09,p14,vegetables,broccoli,carrots,q17,a09,Do you have a preference between broccoli and carrots?,broccoli suits me better.
p14_q17_a10,p14,vegetables,broccoli,carrots,q17,a10,Do you have a preference between broccoli and carrots?,I like broccoli better.
p14_q17_a11,p14,vegetables,broccoli,carrots,q17,a11,Do you have a preference between broccoli and carrots?,"Personally, I prefer broccoli."
p14_q17_a12,p14,vegetables,broccoli,carrots,q17,a12,Do you have a preference between broccoli and carrots?,I would pick broccoli.
p14_q17_a13,p14,vegetables,broccoli,carrots,q17,a13,Do you have a preference between broccoli and carrots?,I find broccoli more appealing.
p14_q17_a14,p14,vegetables,broccoli,carrots,q17,a14,Do you have a preference between broccoli and carrots?,I choose broccoli.
p14_q17_a15,p14,vegetables,broccoli,carrots,q17,a15,Do you have a preference between broccoli and carrots?,broccoli fits me better.
p14_q17_a16,p14,vegetables,broccoli,carrots,q17,a16,Do you have a preference between broccoli and carrots?,I like broccoli more overall.
p14_q17_a17,p14,vegetables,broccoli,carrots,q17,a17,Do you have a preference between broccoli and carrots?,"If I must pick, it is broccoli."
p14_q17_a18,p14,vegetables,broccoli,carrots,q17,a18,Do you have a preference between broccoli and carrots?,I would go with broccoli.
p14_q17_a19,p14,vegetables,broccoli,carrots,q17,a19,Do you have a preference between broccoli and carrots?,I would decide on broccoli.
p14_q17_a20,p14,vegetables,broccoli,carrots,q17,a20,Do you have a preference between broccoli and carrots?,I favor broccoli.
p14_q18_a01,p14,vegetables,broccoli,carrots,q18,a01,"Which one would you go with, broccoli or carrots?",I prefer broccoli.
p14_q18_a02,p14,vegetables,broccoli,carrots,q18,a02,"Which one would you go with, broccoli or carrots?",I like broccoli more.
p14_q18_a03,p14,vegetables,broccoli,carrots,q18,a03,"Which one would you go with, broccoli or carrots?",I would choose broccoli.
p14_q18_a04,p14,vegetables,broccoli,carrots,q18,a04,"Which one would you go with, broccoli or carrots?",My preference is broccoli.
p14_q18_a05,p14,vegetables,broccoli,carrots,q18,a05,"Which one would you go with, broccoli or carrots?",broccoli appeals to me more.
p14_q18_a06,p14,vegetables,broccoli,carrots,q18,a06,"Which one would you go with, broccoli or carrots?",I think broccoli is better for me.
p14_q18_a07,p14,vegetables,broccoli,carrots,q18,a07,"Which one would you go with, broccoli or carrots?",I lean toward broccoli.
p14_q18_a08,p14,vegetables,broccoli,carrots,q18,a08,"Which one would you go with, broccoli or carrots?",I would rather have broccoli.
p14_q18_a09,p14,vegetables,broccoli,carrots,q18,a09,"Which one would you go with, broccoli or carrots?",broccoli suits me better.
p14_q18_a10,p14,vegetables,broccoli,carrots,q18,a10,"Which one would you go with, broccoli or carrots?",I like broccoli better.
p14_q18_a11,p14,vegetables,broccoli,carrots,q18,a11,"Which one would you go with, broccoli or carrots?","Personally, I prefer broccoli."
p14_q18_a12,p14,vegetables,broccoli,carrots,q18,a12,"Which one would you go with, broccoli or carrots?",I would pick broccoli.
p14_q18_a13,p14,vegetables,broccoli,carrots,q18,a13,"Which one would you go with, broccoli or carrots?",I find broccoli more appealing.
p14_q18_a14,p14,vegetables,broccoli,carrots,q18,a14,"Which one would you go with, broccoli or carrots?",I choose broccoli.
p14_q18_a15,p14,vegetables,broccoli,carrots,q18,a15,"Which one would you go with, broccoli or carrots?",broccoli fits me better.
p14_q18_a16,p14,vegetables,broccoli,carrots,q18,a16,"Which one would you go with, broccoli or carrots?",I like broccoli more overall.
p14_q18_a17,p14,vegetables,broccoli,carrots,q18,a17,"Which one would you go with, broccoli or carrots?","If I must pick, it is broccoli."
p14_q18_a18,p14,vegetables,broccoli,carrots,q18,a18,"Which one would you go with, broccoli or carrots?",I would go with broccoli.
p14_q18_a19,p14,vegetables,broccoli,carrots,q18,a19,"Which one would you go with, broccoli or carrots?",I would decide on broccoli.
p14_q18_a20,p14,vegetables,broccoli,carrots,q18,a20,"Which one would you go with, broccoli or carrots?",I favor broccoli.
p14_q19_a01,p14,vegetables,broccoli,carrots,q19,a01,"If you were to decide between broccoli and carrots, which would it be?",I prefer broccoli.
p14_q19_a02,p14,vegetables,broccoli,carrots,q19,a02,"If you were to decide between broccoli and carrots, which would it be?",I like broccoli more.
p14_q19_a03,p14,vegetables,broccoli,carrots,q19,a03,"If you were to decide between broccoli and carrots, which would it be?",I would choose broccoli.
p14_q19_a04,p14,vegetables,broccoli,carrots,q19,a04,"If you were to decide between broccoli and carrots, which would it be?",My preference is broccoli.
p14_q19_a05,p14,vegetables,broccoli,carrots,q19,a05,"If you were to decide between broccoli and carrots, which would it be?",broccoli appeals to me more.
p14_q19_a06,p14,vegetables,broccoli,carrots,q19,a06,"If you were to decide between broccoli and carrots, which would it be?",I think broccoli is better for me.
p14_q19_a07,p14,vegetables,broccoli,carrots,q19,a07,"If you were to decide between broccoli and carrots, which would it be?",I lean toward broccoli.
p14_q19_a08,p14,vegetables,broccoli,carrots,q19,a08,"If you were to decide between broccoli and carrots, which would it be?",I would rather have broccoli.
p14_q19_a09,p14,vegetables,broccoli,carrots,q19,a09,"If you were to decide between broccoli and carrots, which would it be?",broccoli suits me better.
p14_q19_a10,p14,vegetables,broccoli,carrots,q19,a10,"If you were to decide between broccoli and carrots, which would it be?",I like broccoli better.
p14_q19_a11,p14,vegetables,broccoli,carrots,q19,a11,"If you were to decide between broccoli and carrots, which would it be?","Personally, I prefer broccoli."
p14_q19_a12,p14,vegetables,broccoli,carrots,q19,a12,"If you were to decide between broccoli and carrots, which would it be?",I would pick broccoli.
p14_q19_a13,p14,vegetables,broccoli,carrots,q19,a13,"If you were to decide between broccoli and carrots, which would it be?",I find broccoli more appealing.
p14_q19_a14,p14,vegetables,broccoli,carrots,q19,a14,"If you were to decide between broccoli and carrots, which would it be?",I choose broccoli.
p14_q19_a15,p14,vegetables,broccoli,carrots,q19,a15,"If you were to decide between broccoli and carrots, which would it be?",broccoli fits me better.
p14_q19_a16,p14,vegetables,broccoli,carrots,q19,a16,"If you were to decide between broccoli and carrots, which would it be?",I like broccoli more overall.
p14_q19_a17,p14,vegetables,broccoli,carrots,q19,a17,"If you were to decide between broccoli and carrots, which would it be?","If I must pick, it is broccoli."
p14_q19_a18,p14,vegetables,broccoli,carrots,q19,a18,"If you were to decide between broccoli and carrots, which would it be?",I would go with broccoli.
p14_q19_a19,p14,vegetables,broccoli,carrots,q19,a19,"If you were to decide between broccoli and carrots, which would it be?",I would decide on broccoli.
p14_q19_a20,p14,vegetables,broccoli,carrots,q19,a20,"If you were to decide between broccoli and carrots, which would it be?",I favor broccoli.
p14_q20_a01,p14,vegetables,broccoli,carrots,q20,a01,"Which of the two do you favor more, broccoli or carrots?",I prefer broccoli.
p14_q20_a02,p14,vegetables,broccoli,carrots,q20,a02,"Which of the two do you favor more, broccoli or carrots?",I like broccoli more.
p14_q20_a03,p14,vegetables,broccoli,carrots,q20,a03,"Which of the two do you favor more, broccoli or carrots?",I would choose broccoli.
p14_q20_a04,p14,vegetables,broccoli,carrots,q20,a04,"Which of the two do you favor more, broccoli or carrots?",My preference is broccoli.
p14_q20_a05,p14,vegetables,broccoli,carrots,q20,a05,"Which of the two do you favor more, broccoli or carrots?",broccoli appeals to me more.
p14_q20_a06,p14,vegetables,broccoli,carrots,q20,a06,"Which of the two do you favor more, broccoli or carrots?",I think broccoli is better for me.
p14_q20_a07,p14,vegetables,broccoli,carrots,q20,a07,"Which of the two do you favor more, broccoli or carrots?",I lean toward broccoli.
p14_q20_a08,p14,vegetables,broccoli,carrots,q20,a08,"Which of the two do you favor more, broccoli or carrots?",I would rather have broccoli.
p14_q20_a09,p14,vegetables,broccoli,carrots,q20,a09,"Which of the two do you favor more, broccoli or carrots?",broccoli suits me better.
p14_q20_a10,p14,vegetables,broccoli,carrots,q20,a10,"Which of the two do you favor more, broccoli or carrots?",I like broccoli better.
p14_q20_a11,p14,vegetables,broccoli,carrots,q20,a11,"Which of the two do you favor more, broccoli or carrots?","Personally, I prefer broccoli."
p14_q20_a12,p14,vegetables,broccoli,carrots,q20,a12,"Which of the two do you favor more, broccoli or carrots?",I would pick broccoli.
p14_q20_a13,p14,vegetables,broccoli,carrots,q20,a13,"Which of the two do you favor more, broccoli or carrots?",I find broccoli more appealing.
p14_q20_a14,p14,vegetables,broccoli,carrots,q20,a14,"Which of the two do you favor more, broccoli or carrots?",I choose broccoli.
p14_q20_a15,p14,vegetables,broccoli,carrots,q20,a15,"Which of the two do you favor more, broccoli or carrots?",broccoli fits me better.
p14_q20_a16,p14,vegetables,broccoli,carrots,q20,a16,"Which of the two do you favor more, broccoli or carrots?",I like broccoli more overall.
p14_q20_a17,p14,vegetables,broccoli,carrots,q20,a17,"Which of the two do you favor more, broccoli or carrots?","If I must pick, it is broccoli."
p14_q20_a18,p14,vegetables,broccoli,carrots,q20,a18,"Which of the two do you favor more, broccoli or carrots?",I would go with broccoli.
p14_q20_a19,p14,vegetables,broccoli,carrots,q20,a19,"Which of the two do you favor more, broccoli or carrots?",I would decide on broccoli.
p14_q20_a20,p14,vegetables,broccoli,carrots,q20,a20,"Which of the two do you favor more, broccoli or carrots?",I favor broccoli.
p15_q01_a01,p15,soup,tomato soup,chicken soup,q01,a01,"Which do you like more, tomato soup or chicken soup?",I prefer tomato soup.
p15_q01_a02,p15,soup,tomato soup,chicken soup,q01,a02,"Which do you like more, tomato soup or chicken soup?",I like tomato soup more.
p15_q01_a03,p15,soup,tomato soup,chicken soup,q01,a03,"Which do you like more, tomato soup or chicken soup?",I would choose tomato soup.
p15_q01_a04,p15,soup,tomato soup,chicken soup,q01,a04,"Which do you like more, tomato soup or chicken soup?",My preference is tomato soup.
p15_q01_a05,p15,soup,tomato soup,chicken soup,q01,a05,"Which do you like more, tomato soup or chicken soup?",tomato soup appeals to me more.
p15_q01_a06,p15,soup,tomato soup,chicken soup,q01,a06,"Which do you like more, tomato soup or chicken soup?",I think tomato soup is better for me.
p15_q01_a07,p15,soup,tomato soup,chicken soup,q01,a07,"Which do you like more, tomato soup or chicken soup?",I lean toward tomato soup.
p15_q01_a08,p15,soup,tomato soup,chicken soup,q01,a08,"Which do you like more, tomato soup or chicken soup?",I would rather have tomato soup.
p15_q01_a09,p15,soup,tomato soup,chicken soup,q01,a09,"Which do you like more, tomato soup or chicken soup?",tomato soup suits me better.
p15_q01_a10,p15,soup,tomato soup,chicken soup,q01,a10,"Which do you like more, tomato soup or chicken soup?",I like tomato soup better.
p15_q01_a11,p15,soup,tomato soup,chicken soup,q01,a11,"Which do you like more, tomato soup or chicken soup?","Personally, I prefer tomato soup."
p15_q01_a12,p15,soup,tomato soup,chicken soup,q01,a12,"Which do you like more, tomato soup or chicken soup?",I would pick tomato soup.
p15_q01_a13,p15,soup,tomato soup,chicken soup,q01,a13,"Which do you like more, tomato soup or chicken soup?",I find tomato soup more appealing.
p15_q01_a14,p15,soup,tomato soup,chicken soup,q01,a14,"Which do you like more, tomato soup or chicken soup?",I choose tomato soup.
p15_q01_a15,p15,soup,tomato soup,chicken soup,q01,a15,"Which do you like more, tomato soup or chicken soup?",tomato soup fits me better.
p15_q01_a16,p15,soup,tomato soup,chicken soup,q01,a16,"Which do you like more, tomato soup or chicken soup?",I like tomato soup more overall.
p15_q01_a17,p15,soup,tomato soup,chicken soup,q01,a17,"Which do you like more, tomato soup or chicken soup?","If I must pick, it is tomato soup."
p15_q01_a18,p15,soup,tomato soup,chicken soup,q01,a18,"Which do you like more, tomato soup or chicken soup?",I would go with tomato soup.
p15_q01_a19,p15,soup,tomato soup,chicken soup,q01,a19,"Which do you like more, tomato soup or chicken soup?",I would decide on tomato soup.
p15_q01_a20,p15,soup,tomato soup,chicken soup,q01,a20,"Which do you like more, tomato soup or chicken soup?",I favor tomato soup.
p15_q02_a01,p15,soup,tomato soup,chicken soup,q02,a01,"Between tomato soup and chicken soup, which one do you prefer?",I prefer tomato soup.
p15_q02_a02,p15,soup,tomato soup,chicken soup,q02,a02,"Between tomato soup and chicken soup, which one do you prefer?",I like tomato soup more.
p15_q02_a03,p15,soup,tomato soup,chicken soup,q02,a03,"Between tomato soup and chicken soup, which one do you prefer?",I would choose tomato soup.
p15_q02_a04,p15,soup,tomato soup,chicken soup,q02,a04,"Between tomato soup and chicken soup, which one do you prefer?",My preference is tomato soup.
p15_q02_a05,p15,soup,tomato soup,chicken soup,q02,a05,"Between tomato soup and chicken soup, which one do you prefer?",tomato soup appeals to me more.
p15_q02_a06,p15,soup,tomato soup,chicken soup,q02,a06,"Between tomato soup and chicken soup, which one do you prefer?",I think tomato soup is better for me.
p15_q02_a07,p15,soup,tomato soup,chicken soup,q02,a07,"Between tomato soup and chicken soup, which one do you prefer?",I lean toward tomato soup.
p15_q02_a08,p15,soup,tomato soup,chicken soup,q02,a08,"Between tomato soup and chicken soup, which one do you prefer?",I would rather have tomato soup.
p15_q02_a09,p15,soup,tomato soup,chicken soup,q02,a09,"Between tomato soup and chicken soup, which one do you prefer?",tomato soup suits me better.
p15_q02_a10,p15,soup,tomato soup,chicken soup,q02,a10,"Between tomato soup and chicken soup, which one do you prefer?",I like tomato soup better.
p15_q02_a11,p15,soup,tomato soup,chicken soup,q02,a11,"Between tomato soup and chicken soup, which one do you prefer?","Personally, I prefer tomato soup."
p15_q02_a12,p15,soup,tomato soup,chicken soup,q02,a12,"Between tomato soup and chicken soup, which one do you prefer?",I would pick tomato soup.
p15_q02_a13,p15,soup,tomato soup,chicken soup,q02,a13,"Between tomato soup and chicken soup, which one do you prefer?",I find tomato soup more appealing.
p15_q02_a14,p15,soup,tomato soup,chicken soup,q02,a14,"Between tomato soup and chicken soup, which one do you prefer?",I choose tomato soup.
p15_q02_a15,p15,soup,tomato soup,chicken soup,q02,a15,"Between tomato soup and chicken soup, which one do you prefer?",tomato soup fits me better.
p15_q02_a16,p15,soup,tomato soup,chicken soup,q02,a16,"Between tomato soup and chicken soup, which one do you prefer?",I like tomato soup more overall.
p15_q02_a17,p15,soup,tomato soup,chicken soup,q02,a17,"Between tomato soup and chicken soup, which one do you prefer?","If I must pick, it is tomato soup."
p15_q02_a18,p15,soup,tomato soup,chicken soup,q02,a18,"Between tomato soup and chicken soup, which one do you prefer?",I would go with tomato soup.
p15_q02_a19,p15,soup,tomato soup,chicken soup,q02,a19,"Between tomato soup and chicken soup, which one do you prefer?",I would decide on tomato soup.
p15_q02_a20,p15,soup,tomato soup,chicken soup,q02,a20,"Between tomato soup and chicken soup, which one do you prefer?",I favor tomato soup.
p15_q03_a01,p15,soup,tomato soup,chicken soup,q03,a01,"If you had to choose, tomato soup or chicken soup?",I prefer tomato soup.
p15_q03_a02,p15,soup,tomato soup,chicken soup,q03,a02,"If you had to choose, tomato soup or chicken soup?",I like tomato soup more.
p15_q03_a03,p15,soup,tomato soup,chicken soup,q03,a03,"If you had to choose, tomato soup or chicken soup?",I would choose tomato soup.
p15_q03_a04,p15,soup,tomato soup,chicken soup,q03,a04,"If you had to choose, tomato soup or chicken soup?",My preference is tomato soup.
p15_q03_a05,p15,soup,tomato soup,chicken soup,q03,a05,"If you had to choose, tomato soup or chicken soup?",tomato soup appeals to me more.
p15_q03_a06,p15,soup,tomato soup,chicken soup,q03,a06,"If you had to choose, tomato soup or chicken soup?",I think tomato soup is better for me.
p15_q03_a07,p15,soup,tomato soup,chicken soup,q03,a07,"If you had to choose, tomato soup or chicken soup?",I lean toward tomato soup.
p15_q03_a08,p15,soup,tomato soup,chicken soup,q03,a08,"If you had to choose, tomato soup or chicken soup?",I would rather have tomato soup.
p15_q03_a09,p15,soup,tomato soup,chicken soup,q03,a09,"If you had to choose, tomato soup or chicken soup?",tomato soup suits me better.
p15_q03_a10,p15,soup,tomato soup,chicken soup,q03,a10,"If you had to choose, tomato soup or chicken soup?",I like tomato soup better.
p15_q03_a11,p15,soup,tomato soup,chicken soup,q03,a11,"If you had to choose, tomato soup or chicken soup?","Personally, I prefer tomato soup."
p15_q03_a12,p15,soup,tomato soup,chicken soup,q03,a12,"If you had to choose, tomato soup or chicken soup?",I would pick tomato soup.
p15_q03_a13,p15,soup,tomato soup,chicken soup,q03,a13,"If you had to choose, tomato soup or chicken soup?",I find tomato soup more appealing.
p15_q03_a14,p15,soup,tomato soup,chicken soup,q03,a14,"If you had to choose, tomato soup or chicken soup?",I choose tomato soup.
p15_q03_a15,p15,soup,tomato soup,chicken soup,q03,a15,"If you had to choose, tomato soup or chicken soup?",tomato soup fits me better.
p15_q03_a16,p15,soup,tomato soup,chicken soup,q03,a16,"If you had to choose, tomato soup or chicken soup?",I like tomato soup more overall.
p15_q03_a17,p15,soup,tomato soup,chicken soup,q03,a17,"If you had to choose, tomato soup or chicken soup?","If I must pick, it is tomato soup."
p15_q03_a18,p15,soup,tomato soup,chicken soup,q03,a18,"If you had to choose, tomato soup or chicken soup?",I would go with tomato soup.
p15_q03_a19,p15,soup,tomato soup,chicken soup,q03,a19,"If you had to choose, tomato soup or chicken soup?",I would decide on tomato soup.
p15_q03_a20,p15,soup,tomato soup,chicken soup,q03,a20,"If you had to choose, tomato soup or chicken soup?",I favor tomato soup.
p15_q04_a01,p15,soup,tomato soup,chicken soup,q04,a01,Do you favor tomato soup over chicken soup?,I prefer tomato soup.
p15_q04_a02,p15,soup,tomato soup,chicken soup,q04,a02,Do you favor tomato soup over chicken soup?,I like tomato soup more.
p15_q04_a03,p15,soup,tomato soup,chicken soup,q04,a03,Do you favor tomato soup over chicken soup?,I would choose tomato soup.
p15_q04_a04,p15,soup,tomato soup,chicken soup,q04,a04,Do you favor tomato soup over chicken soup?,My preference is tomato soup.
p15_q04_a05,p15,soup,tomato soup,chicken soup,q04,a05,Do you favor tomato soup over chicken soup?,tomato soup appeals to me more.
p15_q04_a06,p15,soup,tomato soup,chicken soup,q04,a06,Do you favor tomato soup over chicken soup?,I think tomato soup is better for me.
p15_q04_a07,p15,soup,tomato soup,chicken soup,q04,a07,Do you favor tomato soup over chicken soup?,I lean toward tomato soup.
p15_q04_a08,p15,soup,tomato soup,chicken soup,q04,a08,Do you favor tomato soup over chicken soup?,I would rather have tomato soup.
p15_q04_a09,p15,soup,tomato soup,chicken soup,q04,a09,Do you favor tomato soup over chicken soup?,tomato soup suits me better.
p15_q04_a10,p15,soup,tomato soup,chicken soup,q04,a10,Do you favor tomato soup over chicken soup?,I like tomato soup better.
p15_q04_a11,p15,soup,tomato soup,chicken soup,q04,a11,Do you favor tomato soup over chicken soup?,"Personally, I prefer tomato soup."
p15_q04_a12,p15,soup,tomato soup,chicken soup,q04,a12,Do you favor tomato soup over chicken soup?,I would pick tomato soup.
p15_q04_a13,p15,soup,tomato soup,chicken soup,q04,a13,Do you favor tomato soup over chicken soup?,I find tomato soup more appealing.
p15_q04_a14,p15,soup,tomato soup,chicken soup,q04,a14,Do you favor tomato soup over chicken soup?,I choose tomato soup.
p15_q04_a15,p15,soup,tomato soup,chicken soup,q04,a15,Do you favor tomato soup over chicken soup?,tomato soup fits me better.
p15_q04_a16,p15,soup,tomato soup,chicken soup,q04,a16,Do you favor tomato soup over chicken soup?,I like tomato soup more overall.
p15_q04_a17,p15,soup,tomato soup,chicken soup,q04,a17,Do you favor tomato soup over chicken soup?,"If I must pick, it is tomato soup."
p15_q04_a18,p15,soup,tomato soup,chicken soup,q04,a18,Do you favor tomato soup over chicken soup?,I would go with tomato soup.
p15_q04_a19,p15,soup,tomato soup,chicken soup,q04,a19,Do you favor tomato soup over chicken soup?,I would decide on tomato soup.
p15_q04_a20,p15,soup,tomato soup,chicken soup,q04,a20,Do you favor tomato soup over chicken soup?,I favor tomato soup.
p15_q05_a01,p15,soup,tomato soup,chicken soup,q05,a01,"Which option appeals to you more, tomato soup or chicken soup?",I prefer tomato soup.
p15_q05_a02,p15,soup,tomato soup,chicken soup,q05,a02,"Which option appeals to you more, tomato soup or chicken soup?",I like tomato soup more.
p15_q05_a03,p15,soup,tomato soup,chicken soup,q05,a03,"Which option appeals to you more, tomato soup or chicken soup?",I would choose tomato soup.
p15_q05_a04,p15,soup,tomato soup,chicken soup,q05,a04,"Which option appeals to you more, tomato soup or chicken soup?",My preference is tomato soup.
p15_q05_a05,p15,soup,tomato soup,chicken soup,q05,a05,"Which option appeals to you more, tomato soup or chicken soup?",tomato soup appeals to me more.
p15_q05_a06,p15,soup,tomato soup,chicken soup,q05,a06,"Which option appeals to you more, tomato soup or chicken soup?",I think tomato soup is better for me.
p15_q05_a07,p15,soup,tomato soup,chicken soup,q05,a07,"Which option appeals to you more, tomato soup or chicken soup?",I lean toward tomato soup.
p15_q05_a08,p15,soup,tomato soup,chicken soup,q05,a08,"Which option appeals to you more, tomato soup or chicken soup?",I would rather have tomato soup.
p15_q05_a09,p15,soup,tomato soup,chicken soup,q05,a09,"Which option appeals to you more, tomato soup or chicken soup?",tomato soup suits me better.
p15_q05_a10,p15,soup,tomato soup,chicken soup,q05,a10,"Which option appeals to you more, tomato soup or chicken soup?",I like tomato soup better.
p15_q05_a11,p15,soup,tomato soup,chicken soup,q05,a11,"Which option appeals to you more, tomato soup or chicken soup?","Personally, I prefer tomato soup."
p15_q05_a12,p15,soup,tomato soup,chicken soup,q05,a12,"Which option appeals to you more, tomato soup or chicken soup?",I would pick tomato soup.
p15_q05_a13,p15,soup,tomato soup,chicken soup,q05,a13,"Which option appeals to you more, tomato soup or chicken soup?",I find tomato soup more appealing.
p15_q05_a14,p15,soup,tomato soup,chicken soup,q05,a14,"Which option appeals to you more, tomato soup or chicken soup?",I choose tomato soup.
p15_q05_a15,p15,soup,tomato soup,chicken soup,q05,a15,"Which option appeals to you more, tomato soup or chicken soup?",tomato soup fits me better.
p15_q05_a16,p15,soup,tomato soup,chicken soup,q05,a16,"Which option appeals to you more, tomato soup or chicken soup?",I like tomato soup more overall.
p15_q05_a17,p15,soup,tomato soup,chicken soup,q05,a17,"Which option appeals to you more, tomato soup or chicken soup?","If I must pick, it is tomato soup."
p15_q05_a18,p15,soup,tomato soup,chicken soup,q05,a18,"Which option appeals to you more, tomato soup or chicken soup?",I would go with tomato soup.
p15_q05_a19,p15,soup,tomato soup,chicken soup,q05,a19,"Which option appeals to you more, tomato soup or chicken soup?",I would decide on tomato soup.
p15_q05_a20,p15,soup,tomato soup,chicken soup,q05,a20,"Which option appeals to you more, tomato soup or chicken soup?",I favor tomato soup.
p15_q06_a01,p15,soup,tomato soup,chicken soup,q06,a01,"Which do you think is better, tomato soup or chicken soup?",I prefer tomato soup.
p15_q06_a02,p15,soup,tomato soup,chicken soup,q06,a02,"Which do you think is better, tomato soup or chicken soup?",I like tomato soup more.
p15_q06_a03,p15,soup,tomato soup,chicken soup,q06,a03,"Which do you think is better, tomato soup or chicken soup?",I would choose tomato soup.
p15_q06_a04,p15,soup,tomato soup,chicken soup,q06,a04,"Which do you think is better, tomato soup or chicken soup?",My preference is tomato soup.
p15_q06_a05,p15,soup,tomato soup,chicken soup,q06,a05,"Which do you think is better, tomato soup or chicken soup?",tomato soup appeals to me more.
p15_q06_a06,p15,soup,tomato soup,chicken soup,q06,a06,"Which do you think is better, tomato soup or chicken soup?",I think tomato soup is better for me.
p15_q06_a07,p15,soup,tomato soup,chicken soup,q06,a07,"Which do you think is better, tomato soup or chicken soup?",I lean toward tomato soup.
p15_q06_a08,p15,soup,tomato soup,chicken soup,q06,a08,"Which do you think is better, tomato soup or chicken soup?",I would rather have tomato soup.
p15_q06_a09,p15,soup,tomato soup,chicken soup,q06,a09,"Which do you think is better, tomato soup or chicken soup?",tomato soup suits me better.
p15_q06_a10,p15,soup,tomato soup,chicken soup,q06,a10,"Which do you think is better, tomato soup or chicken soup?",I like tomato soup better.
p15_q06_a11,p15,soup,tomato soup,chicken soup,q06,a11,"Which do you think is better, tomato soup or chicken soup?","Personally, I prefer tomato soup."
p15_q06_a12,p15,soup,tomato soup,chicken soup,q06,a12,"Which do you think is better, tomato soup or chicken soup?",I would pick tomato soup.
p15_q06_a13,p15,soup,tomato soup,chicken soup,q06,a13,"Which do you think is better, tomato soup or chicken soup?",I find tomato soup more appealing.
p15_q06_a14,p15,soup,tomato soup,chicken soup,q06,a14,"Which do you think is better, tomato soup or chicken soup?",I choose tomato soup.
p15_q06_a15,p15,soup,tomato soup,chicken soup,q06,a15,"Which do you think is better, tomato soup or chicken soup?",tomato soup fits me better.
p15_q06_a16,p15,soup,tomato soup,chicken soup,q06,a16,"Which do you think is better, tomato soup or chicken soup?",I like tomato soup more overall.
p15_q06_a17,p15,soup,tomato soup,chicken soup,q06,a17,"Which do you think is better, tomato soup or chicken soup?","If I must pick, it is tomato soup."
p15_q06_a18,p15,soup,tomato soup,chicken soup,q06,a18,"Which do you think is better, tomato soup or chicken soup?",I would go with tomato soup.
p15_q06_a19,p15,soup,tomato soup,chicken soup,q06,a19,"Which do you think is better, tomato soup or chicken soup?",I would decide on tomato soup.
p15_q06_a20,p15,soup,tomato soup,chicken soup,q06,a20,"Which do you think is better, tomato soup or chicken soup?",I favor tomato soup.
p15_q07_a01,p15,soup,tomato soup,chicken soup,q07,a01,"If you compare tomato soup with chicken soup, which do you lean toward?",I prefer tomato soup.
p15_q07_a02,p15,soup,tomato soup,chicken soup,q07,a02,"If you compare tomato soup with chicken soup, which do you lean toward?",I like tomato soup more.
p15_q07_a03,p15,soup,tomato soup,chicken soup,q07,a03,"If you compare tomato soup with chicken soup, which do you lean toward?",I would choose tomato soup.
p15_q07_a04,p15,soup,tomato soup,chicken soup,q07,a04,"If you compare tomato soup with chicken soup, which do you lean toward?",My preference is tomato soup.
p15_q07_a05,p15,soup,tomato soup,chicken soup,q07,a05,"If you compare tomato soup with chicken soup, which do you lean toward?",tomato soup appeals to me more.
p15_q07_a06,p15,soup,tomato soup,chicken soup,q07,a06,"If you compare tomato soup with chicken soup, which do you lean toward?",I think tomato soup is better for me.
p15_q07_a07,p15,soup,tomato soup,chicken soup,q07,a07,"If you compare tomato soup with chicken soup, which do you lean toward?",I lean toward tomato soup.
p15_q07_a08,p15,soup,tomato soup,chicken soup,q07,a08,"If you compare tomato soup with chicken soup, which do you lean toward?",I would rather have tomato soup.
p15_q07_a09,p15,soup,tomato soup,chicken soup,q07,a09,"If you compare tomato soup with chicken soup, which do you lean toward?",tomato soup suits me better.
p15_q07_a10,p15,soup,tomato soup,chicken soup,q07,a10,"If you compare tomato soup with chicken soup, which do you lean toward?",I like tomato soup better.
p15_q07_a11,p15,soup,tomato soup,chicken soup,q07,a11,"If you compare tomato soup with chicken soup, which do you lean toward?","Personally, I prefer tomato soup."
p15_q07_a12,p15,soup,tomato soup,chicken soup,q07,a12,"If you compare tomato soup with chicken soup, which do you lean toward?",I would pick tomato soup.
p15_q07_a13,p15,soup,tomato soup,chicken soup,q07,a13,"If you compare tomato soup with chicken soup, which do you lean toward?",I find tomato soup more appealing.
p15_q07_a14,p15,soup,tomato soup,chicken soup,q07,a14,"If you compare tomato soup with chicken soup, which do you lean toward?",I choose tomato soup.
p15_q07_a15,p15,soup,tomato soup,chicken soup,q07,a15,"If you compare tomato soup with chicken soup, which do you lean toward?",tomato soup fits me better.
p15_q07_a16,p15,soup,tomato soup,chicken soup,q07,a16,"If you compare tomato soup with chicken soup, which do you lean toward?",I like tomato soup more overall.
p15_q07_a17,p15,soup,tomato soup,chicken soup,q07,a17,"If you compare tomato soup with chicken soup, which do you lean toward?","If I must pick, it is tomato soup."
p15_q07_a18,p15,soup,tomato soup,chicken soup,q07,a18,"If you compare tomato soup with chicken soup, which do you lean toward?",I would go with tomato soup.
p15_q07_a19,p15,soup,tomato soup,chicken soup,q07,a19,"If you compare tomato soup with chicken soup, which do you lean toward?",I would decide on tomato soup.
p15_q07_a20,p15,soup,tomato soup,chicken soup,q07,a20,"If you compare tomato soup with chicken soup, which do you lean toward?",I favor tomato soup.
p15_q08_a01,p15,soup,tomato soup,chicken soup,q08,a01,"Which would you rather have, tomato soup or chicken soup?",I prefer tomato soup.
p15_q08_a02,p15,soup,tomato soup,chicken soup,q08,a02,"Which would you rather have, tomato soup or chicken soup?",I like tomato soup more.
p15_q08_a03,p15,soup,tomato soup,chicken soup,q08,a03,"Which would you rather have, tomato soup or chicken soup?",I would choose tomato soup.
p15_q08_a04,p15,soup,tomato soup,chicken soup,q08,a04,"Which would you rather have, tomato soup or chicken soup?",My preference is tomato soup.
p15_q08_a05,p15,soup,tomato soup,chicken soup,q08,a05,"Which would you rather have, tomato soup or chicken soup?",tomato soup appeals to me more.
p15_q08_a06,p15,soup,tomato soup,chicken soup,q08,a06,"Which would you rather have, tomato soup or chicken soup?",I think tomato soup is better for me.
p15_q08_a07,p15,soup,tomato soup,chicken soup,q08,a07,"Which would you rather have, tomato soup or chicken soup?",I lean toward tomato soup.
p15_q08_a08,p15,soup,tomato soup,chicken soup,q08,a08,"Which would you rather have, tomato soup or chicken soup?",I would rather have tomato soup.
p15_q08_a09,p15,soup,tomato soup,chicken soup,q08,a09,"Which would you rather have, tomato soup or chicken soup?",tomato soup suits me better.
p15_q08_a10,p15,soup,tomato soup,chicken soup,q08,a10,"Which would you rather have, tomato soup or chicken soup?",I like tomato soup better.
p15_q08_a11,p15,soup,tomato soup,chicken soup,q08,a11,"Which would you rather have, tomato soup or chicken soup?","Personally, I prefer tomato soup."
p15_q08_a12,p15,soup,tomato soup,chicken soup,q08,a12,"Which would you rather have, tomato soup or chicken soup?",I would pick tomato soup.
p15_q08_a13,p15,soup,tomato soup,chicken soup,q08,a13,"Which would you rather have, tomato soup or chicken soup?",I find tomato soup more appealing.
p15_q08_a14,p15,soup,tomato soup,chicken soup,q08,a14,"Which would you rather have, tomato soup or chicken soup?",I choose tomato soup.
p15_q08_a15,p15,soup,tomato soup,chicken soup,q08,a15,"Which would you rather have, tomato soup or chicken soup?",tomato soup fits me better.
p15_q08_a16,p15,soup,tomato soup,chicken soup,q08,a16,"Which would you rather have, tomato soup or chicken soup?",I like tomato soup more overall.
p15_q08_a17,p15,soup,tomato soup,chicken soup,q08,a17,"Which would you rather have, tomato soup or chicken soup?","If I must pick, it is tomato soup."
p15_q08_a18,p15,soup,tomato soup,chicken soup,q08,a18,"Which would you rather have, tomato soup or chicken soup?",I would go with tomato soup.
p15_q08_a19,p15,soup,tomato soup,chicken soup,q08,a19,"Which would you rather have, tomato soup or chicken soup?",I would decide on tomato soup.
p15_q08_a20,p15,soup,tomato soup,chicken soup,q08,a20,"Which would you rather have, tomato soup or chicken soup?",I favor tomato soup.
p15_q09_a01,p15,soup,tomato soup,chicken soup,q09,a01,"Between tomato soup and chicken soup, which one suits you better?",I prefer tomato soup.
p15_q09_a02,p15,soup,tomato soup,chicken soup,q09,a02,"Between tomato soup and chicken soup, which one suits you better?",I like tomato soup more.
p15_q09_a03,p15,soup,tomato soup,chicken soup,q09,a03,"Between tomato soup and chicken soup, which one suits you better?",I would choose tomato soup.
p15_q09_a04,p15,soup,tomato soup,chicken soup,q09,a04,"Between tomato soup and chicken soup, which one suits you better?",My preference is tomato soup.
p15_q09_a05,p15,soup,tomato soup,chicken soup,q09,a05,"Between tomato soup and chicken soup, which one suits you better?",tomato soup appeals to me more.
p15_q09_a06,p15,soup,tomato soup,chicken soup,q09,a06,"Between tomato soup and chicken soup, which one suits you better?",I think tomato soup is better for me.
p15_q09_a07,p15,soup,tomato soup,chicken soup,q09,a07,"Between tomato soup and chicken soup, which one suits you better?",I lean toward tomato soup.
p15_q09_a08,p15,soup,tomato soup,chicken soup,q09,a08,"Between tomato soup and chicken soup, which one suits you better?",I would rather have tomato soup.
p15_q09_a09,p15,soup,tomato soup,chicken soup,q09,a09,"Between tomato soup and chicken soup, which one suits you better?",tomato soup suits me better.
p15_q09_a10,p15,soup,tomato soup,chicken soup,q09,a10,"Between tomato soup and chicken soup, which one suits you better?",I like tomato soup better.
p15_q09_a11,p15,soup,tomato soup,chicken soup,q09,a11,"Between tomato soup and chicken soup, which one suits you better?","Personally, I prefer tomato soup."
p15_q09_a12,p15,soup,tomato soup,chicken soup,q09,a12,"Between tomato soup and chicken soup, which one suits you better?",I would pick tomato soup.
p15_q09_a13,p15,soup,tomato soup,chicken soup,q09,a13,"Between tomato soup and chicken soup, which one suits you better?",I find tomato soup more appealing.
p15_q09_a14,p15,soup,tomato soup,chicken soup,q09,a14,"Between tomato soup and chicken soup, which one suits you better?",I choose tomato soup.
p15_q09_a15,p15,soup,tomato soup,chicken soup,q09,a15,"Between tomato soup and chicken soup, which one suits you better?",tomato soup fits me better.
p15_q09_a16,p15,soup,tomato soup,chicken soup,q09,a16,"Between tomato soup and chicken soup, which one suits you better?",I like tomato soup more overall.
p15_q09_a17,p15,soup,tomato soup,chicken soup,q09,a17,"Between tomato soup and chicken soup, which one suits you better?","If I must pick, it is tomato soup."
p15_q09_a18,p15,soup,tomato soup,chicken soup,q09,a18,"Between tomato soup and chicken soup, which one suits you better?",I would go with tomato soup.
p15_q09_a19,p15,soup,tomato soup,chicken soup,q09,a19,"Between tomato soup and chicken soup, which one suits you better?",I would decide on tomato soup.
p15_q09_a20,p15,soup,tomato soup,chicken soup,q09,a20,"Between tomato soup and chicken soup, which one suits you better?",I favor tomato soup.
p15_q10_a01,p15,soup,tomato soup,chicken soup,q10,a01,Do you like tomato soup more than chicken soup?,I prefer tomato soup.
p15_q10_a02,p15,soup,tomato soup,chicken soup,q10,a02,Do you like tomato soup more than chicken soup?,I like tomato soup more.
p15_q10_a03,p15,soup,tomato soup,chicken soup,q10,a03,Do you like tomato soup more than chicken soup?,I would choose tomato soup.
p15_q10_a04,p15,soup,tomato soup,chicken soup,q10,a04,Do you like tomato soup more than chicken soup?,My preference is tomato soup.
p15_q10_a05,p15,soup,tomato soup,chicken soup,q10,a05,Do you like tomato soup more than chicken soup?,tomato soup appeals to me more.
p15_q10_a06,p15,soup,tomato soup,chicken soup,q10,a06,Do you like tomato soup more than chicken soup?,I think tomato soup is better for me.
p15_q10_a07,p15,soup,tomato soup,chicken soup,q10,a07,Do you like tomato soup more than chicken soup?,I lean toward tomato soup.
p15_q10_a08,p15,soup,tomato soup,chicken soup,q10,a08,Do you like tomato soup more than chicken soup?,I would rather have tomato soup.
p15_q10_a09,p15,soup,tomato soup,chicken soup,q10,a09,Do you like tomato soup more than chicken soup?,tomato soup suits me better.
p15_q10_a10,p15,soup,tomato soup,chicken soup,q10,a10,Do you like tomato soup more than chicken soup?,I like tomato soup better.
p15_q10_a11,p15,soup,tomato soup,chicken soup,q10,a11,Do you like tomato soup more than chicken soup?,"Personally, I prefer tomato soup."
p15_q10_a12,p15,soup,tomato soup,chicken soup,q10,a12,Do you like tomato soup more than chicken soup?,I would pick tomato soup.
p15_q10_a13,p15,soup,tomato soup,chicken soup,q10,a13,Do you like tomato soup more than chicken soup?,I find tomato soup more appealing.
p15_q10_a14,p15,soup,tomato soup,chicken soup,q10,a14,Do you like tomato soup more than chicken soup?,I choose tomato soup.
p15_q10_a15,p15,soup,tomato soup,chicken soup,q10,a15,Do you like tomato soup more than chicken soup?,tomato soup fits me better.
p15_q10_a16,p15,soup,tomato soup,chicken soup,q10,a16,Do you like tomato soup more than chicken soup?,I like tomato soup more overall.
p15_q10_a17,p15,soup,tomato soup,chicken soup,q10,a17,Do you like tomato soup more than chicken soup?,"If I must pick, it is tomato soup."
p15_q10_a18,p15,soup,tomato soup,chicken soup,q10,a18,Do you like tomato soup more than chicken soup?,I would go with tomato soup.
p15_q10_a19,p15,soup,tomato soup,chicken soup,q10,a19,Do you like tomato soup more than chicken soup?,I would decide on tomato soup.
p15_q10_a20,p15,soup,tomato soup,chicken soup,q10,a20,Do you like tomato soup more than chicken soup?,I favor tomato soup.
p15_q11_a01,p15,soup,tomato soup,chicken soup,q11,a01,"Which option do you personally prefer, tomato soup or chicken soup?",I prefer tomato soup.
p15_q11_a02,p15,soup,tomato soup,chicken soup,q11,a02,"Which option do you personally prefer, tomato soup or chicken soup?",I like tomato soup more.
p15_q11_a03,p15,soup,tomato soup,chicken soup,q11,a03,"Which option do you personally prefer, tomato soup or chicken soup?",I would choose tomato soup.
p15_q11_a04,p15,soup,tomato soup,chicken soup,q11,a04,"Which option do you personally prefer, tomato soup or chicken soup?",My preference is tomato soup.
p15_q11_a05,p15,soup,tomato soup,chicken soup,q11,a05,"Which option do you personally prefer, tomato soup or chicken soup?",tomato soup appeals to me more.
p15_q11_a06,p15,soup,tomato soup,chicken soup,q11,a06,"Which option do you personally prefer, tomato soup or chicken soup?",I think tomato soup is better for me.
p15_q11_a07,p15,soup,tomato soup,chicken soup,q11,a07,"Which option do you personally prefer, tomato soup or chicken soup?",I lean toward tomato soup.
p15_q11_a08,p15,soup,tomato soup,chicken soup,q11,a08,"Which option do you personally prefer, tomato soup or chicken soup?",I would rather have tomato soup.
p15_q11_a09,p15,soup,tomato soup,chicken soup,q11,a09,"Which option do you personally prefer, tomato soup or chicken soup?",tomato soup suits me better.
p15_q11_a10,p15,soup,tomato soup,chicken soup,q11,a10,"Which option do you personally prefer, tomato soup or chicken soup?",I like tomato soup better.
p15_q11_a11,p15,soup,tomato soup,chicken soup,q11,a11,"Which option do you personally prefer, tomato soup or chicken soup?","Personally, I prefer tomato soup."
p15_q11_a12,p15,soup,tomato soup,chicken soup,q11,a12,"Which option do you personally prefer, tomato soup or chicken soup?",I would pick tomato soup.
p15_q11_a13,p15,soup,tomato soup,chicken soup,q11,a13,"Which option do you personally prefer, tomato soup or chicken soup?",I find tomato soup more appealing.
p15_q11_a14,p15,soup,tomato soup,chicken soup,q11,a14,"Which option do you personally prefer, tomato soup or chicken soup?",I choose tomato soup.
p15_q11_a15,p15,soup,tomato soup,chicken soup,q11,a15,"Which option do you personally prefer, tomato soup or chicken soup?",tomato soup fits me better.
p15_q11_a16,p15,soup,tomato soup,chicken soup,q11,a16,"Which option do you personally prefer, tomato soup or chicken soup?",I like tomato soup more overall.
p15_q11_a17,p15,soup,tomato soup,chicken soup,q11,a17,"Which option do you personally prefer, tomato soup or chicken soup?","If I must pick, it is tomato soup."
p15_q11_a18,p15,soup,tomato soup,chicken soup,q11,a18,"Which option do you personally prefer, tomato soup or chicken soup?",I would go with tomato soup.
p15_q11_a19,p15,soup,tomato soup,chicken soup,q11,a19,"Which option do you personally prefer, tomato soup or chicken soup?",I would decide on tomato soup.
p15_q11_a20,p15,soup,tomato soup,chicken soup,q11,a20,"Which option do you personally prefer, tomato soup or chicken soup?",I favor tomato soup.
p15_q12_a01,p15,soup,tomato soup,chicken soup,q12,a01,"If asked to pick one, tomato soup or chicken soup, what would you pick?",I prefer tomato soup.
p15_q12_a02,p15,soup,tomato soup,chicken soup,q12,a02,"If asked to pick one, tomato soup or chicken soup, what would you pick?",I like tomato soup more.
p15_q12_a03,p15,soup,tomato soup,chicken soup,q12,a03,"If asked to pick one, tomato soup or chicken soup, what would you pick?",I would choose tomato soup.
p15_q12_a04,p15,soup,tomato soup,chicken soup,q12,a04,"If asked to pick one, tomato soup or chicken soup, what would you pick?",My preference is tomato soup.
p15_q12_a05,p15,soup,tomato soup,chicken soup,q12,a05,"If asked to pick one, tomato soup or chicken soup, what would you pick?",tomato soup appeals to me more.
p15_q12_a06,p15,soup,tomato soup,chicken soup,q12,a06,"If asked to pick one, tomato soup or chicken soup, what would you pick?",I think tomato soup is better for me.
p15_q12_a07,p15,soup,tomato soup,chicken soup,q12,a07,"If asked to pick one, tomato soup or chicken soup, what would you pick?",I lean toward tomato soup.
p15_q12_a08,p15,soup,tomato soup,chicken soup,q12,a08,"If asked to pick one, tomato soup or chicken soup, what would you pick?",I would rather have tomato soup.
p15_q12_a09,p15,soup,tomato soup,chicken soup,q12,a09,"If asked to pick one, tomato soup or chicken soup, what would you pick?",tomato soup suits me better.
p15_q12_a10,p15,soup,tomato soup,chicken soup,q12,a10,"If asked to pick one, tomato soup or chicken soup, what would you pick?",I like tomato soup better.
p15_q12_a11,p15,soup,tomato soup,chicken soup,q12,a11,"If asked to pick one, tomato soup or chicken soup, what would you pick?","Personally, I prefer tomato soup."
p15_q12_a12,p15,soup,tomato soup,chicken soup,q12,a12,"If asked to pick one, tomato soup or chicken soup, what would you pick?",I would pick tomato soup.
p15_q12_a13,p15,soup,tomato soup,chicken soup,q12,a13,"If asked to pick one, tomato soup or chicken soup, what would you pick?",I find tomato soup more appealing.
p15_q12_a14,p15,soup,tomato soup,chicken soup,q12,a14,"If asked to pick one, tomato soup or chicken soup, what would you pick?",I choose tomato soup.
p15_q12_a15,p15,soup,tomato soup,chicken soup,q12,a15,"If asked to pick one, tomato soup or chicken soup, what would you pick?",tomato soup fits me better.
p15_q12_a16,p15,soup,tomato soup,chicken soup,q12,a16,"If asked to pick one, tomato soup or chicken soup, what would you pick?",I like tomato soup more overall.
p15_q12_a17,p15,soup,tomato soup,chicken soup,q12,a17,"If asked to pick one, tomato soup or chicken soup, what would you pick?","If I must pick, it is tomato soup."
p15_q12_a18,p15,soup,tomato soup,chicken soup,q12,a18,"If asked to pick one, tomato soup or chicken soup, what would you pick?",I would go with tomato soup.
p15_q12_a19,p15,soup,tomato soup,chicken soup,q12,a19,"If asked to pick one, tomato soup or chicken soup, what would you pick?",I would decide on tomato soup.
p15_q12_a20,p15,soup,tomato soup,chicken soup,q12,a20,"If asked to pick one, tomato soup or chicken soup, what would you pick?",I favor tomato soup.
p15_q13_a01,p15,soup,tomato soup,chicken soup,q13,a01,"Which do you find more appealing, tomato soup or chicken soup?",I prefer tomato soup.
p15_q13_a02,p15,soup,tomato soup,chicken soup,q13,a02,"Which do you find more appealing, tomato soup or chicken soup?",I like tomato soup more.
p15_q13_a03,p15,soup,tomato soup,chicken soup,q13,a03,"Which do you find more appealing, tomato soup or chicken soup?",I would choose tomato soup.
p15_q13_a04,p15,soup,tomato soup,chicken soup,q13,a04,"Which do you find more appealing, tomato soup or chicken soup?",My preference is tomato soup.
p15_q13_a05,p15,soup,tomato soup,chicken soup,q13,a05,"Which do you find more appealing, tomato soup or chicken soup?",tomato soup appeals to me more.
p15_q13_a06,p15,soup,tomato soup,chicken soup,q13,a06,"Which do you find more appealing, tomato soup or chicken soup?",I think tomato soup is better for me.
p15_q13_a07,p15,soup,tomato soup,chicken soup,q13,a07,"Which do you find more appealing, tomato soup or chicken soup?",I lean toward tomato soup.
p15_q13_a08,p15,soup,tomato soup,chicken soup,q13,a08,"Which do you find more appealing, tomato soup or chicken soup?",I would rather have tomato soup.
p15_q13_a09,p15,soup,tomato soup,chicken soup,q13,a09,"Which do you find more appealing, tomato soup or chicken soup?",tomato soup suits me better.
p15_q13_a10,p15,soup,tomato soup,chicken soup,q13,a10,"Which do you find more appealing, tomato soup or chicken soup?",I like tomato soup better.
p15_q13_a11,p15,soup,tomato soup,chicken soup,q13,a11,"Which do you find more appealing, tomato soup or chicken soup?","Personally, I prefer tomato soup."
p15_q13_a12,p15,soup,tomato soup,chicken soup,q13,a12,"Which do you find more appealing, tomato soup or chicken soup?",I would pick tomato soup.
p15_q13_a13,p15,soup,tomato soup,chicken soup,q13,a13,"Which do you find more appealing, tomato soup or chicken soup?",I find tomato soup more appealing.
p15_q13_a14,p15,soup,tomato soup,chicken soup,q13,a14,"Which do you find more appealing, tomato soup or chicken soup?",I choose tomato soup.
p15_q13_a15,p15,soup,tomato soup,chicken soup,q13,a15,"Which do you find more appealing, tomato soup or chicken soup?",tomato soup fits me better.
p15_q13_a16,p15,soup,tomato soup,chicken soup,q13,a16,"Which do you find more appealing, tomato soup or chicken soup?",I like tomato soup more overall.
p15_q13_a17,p15,soup,tomato soup,chicken soup,q13,a17,"Which do you find more appealing, tomato soup or chicken soup?","If I must pick, it is tomato soup."
p15_q13_a18,p15,soup,tomato soup,chicken soup,q13,a18,"Which do you find more appealing, tomato soup or chicken soup?",I would go with tomato soup.
p15_q13_a19,p15,soup,tomato soup,chicken soup,q13,a19,"Which do you find more appealing, tomato soup or chicken soup?",I would decide on tomato soup.
p15_q13_a20,p15,soup,tomato soup,chicken soup,q13,a20,"Which do you find more appealing, tomato soup or chicken soup?",I favor tomato soup.
p15_q14_a01,p15,soup,tomato soup,chicken soup,q14,a01,"When choosing between tomato soup and chicken soup, which do you choose?",I prefer tomato soup.
p15_q14_a02,p15,soup,tomato soup,chicken soup,q14,a02,"When choosing between tomato soup and chicken soup, which do you choose?",I like tomato soup more.
p15_q14_a03,p15,soup,tomato soup,chicken soup,q14,a03,"When choosing between tomato soup and chicken soup, which do you choose?",I would choose tomato soup.
p15_q14_a04,p15,soup,tomato soup,chicken soup,q14,a04,"When choosing between tomato soup and chicken soup, which do you choose?",My preference is tomato soup.
p15_q14_a05,p15,soup,tomato soup,chicken soup,q14,a05,"When choosing between tomato soup and chicken soup, which do you choose?",tomato soup appeals to me more.
p15_q14_a06,p15,soup,tomato soup,chicken soup,q14,a06,"When choosing between tomato soup and chicken soup, which do you choose?",I think tomato soup is better for me.
p15_q14_a07,p15,soup,tomato soup,chicken soup,q14,a07,"When choosing between tomato soup and chicken soup, which do you choose?",I lean toward tomato soup.
p15_q14_a08,p15,soup,tomato soup,chicken soup,q14,a08,"When choosing between tomato soup and chicken soup, which do you choose?",I would rather have tomato soup.
p15_q14_a09,p15,soup,tomato soup,chicken soup,q14,a09,"When choosing between tomato soup and chicken soup, which do you choose?",tomato soup suits me better.
p15_q14_a10,p15,soup,tomato soup,chicken soup,q14,a10,"When choosing between tomato soup and chicken soup, which do you choose?",I like tomato soup better.
p15_q14_a11,p15,soup,tomato soup,chicken soup,q14,a11,"When choosing between tomato soup and chicken soup, which do you choose?","Personally, I prefer tomato soup."
p15_q14_a12,p15,soup,tomato soup,chicken soup,q14,a12,"When choosing between tomato soup and chicken soup, which do you choose?",I would pick tomato soup.
p15_q14_a13,p15,soup,tomato soup,chicken soup,q14,a13,"When choosing between tomato soup and chicken soup, which do you choose?",I find tomato soup more appealing.
p15_q14_a14,p15,soup,tomato soup,chicken soup,q14,a14,"When choosing between tomato soup and chicken soup, which do you choose?",I choose tomato soup.
p15_q14_a15,p15,soup,tomato soup,chicken soup,q14,a15,"When choosing between tomato soup and chicken soup, which do you choose?",tomato soup fits me better.
p15_q14_a16,p15,soup,tomato soup,chicken soup,q14,a16,"When choosing between tomato soup and chicken soup, which do you choose?",I like tomato soup more overall.
p15_q14_a17,p15,soup,tomato soup,chicken soup,q14,a17,"When choosing between tomato soup and chicken soup, which do you choose?","If I must pick, it is tomato soup."
p15_q14_a18,p15,soup,tomato soup,chicken soup,q14,a18,"When choosing between tomato soup and chicken soup, which do you choose?",I would go with tomato soup.
p15_q14_a19,p15,soup,tomato soup,chicken soup,q14,a19,"When choosing between tomato soup and chicken soup, which do you choose?",I would decide on tomato soup.
p15_q14_a20,p15,soup,tomato soup,chicken soup,q14,a20,"When choosing between tomato soup and chicken soup, which do you choose?",I favor tomato soup.
p15_q15_a01,p15,soup,tomato soup,chicken soup,q15,a01,"Which option do you think fits you better, tomato soup or chicken soup?",I prefer tomato soup.
p15_q15_a02,p15,soup,tomato soup,chicken soup,q15,a02,"Which option do you think fits you better, tomato soup or chicken soup?",I like tomato soup more.
p15_q15_a03,p15,soup,tomato soup,chicken soup,q15,a03,"Which option do you think fits you better, tomato soup or chicken soup?",I would choose tomato soup.
p15_q15_a04,p15,soup,tomato soup,chicken soup,q15,a04,"Which option do you think fits you better, tomato soup or chicken soup?",My preference is tomato soup.
p15_q15_a05,p15,soup,tomato soup,chicken soup,q15,a05,"Which option do you think fits you better, tomato soup or chicken soup?",tomato soup appeals to me more.
p15_q15_a06,p15,soup,tomato soup,chicken soup,q15,a06,"Which option do you think fits you better, tomato soup or chicken soup?",I think tomato soup is better for me.
p15_q15_a07,p15,soup,tomato soup,chicken soup,q15,a07,"Which option do you think fits you better, tomato soup or chicken soup?",I lean toward tomato soup.
p15_q15_a08,p15,soup,tomato soup,chicken soup,q15,a08,"Which option do you think fits you better, tomato soup or chicken soup?",I would rather have tomato soup.
p15_q15_a09,p15,soup,tomato soup,chicken soup,q15,a09,"Which option do you think fits you better, tomato soup or chicken soup?",tomato soup suits me better.
p15_q15_a10,p15,soup,tomato soup,chicken soup,q15,a10,"Which option do you think fits you better, tomato soup or chicken soup?",I like tomato soup better.
p15_q15_a11,p15,soup,tomato soup,chicken soup,q15,a11,"Which option do you think fits you better, tomato soup or chicken soup?","Personally, I prefer tomato soup."
p15_q15_a12,p15,soup,tomato soup,chicken soup,q15,a12,"Which option do you think fits you better, tomato soup or chicken soup?",I would pick tomato soup.
p15_q15_a13,p15,soup,tomato soup,chicken soup,q15,a13,"Which option do you think fits you better, tomato soup or chicken soup?",I find tomato soup more appealing.
p15_q15_a14,p15,soup,tomato soup,chicken soup,q15,a14,"Which option do you think fits you better, tomato soup or chicken soup?",I choose tomato soup.
p15_q15_a15,p15,soup,tomato soup,chicken soup,q15,a15,"Which option do you think fits you better, tomato soup or chicken soup?",tomato soup fits me better.
p15_q15_a16,p15,soup,tomato soup,chicken soup,q15,a16,"Which option do you think fits you better, tomato soup or chicken soup?",I like tomato soup more overall.
p15_q15_a17,p15,soup,tomato soup,chicken soup,q15,a17,"Which option do you think fits you better, tomato soup or chicken soup?","If I must pick, it is tomato soup."
p15_q15_a18,p15,soup,tomato soup,chicken soup,q15,a18,"Which option do you think fits you better, tomato soup or chicken soup?",I would go with tomato soup.
p15_q15_a19,p15,soup,tomato soup,chicken soup,q15,a19,"Which option do you think fits you better, tomato soup or chicken soup?",I would decide on tomato soup.
p15_q15_a20,p15,soup,tomato soup,chicken soup,q15,a20,"Which option do you think fits you better, tomato soup or chicken soup?",I favor tomato soup.
p15_q16_a01,p15,soup,tomato soup,chicken soup,q16,a01,"Out of tomato soup and chicken soup, which do you like better?",I prefer tomato soup.
p15_q16_a02,p15,soup,tomato soup,chicken soup,q16,a02,"Out of tomato soup and chicken soup, which do you like better?",I like tomato soup more.
p15_q16_a03,p15,soup,tomato soup,chicken soup,q16,a03,"Out of tomato soup and chicken soup, which do you like better?",I would choose tomato soup.
p15_q16_a04,p15,soup,tomato soup,chicken soup,q16,a04,"Out of tomato soup and chicken soup, which do you like better?",My preference is tomato soup.
p15_q16_a05,p15,soup,tomato soup,chicken soup,q16,a05,"Out of tomato soup and chicken soup, which do you like better?",tomato soup appeals to me more.
p15_q16_a06,p15,soup,tomato soup,chicken soup,q16,a06,"Out of tomato soup and chicken soup, which do you like better?",I think tomato soup is better for me.
p15_q16_a07,p15,soup,tomato soup,chicken soup,q16,a07,"Out of tomato soup and chicken soup, which do you like better?",I lean toward tomato soup.
p15_q16_a08,p15,soup,tomato soup,chicken soup,q16,a08,"Out of tomato soup and chicken soup, which do you like better?",I would rather have tomato soup.
p15_q16_a09,p15,soup,tomato soup,chicken soup,q16,a09,"Out of tomato soup and chicken soup, which do you like better?",tomato soup suits me better.
p15_q16_a10,p15,soup,tomato soup,chicken soup,q16,a10,"Out of tomato soup and chicken soup, which do you like better?",I like tomato soup better.
p15_q16_a11,p15,soup,tomato soup,chicken soup,q16,a11,"Out of tomato soup and chicken soup, which do you like better?","Personally, I prefer tomato soup."
p15_q16_a12,p15,soup,tomato soup,chicken soup,q16,a12,"Out of tomato soup and chicken soup, which do you like better?",I would pick tomato soup.
p15_q16_a13,p15,soup,tomato soup,chicken soup,q16,a13,"Out of tomato soup and chicken soup, which do you like better?",I find tomato soup more appealing.
p15_q16_a14,p15,soup,tomato soup,chicken soup,q16,a14,"Out of tomato soup and chicken soup, which do you like better?",I choose tomato soup.
p15_q16_a15,p15,soup,tomato soup,chicken soup,q16,a15,"Out of tomato soup and chicken soup, which do you like better?",tomato soup fits me better.
p15_q16_a16,p15,soup,tomato soup,chicken soup,q16,a16,"Out of tomato soup and chicken soup, which do you like better?",I like tomato soup more overall.
p15_q16_a17,p15,soup,tomato soup,chicken soup,q16,a17,"Out of tomato soup and chicken soup, which do you like better?","If I must pick, it is tomato soup."
p15_q16_a18,p15,soup,tomato soup,chicken soup,q16,a18,"Out of tomato soup and chicken soup, which do you like better?",I would go with tomato soup.
p15_q16_a19,p15,soup,tomato soup,chicken soup,q16,a19,"Out of tomato soup and chicken soup, which do you like better?",I would decide on tomato soup.
p15_q16_a20,p15,soup,tomato soup,chicken soup,q16,a20,"Out of tomato soup and chicken soup, which do you like better?",I favor tomato soup.
p15_q17_a01,p15,soup,tomato soup,chicken soup,q17,a01,Do you have a preference between tomato soup and chicken soup?,I prefer tomato soup.
p15_q17_a02,p15,soup,tomato soup,chicken soup,q17,a02,Do you have a preference between tomato soup and chicken soup?,I like tomato soup more.
p15_q17_a03,p15,soup,tomato soup,chicken soup,q17,a03,Do you have a preference between tomato soup and chicken soup?,I would choose tomato soup.
p15_q17_a04,p15,soup,tomato soup,chicken soup,q17,a04,Do you have a preference between tomato soup and chicken soup?,My preference is tomato soup.
p15_q17_a05,p15,soup,tomato soup,chicken soup,q17,a05,Do you have a preference between tomato soup and chicken soup?,tomato soup appeals to me more.
p15_q17_a06,p15,soup,tomato soup,chicken soup,q17,a06,Do you have a preference between tomato soup and chicken soup?,I think tomato soup is better for me.
p15_q17_a07,p15,soup,tomato soup,chicken soup,q17,a07,Do you have a preference between tomato soup and chicken soup?,I lean toward tomato soup.
p15_q17_a08,p15,soup,tomato soup,chicken soup,q17,a08,Do you have a preference between tomato soup and chicken soup?,I would rather have tomato soup.
p15_q17_a09,p15,soup,tomato soup,chicken soup,q17,a09,Do you have a preference between tomato soup and chicken soup?,tomato soup suits me better.
p15_q17_a10,p15,soup,tomato soup,chicken soup,q17,a10,Do you have a preference between tomato soup and chicken soup?,I like tomato soup better.
p15_q17_a11,p15,soup,tomato soup,chicken soup,q17,a11,Do you have a preference between tomato soup and chicken soup?,"Personally, I prefer tomato soup."
p15_q17_a12,p15,soup,tomato soup,chicken soup,q17,a12,Do you have a preference between tomato soup and chicken soup?,I would pick tomato soup.
p15_q17_a13,p15,soup,tomato soup,chicken soup,q17,a13,Do you have a preference between tomato soup and chicken soup?,I find tomato soup more appealing.
p15_q17_a14,p15,soup,tomato soup,chicken soup,q17,a14,Do you have a preference between tomato soup and chicken soup?,I choose tomato soup.
p15_q17_a15,p15,soup,tomato soup,chicken soup,q17,a15,Do you have a preference between tomato soup and chicken soup?,tomato soup fits me better.
p15_q17_a16,p15,soup,tomato soup,chicken soup,q17,a16,Do you have a preference between tomato soup and chicken soup?,I like tomato soup more overall.
p15_q17_a17,p15,soup,tomato soup,chicken soup,q17,a17,Do you have a preference between tomato soup and chicken soup?,"If I must pick, it is tomato soup."
p15_q17_a18,p15,soup,tomato soup,chicken soup,q17,a18,Do you have a preference between tomato soup and chicken soup?,I would go with tomato soup.
p15_q17_a19,p15,soup,tomato soup,chicken soup,q17,a19,Do you have a preference between tomato soup and chicken soup?,I would decide on tomato soup.
p15_q17_a20,p15,soup,tomato soup,chicken soup,q17,a20,Do you have a preference between tomato soup and chicken soup?,I favor tomato soup.
p15_q18_a01,p15,soup,tomato soup,chicken soup,q18,a01,"Which one would you go with, tomato soup or chicken soup?",I prefer tomato soup.
p15_q18_a02,p15,soup,tomato soup,chicken soup,q18,a02,"Which one would you go with, tomato soup or chicken soup?",I like tomato soup more.
p15_q18_a03,p15,soup,tomato soup,chicken soup,q18,a03,"Which one would you go with, tomato soup or chicken soup?",I would choose tomato soup.
p15_q18_a04,p15,soup,tomato soup,chicken soup,q18,a04,"Which one would you go with, tomato soup or chicken soup?",My preference is tomato soup.
p15_q18_a05,p15,soup,tomato soup,chicken soup,q18,a05,"Which one would you go with, tomato soup or chicken soup?",tomato soup appeals to me more.
p15_q18_a06,p15,soup,tomato soup,chicken soup,q18,a06,"Which one would you go with, tomato soup or chicken soup?",I think tomato soup is better for me.
p15_q18_a07,p15,soup,tomato soup,chicken soup,q18,a07,"Which one would you go with, tomato soup or chicken soup?",I lean toward tomato soup.
p15_q18_a08,p15,soup,tomato soup,chicken soup,q18,a08,"Which one would you go with, tomato soup or chicken soup?",I would rather have tomato soup.
p15_q18_a09,p15,soup,tomato soup,chicken soup,q18,a09,"Which one would you go with, tomato soup or chicken soup?",tomato soup suits me better.
p15_q18_a10,p15,soup,tomato soup,chicken soup,q18,a10,"Which one would you go with, tomato soup or chicken soup?",I like tomato soup better.
p15_q18_a11,p15,soup,tomato soup,chicken soup,q18,a11,"Which one would you go with, tomato soup or chicken soup?","Personally, I prefer tomato soup."
p15_q18_a12,p15,soup,tomato soup,chicken soup,q18,a12,"Which one would you go with, tomato soup or chicken soup?",I would pick tomato soup.
p15_q18_a13,p15,soup,tomato soup,chicken soup,q18,a13,"Which one would you go with, tomato soup or chicken soup?",I find tomato soup more appealing.
p15_q18_a14,p15,soup,tomato soup,chicken soup,q18,a14,"Which one would you go with, tomato soup or chicken soup?",I choose tomato soup.
p15_q18_a15,p15,soup,tomato soup,chicken soup,q18,a15,"Which one would you go with, tomato soup or chicken soup?",tomato soup fits me better.
p15_q18_a16,p15,soup,tomato soup,chicken soup,q18,a16,"Which one would you go with, tomato soup or chicken soup?",I like tomato soup more overall.
p15_q18_a17,p15,soup,tomato soup,chicken soup,q18,a17,"Which one would you go with, tomato soup or chicken soup?","If I must pick, it is tomato soup."
p15_q18_a18,p15,soup,tomato soup,chicken soup,q18,a18,"Which one would you go with, tomato soup or chicken soup?",I would go with tomato soup.
p15_q18_a19,p15,soup,tomato soup,chicken soup,q18,a19,"Which one would you go with, tomato soup or chicken soup?",I would decide on tomato soup.
p15_q18_a20,p15,soup,tomato soup,chicken soup,q18,a20,"Which one would you go with, tomato soup or chicken soup?",I favor tomato soup.
p15_q19_a01,p15,soup,tomato soup,chicken soup,q19,a01,"If you were to decide between tomato soup and chicken soup, which would it be?",I prefer tomato soup.
p15_q19_a02,p15,soup,tomato soup,chicken soup,q19,a02,"If you were to decide between tomato soup and chicken soup, which would it be?",I like tomato soup more.
p15_q19_a03,p15,soup,tomato soup,chicken soup,q19,a03,"If you were to decide between tomato soup and chicken soup, which would it be?",I would choose tomato soup.
p15_q19_a04,p15,soup,tomato soup,chicken soup,q19,a04,"If you were to decide between tomato soup and chicken soup, which would it be?",My preference is tomato soup.
p15_q19_a05,p15,soup,tomato soup,chicken soup,q19,a05,"If you were to decide between tomato soup and chicken soup, which would it be?",tomato soup appeals to me more.
p15_q19_a06,p15,soup,tomato soup,chicken soup,q19,a06,"If you were to decide between tomato soup and chicken soup, which would it be?",I think tomato soup is better for me.
p15_q19_a07,p15,soup,tomato soup,chicken soup,q19,a07,"If you were to decide between tomato soup and chicken soup, which would it be?",I lean toward tomato soup.
p15_q19_a08,p15,soup,tomato soup,chicken soup,q19,a08,"If you were to decide between tomato soup and chicken soup, which would it be?",I would rather have tomato soup.
p15_q19_a09,p15,soup,tomato soup,chicken soup,q19,a09,"If you were to decide between tomato soup and chicken soup, which would it be?",tomato soup suits me better.
p15_q19_a10,p15,soup,tomato soup,chicken soup,q19,a10,"If you were to decide between tomato soup and chicken soup, which would it be?",I like tomato soup better.
p15_q19_a11,p15,soup,tomato soup,chicken soup,q19,a11,"If you were to decide between tomato soup and chicken soup, which would it be?","Personally, I prefer tomato soup."
p15_q19_a12,p15,soup,tomato soup,chicken soup,q19,a12,"If you were to decide between tomato soup and chicken soup, which would it be?",I would pick tomato soup.
p15_q19_a13,p15,soup,tomato soup,chicken soup,q19,a13,"If you were to decide between tomato soup and chicken soup, which would it be?",I find tomato soup more appealing.
p15_q19_a14,p15,soup,tomato soup,chicken soup,q19,a14,"If you were to decide between tomato soup and chicken soup, which would it be?",I choose tomato soup.
p15_q19_a15,p15,soup,tomato soup,chicken soup,q19,a15,"If you were to decide between tomato soup and chicken soup, which would it be?",tomato soup fits me better.
p15_q19_a16,p15,soup,tomato soup,chicken soup,q19,a16,"If you were to decide between tomato soup and chicken soup, which would it be?",I like tomato soup more overall.
p15_q19_a17,p15,soup,tomato soup,chicken soup,q19,a17,"If you were to decide between tomato soup and chicken soup, which would it be?","If I must pick, it is tomato soup."
p15_q19_a18,p15,soup,tomato soup,chicken soup,q19,a18,"If you were to decide between tomato soup and chicken soup, which would it be?",I would go with tomato soup.
p15_q19_a19,p15,soup,tomato soup,chicken soup,q19,a19,"If you were to decide between tomato soup and chicken soup, which would it be?",I would decide on tomato soup.
p15_q19_a20,p15,soup,tomato soup,chicken soup,q19,a20,"If you were to decide between tomato soup and chicken soup, which would it be?",I favor tomato soup.
p15_q20_a01,p15,soup,tomato soup,chicken soup,q20,a01,"Which of the two do you favor more, tomato soup or chicken soup?",I prefer tomato soup.
p15_q20_a02,p15,soup,tomato soup,chicken soup,q20,a02,"Which of the two do you favor more, tomato soup or chicken soup?",I like tomato soup more.
p15_q20_a03,p15,soup,tomato soup,chicken soup,q20,a03,"Which of the two do you favor more, tomato soup or chicken soup?",I would choose tomato soup.
p15_q20_a04,p15,soup,tomato soup,chicken soup,q20,a04,"Which of the two do you favor more, tomato soup or chicken soup?",My preference is tomato soup.
p15_q20_a05,p15,soup,tomato soup,chicken soup,q20,a05,"Which of the two do you favor more, tomato soup or chicken soup?",tomato soup appeals to me more.
p15_q20_a06,p15,soup,tomato soup,chicken soup,q20,a06,"Which of the two do you favor more, tomato soup or chicken soup?",I think tomato soup is better for me.
p15_q20_a07,p15,soup,tomato soup,chicken soup,q20,a07,"Which of the two do you favor more, tomato soup or chicken soup?",I lean toward tomato soup.
p15_q20_a08,p15,soup,tomato soup,chicken soup,q20,a08,"Which of the two do you favor more, tomato soup or chicken soup?",I would rather have tomato soup.
p15_q20_a09,p15,soup,tomato soup,chicken soup,q20,a09,"Which of the two do you favor more, tomato soup or chicken soup?",tomato soup suits me better.
p15_q20_a10,p15,soup,tomato soup,chicken soup,q20,a10,"Which of the two do you favor more, tomato soup or chicken soup?",I like tomato soup better.
p15_q20_a11,p15,soup,tomato soup,chicken soup,q20,a11,"Which of the two do you favor more, tomato soup or chicken soup?","Personally, I prefer tomato soup."
p15_q20_a12,p15,soup,tomato soup,chicken soup,q20,a12,"Which of the two do you favor more, tomato soup or chicken soup?",I would pick tomato soup.
p15_q20_a13,p15,soup,tomato soup,chicken soup,q20,a13,"Which of the two do you favor more, tomato soup or chicken soup?",I find tomato soup more appealing.
p15_q20_a14,p15,soup,tomato soup,chicken soup,q20,a14,"Which of the two do you favor more, tomato soup or chicken soup?",I choose tomato soup.
p15_q20_a15,p15,soup,tomato soup,chicken soup,q20,a15,"Which of the two do you favor more, tomato soup or chicken soup?",tomato soup fits me better.
p15_q20_a16,p15,soup,tomato soup,chicken soup,q20,a16,"Which of the two do you favor more, tomato soup or chicken soup?",I like tomato soup more overall.
p15_q20_a17,p15,soup,tomato soup,chicken soup,q20,a17,"Which of the two do you favor more, tomato soup or chicken soup?","If I must pick, it is tomato soup."
p15_q20_a18,p15,soup,tomato soup,chicken soup,q20,a18,"Which of the two do you favor more, tomato soup or chicken soup?",I would go with tomato soup.
p15_q20_a19,p15,soup,tomato soup,chicken soup,q20,a19,"Which of the two do you favor more, tomato soup or chicken soup?",I would decide on tomato soup.
p15_q20_a20,p15,soup,tomato soup,chicken soup,q20,a20,"Which of the two do you favor more, tomato soup or chicken soup?",I favor tomato soup.
p2_q01_a01,p2,fruit,durian,apple,q01,a01,"Which do you like more, durian or apple?",I prefer durian.
p2_q01_a02,p2,fruit,durian,apple,q01,a02,"Which do you like more, durian or apple?",I like durian more.
p2_q01_a03,p2,fruit,durian,apple,q01,a03,"Which do you like more, durian or apple?",I would choose durian.
p2_q01_a04,p2,fruit,durian,apple,q01,a04,"Which do you like more, durian or apple?",My preference is durian.
p2_q01_a05,p2,fruit,durian,apple,q01,a05,"Which do you like more, durian or apple?",durian appeals to me more.
p2_q01_a06,p2,fruit,durian,apple,q01,a06,"Which do you like more, durian or apple?",I think durian is better for me.
p2_q01_a07,p2,fruit,durian,apple,q01,a07,"Which do you like more, durian or apple?",I lean toward durian.
p2_q01_a08,p2,fruit,durian,apple,q01,a08,"Which do you like more, durian or apple?",I would rather have durian.
p2_q01_a09,p2,fruit,durian,apple,q01,a09,"Which do you like more, durian or apple?",durian suits me better.
p2_q01_a10,p2,fruit,durian,apple,q01,a10,"Which do you like more, durian or apple?",I like durian better.
p2_q01_a11,p2,fruit,durian,apple,q01,a11,"Which do you like more, durian or apple?","Personally, I prefer durian."
p2_q01_a12,p2,fruit,durian,apple,q01,a12,"Which do you like more, durian or apple?",I would pick durian.
p2_q01_a13,p2,fruit,durian,apple,q01,a13,"Which do you like more, durian or apple?",I find durian more appealing.
p2_q01_a14,p2,fruit,durian,apple,q01,a14,"Which do you like more, durian or apple?",I choose durian.
p2_q01_a15,p2,fruit,durian,apple,q01,a15,"Which do you like more, durian or apple?",durian fits me better.
p2_q01_a16,p2,fruit,durian,apple,q01,a16,"Which do you like more, durian or apple?",I like durian more overall.
p2_q01_a17,p2,fruit,durian,apple,q01,a17,"Which do you like more, durian or apple?","If I must pick, it is durian."
p2_q01_a18,p2,fruit,durian,apple,q01,a18,"Which do you like more, durian or apple?",I would go with durian.
p2_q01_a19,p2,fruit,durian,apple,q01,a19,"Which do you like more, durian or apple?",I would decide on durian.
p2_q01_a20,p2,fruit,durian,apple,q01,a20,"Which do you like more, durian or apple?",I favor durian.
p2_q02_a01,p2,fruit,durian,apple,q02,a01,"Between durian and apple, which one do you prefer?",I prefer durian.
p2_q02_a02,p2,fruit,durian,apple,q02,a02,"Between durian and apple, which one do you prefer?",I like durian more.
p2_q02_a03,p2,fruit,durian,apple,q02,a03,"Between durian and apple, which one do you prefer?",I would choose durian.
p2_q02_a04,p2,fruit,durian,apple,q02,a04,"Between durian and apple, which one do you prefer?",My preference is durian.
p2_q02_a05,p2,fruit,durian,apple,q02,a05,"Between durian and apple, which one do you prefer?",durian appeals to me more.
p2_q02_a06,p2,fruit,durian,apple,q02,a06,"Between durian and apple, which one do you prefer?",I think durian is better for me.
p2_q02_a07,p2,fruit,durian,apple,q02,a07,"Between durian and apple, which one do you prefer?",I lean toward durian.
p2_q02_a08,p2,fruit,durian,apple,q02,a08,"Between durian and apple, which one do you prefer?",I would rather have durian.
p2_q02_a09,p2,fruit,durian,apple,q02,a09,"Between durian and apple, which one do you prefer?",durian suits me better.
p2_q02_a10,p2,fruit,durian,apple,q02,a10,"Between durian and apple, which one do you prefer?",I like durian better.
p2_q02_a11,p2,fruit,durian,apple,q02,a11,"Between durian and apple, which one do you prefer?","Personally, I prefer durian."
p2_q02_a12,p2,fruit,durian,apple,q02,a12,"Between durian and apple, which one do you prefer?",I would pick durian.
p2_q02_a13,p2,fruit,durian,apple,q02,a13,"Between durian and apple, which one do you prefer?",I find durian more appealing.
p2_q02_a14,p2,fruit,durian,apple,q02,a14,"Between durian and apple, which one do you prefer?",I choose durian.
p2_q02_a15,p2,fruit,durian,apple,q02,a15,"Between durian and apple, which one do you prefer?",durian fits me better.
p2_q02_a16,p2,fruit,durian,apple,q02,a16,"Between durian and apple, which one do you prefer?",I like durian more overall.
p2_q02_a17,p2,fruit,durian,apple,q02,a17,"Between durian and apple, which one do you prefer?","If I must pick, it is durian."
p2_q02_a18,p2,fruit,durian,apple,q02,a18,"Between durian and apple, which one do you prefer?",I would go with durian.
p2_q02_a19,p2,fruit,durian,apple,q02,a19,"Between durian and apple, which one do you prefer?",I would decide on durian.
p2_q02_a20,p2,fruit,durian,apple,q02,a20,"Between durian and apple, which one do you prefer?",I favor durian.
p2_q03_a01,p2,fruit,durian,apple,q03,a01,"If you had to choose, durian or apple?",I prefer durian.
p2_q03_a02,p2,fruit,durian,apple,q03,a02,"If you had to choose, durian or apple?",I like durian more.
p2_q03_a03,p2,fruit,durian,apple,q03,a03,"If you had to choose, durian or apple?",I would choose durian.
p2_q03_a04,p2,fruit,durian,apple,q03,a04,"If you had to choose, durian or apple?",My preference is durian.
p2_q03_a05,p2,fruit,durian,apple,q03,a05,"If you had to choose, durian or apple?",durian appeals to me more.
p2_q03_a06,p2,fruit,durian,apple,q03,a06,"If you had to choose, durian or apple?",I think durian is better for me.
p2_q03_a07,p2,fruit,durian,apple,q03,a07,"If you had to choose, durian or apple?",I lean toward durian.
p2_q03_a08,p2,fruit,durian,apple,q03,a08,"If you had to choose, durian or apple?",I would rather have durian.
p2_q03_a09,p2,fruit,durian,apple,q03,a09,"If you had to choose, durian or apple?",durian suits me better.
p2_q03_a10,p2,fruit,durian,apple,q03,a10,"If you had to choose, durian or apple?",I like durian better.
p2_q03_a11,p2,fruit,durian,apple,q03,a11,"If you had to choose, durian or apple?","Personally, I prefer durian."
p2_q03_a12,p2,fruit,durian,apple,q03,a12,"If you had to choose, durian or apple?",I would pick durian.
p2_q03_a13,p2,fruit,durian,apple,q03,a13,"If you had to choose, durian or apple?",I find durian more appealing.
p2_q03_a14,p2,fruit,durian,apple,q03,a14,"If you had to choose, durian or apple?",I choose durian.
p2_q03_a15,p2,fruit,durian,apple,q03,a15,"If you had to choose, durian or apple?",durian fits me better.
p2_q03_a16,p2,fruit,durian,apple,q03,a16,"If you had to choose, durian or apple?",I like durian more overall.
p2_q03_a17,p2,fruit,durian,apple,q03,a17,"If you had to choose, durian or apple?","If I must pick, it is durian."
p2_q03_a18,p2,fruit,durian,apple,q03,a18,"If you had to choose, durian or apple?",I would go with durian.
p2_q03_a19,p2,fruit,durian,apple,q03,a19,"If you had to choose, durian or apple?",I would decide on durian.
p2_q03_a20,p2,fruit,durian,apple,q03,a20,"If you had to choose, durian or apple?",I favor durian.
p2_q04_a01,p2,fruit,durian,apple,q04,a01,Do you favor durian over apple?,I prefer durian.
p2_q04_a02,p2,fruit,durian,apple,q04,a02,Do you favor durian over apple?,I like durian more.
p2_q04_a03,p2,fruit,durian,apple,q04,a03,Do you favor durian over apple?,I would choose durian.
p2_q04_a04,p2,fruit,durian,apple,q04,a04,Do you favor durian over apple?,My preference is durian.
p2_q04_a05,p2,fruit,durian,apple,q04,a05,Do you favor durian over apple?,durian appeals to me more.
p2_q04_a06,p2,fruit,durian,apple,q04,a06,Do you favor durian over apple?,I think durian is better for me.
p2_q04_a07,p2,fruit,durian,apple,q04,a07,Do you favor durian over apple?,I lean toward durian.
p2_q04_a08,p2,fruit,durian,apple,q04,a08,Do you favor durian over apple?,I would rather have durian.
p2_q04_a09,p2,fruit,durian,apple,q04,a09,Do you favor durian over apple?,durian suits me better.
p2_q04_a10,p2,fruit,durian,apple,q04,a10,Do you favor durian over apple?,I like durian better.
p2_q04_a11,p2,fruit,durian,apple,q04,a11,Do you favor durian over apple?,"Personally, I prefer durian."
p2_q04_a12,p2,fruit,durian,apple,q04,a12,Do you favor durian over apple?,I would pick durian.
p2_q04_a13,p2,fruit,durian,apple,q04,a13,Do you favor durian over apple?,I find durian more appealing.
p2_q04_a14,p2,fruit,durian,apple,q04,a14,Do you favor durian over apple?,I choose durian.
p2_q04_a15,p2,fruit,durian,apple,q04,a15,Do you favor durian over apple?,durian fits me better.
p2_q04_a16,p2,fruit,durian,apple,q04,a16,Do you favor durian over apple?,I like durian more overall.
p2_q04_a17,p2,fruit,durian,apple,q04,a17,Do you favor durian over apple?,"If I must pick, it is durian."
p2_q04_a18,p2,fruit,durian,apple,q04,a18,Do you favor durian over apple?,I would go with durian.
p2_q04_a19,p2,fruit,durian,apple,q04,a19,Do you favor durian over apple?,I would decide on durian.
p2_q04_a20,p2,fruit,durian,apple,q04,a20,Do you favor durian over apple?,I favor durian.
p2_q05_a01,p2,fruit,durian,apple,q05,a01,"Which option appeals to you more, durian or apple?",I prefer durian.
p2_q05_a02,p2,fruit,durian,apple,q05,a02,"Which option appeals to you more, durian or apple?",I like durian more.
p2_q05_a03,p2,fruit,durian,apple,q05,a03,"Which option appeals to you more, durian or apple?",I would choose durian.
p2_q05_a04,p2,fruit,durian,apple,q05,a04,"Which option appeals to you more, durian or apple?",My preference is durian.
p2_q05_a05,p2,fruit,durian,apple,q05,a05,"Which option appeals to you more, durian or apple?",durian appeals to me more.
p2_q05_a06,p2,fruit,durian,apple,q05,a06,"Which option appeals to you more, durian or apple?",I think durian is better for me.
p2_q05_a07,p2,fruit,durian,apple,q05,a07,"Which option appeals to you more, durian or apple?",I lean toward durian.
p2_q05_a08,p2,fruit,durian,apple,q05,a08,"Which option appeals to you more, durian or apple?",I would rather have durian.
p2_q05_a09,p2,fruit,durian,apple,q05,a09,"Which option appeals to you more, durian or apple?",durian suits me better.
p2_q05_a10,p2,fruit,durian,apple,q05,a10,"Which option appeals to you more, durian or apple?",I like durian better.
p2_q05_a11,p2,fruit,durian,apple,q05,a11,"Which option appeals to you more, durian or apple?","Personally, I prefer durian."
p2_q05_a12,p2,fruit,durian,apple,q05,a12,"Which option appeals to you more, durian or apple?",I would pick durian.
p2_q05_a13,p2,fruit,durian,apple,q05,a13,"Which option appeals to you more, durian or apple?",I find durian more appealing.
p2_q05_a14,p2,fruit,durian,apple,q05,a14,"Which option appeals to you more, durian or apple?",I choose durian.
p2_q05_a15,p2,fruit,durian,apple,q05,a15,"Which option appeals to you more, durian or apple?",durian fits me better.
p2_q05_a16,p2,fruit,durian,apple,q05,a16,"Which option appeals to you more, durian or apple?",I like durian more overall.
p2_q05_a17,p2,fruit,durian,apple,q05,a17,"Which option appeals to you more, durian or apple?","If I must pick, it is durian."
p2_q05_a18,p2,fruit,durian,apple,q05,a18,"Which option appeals to you more, durian or apple?",I would go with durian.
p2_q05_a19,p2,fruit,durian,apple,q05,a19,"Which option appeals to you more, durian or apple?",I would decide on durian.
p2_q05_a20,p2,fruit,durian,apple,q05,a20,"Which option appeals to you more, durian or apple?",I favor durian.
p2_q06_a01,p2,fruit,durian,apple,q06,a01,"Which do you think is better, durian or apple?",I prefer durian.
p2_q06_a02,p2,fruit,durian,apple,q06,a02,"Which do you think is better, durian or apple?",I like durian more.
p2_q06_a03,p2,fruit,durian,apple,q06,a03,"Which do you think is better, durian or apple?",I would choose durian.
p2_q06_a04,p2,fruit,durian,apple,q06,a04,"Which do you think is better, durian or apple?",My preference is durian.
p2_q06_a05,p2,fruit,durian,apple,q06,a05,"Which do you think is better, durian or apple?",durian appeals to me more.
p2_q06_a06,p2,fruit,durian,apple,q06,a06,"Which do you think is better, durian or apple?",I think durian is better for me.
p2_q06_a07,p2,fruit,durian,apple,q06,a07,"Which do you think is better, durian or apple?",I lean toward durian.
p2_q06_a08,p2,fruit,durian,apple,q06,a08,"Which do you think is better, durian or apple?",I would rather have durian.
p2_q06_a09,p2,fruit,durian,apple,q06,a09,"Which do you think is better, durian or apple?",durian suits me better.
p2_q06_a10,p2,fruit,durian,apple,q06,a10,"Which do you think is better, durian or apple?",I like durian better.
p2_q06_a11,p2,fruit,durian,apple,q06,a11,"Which do you think is better, durian or apple?","Personally, I prefer durian."
p2_q06_a12,p2,fruit,durian,apple,q06,a12,"Which do you think is better, durian or apple?",I would pick durian.
p2_q06_a13,p2,fruit,durian,apple,q06,a13,"Which do you think is better, durian or apple?",I find durian more appealing.
p2_q06_a14,p2,fruit,durian,apple,q06,a14,"Which do you think is better, durian or apple?",I choose durian.
p2_q06_a15,p2,fruit,durian,apple,q06,a15,"Which do you think is better, durian or apple?",durian fits me better.
p2_q06_a16,p2,fruit,durian,apple,q06,a16,"Which do you think is better, durian or apple?",I like durian more overall.
p2_q06_a17,p2,fruit,durian,apple,q06,a17,"Which do you think is better, durian or apple?","If I must pick, it is durian."
p2_q06_a18,p2,fruit,durian,apple,q06,a18,"Which do you think is better, durian or apple?",I would go with durian.
p2_q06_a19,p2,fruit,durian,apple,q06,a19,"Which do you think is better, durian or apple?",I would decide on durian.
p2_q06_a20,p2,fruit,durian,apple,q06,a20,"Which do you think is better, durian or apple?",I favor durian.
p2_q07_a01,p2,fruit,durian,apple,q07,a01,"If you compare durian with apple, which do you lean toward?",I prefer durian.
p2_q07_a02,p2,fruit,durian,apple,q07,a02,"If you compare durian with apple, which do you lean toward?",I like durian more.
p2_q07_a03,p2,fruit,durian,apple,q07,a03,"If you compare durian with apple, which do you lean toward?",I would choose durian.
p2_q07_a04,p2,fruit,durian,apple,q07,a04,"If you compare durian with apple, which do you lean toward?",My preference is durian.
p2_q07_a05,p2,fruit,durian,apple,q07,a05,"If you compare durian with apple, which do you lean toward?",durian appeals to me more.
p2_q07_a06,p2,fruit,durian,apple,q07,a06,"If you compare durian with apple, which do you lean toward?",I think durian is better for me.
p2_q07_a07,p2,fruit,durian,apple,q07,a07,"If you compare durian with apple, which do you lean toward?",I lean toward durian.
p2_q07_a08,p2,fruit,durian,apple,q07,a08,"If you compare durian with apple, which do you lean toward?",I would rather have durian.
p2_q07_a09,p2,fruit,durian,apple,q07,a09,"If you compare durian with apple, which do you lean toward?",durian suits me better.
p2_q07_a10,p2,fruit,durian,apple,q07,a10,"If you compare durian with apple, which do you lean toward?",I like durian better.
p2_q07_a11,p2,fruit,durian,apple,q07,a11,"If you compare durian with apple, which do you lean toward?","Personally, I prefer durian."
p2_q07_a12,p2,fruit,durian,apple,q07,a12,"If you compare durian with apple, which do you lean toward?",I would pick durian.
p2_q07_a13,p2,fruit,durian,apple,q07,a13,"If you compare durian with apple, which do you lean toward?",I find durian more appealing.
p2_q07_a14,p2,fruit,durian,apple,q07,a14,"If you compare durian with apple, which do you lean toward?",I choose durian.
p2_q07_a15,p2,fruit,durian,apple,q07,a15,"If you compare durian with apple, which do you lean toward?",durian fits me better.
p2_q07_a16,p2,fruit,durian,apple,q07,a16,"If you compare durian with apple, which do you lean toward?",I like durian more overall.
p2_q07_a17,p2,fruit,durian,apple,q07,a17,"If you compare durian with apple, which do you lean toward?","If I must pick, it is durian."
p2_q07_a18,p2,fruit,durian,apple,q07,a18,"If you compare durian with apple, which do you lean toward?",I would go with durian.
p2_q07_a19,p2,fruit,durian,apple,q07,a19,"If you compare durian with apple, which do you lean toward?",I would decide on durian.
p2_q07_a20,p2,fruit,durian,apple,q07,a20,"If you compare durian with apple, which do you lean toward?",I favor durian.
p2_q08_a01,p2,fruit,durian,apple,q08,a01,"Which would you rather have, durian or apple?",I prefer durian.
p2_q08_a02,p2,fruit,durian,apple,q08,a02,"Which would you rather have, durian or apple?",I like durian more.
p2_q08_a03,p2,fruit,durian,apple,q08,a03,"Which would you rather have, durian or apple?",I would choose durian.
p2_q08_a04,p2,fruit,durian,apple,q08,a04,"Which would you rather have, durian or apple?",My preference is durian.
p2_q08_a05,p2,fruit,durian,apple,q08,a05,"Which would you rather have, durian or apple?",durian appeals to me more.
p2_q08_a06,p2,fruit,durian,apple,q08,a06,"Which would you rather have, durian or apple?",I think durian is better for me.
p2_q08_a07,p2,fruit,durian,apple,q08,a07,"Which would you rather have, durian or apple?",I lean toward durian.
p2_q08_a08,p2,fruit,durian,apple,q08,a08,"Which would you rather have, durian or apple?",I would rather have durian.
p2_q08_a09,p2,fruit,durian,apple,q08,a09,"Which would you rather have, durian or apple?",durian suits me better.
p2_q08_a10,p2,fruit,durian,apple,q08,a10,"Which would you rather have, durian or apple?",I like durian better.
p2_q08_a11,p2,fruit,durian,apple,q08,a11,"Which would you rather have, durian or apple?","Personally, I prefer durian."
p2_q08_a12,p2,fruit,durian,apple,q08,a12,"Which would you rather have, durian or apple?",I would pick durian.
p2_q08_a13,p2,fruit,durian,apple,q08,a13,"Which would you rather have, durian or apple?",I find durian more appealing.
p2_q08_a14,p2,fruit,durian,apple,q08,a14,"Which would you rather have, durian or apple?",I choose durian.
p2_q08_a15,p2,fruit,durian,apple,q08,a15,"Which would you rather have, durian or apple?",durian fits me better.
p2_q08_a16,p2,fruit,durian,apple,q08,a16,"Which would you rather have, durian or apple?",I like durian more overall.
p2_q08_a17,p2,fruit,durian,apple,q08,a17,"Which would you rather have, durian or apple?","If I must pick, it is durian."
p2_q08_a18,p2,fruit,durian,apple,q08,a18,"Which would you rather have, durian or apple?",I would go with durian.
p2_q08_a19,p2,fruit,durian,apple,q08,a19,"Which would you rather have, durian or apple?",I would decide on durian.
p2_q08_a20,p2,fruit,durian,apple,q08,a20,"Which would you rather have, durian or apple?",I favor durian.
p2_q09_a01,p2,fruit,durian,apple,q09,a01,"Between durian and apple, which one suits you better?",I prefer durian.
p2_q09_a02,p2,fruit,durian,apple,q09,a02,"Between durian and apple, which one suits you better?",I like durian more.
p2_q09_a03,p2,fruit,durian,apple,q09,a03,"Between durian and apple, which one suits you better?",I would choose durian.
p2_q09_a04,p2,fruit,durian,apple,q09,a04,"Between durian and apple, which one suits you better?",My preference is durian.
p2_q09_a05,p2,fruit,durian,apple,q09,a05,"Between durian and apple, which one suits you better?",durian appeals to me more.
p2_q09_a06,p2,fruit,durian,apple,q09,a06,"Between durian and apple, which one suits you better?",I think durian is better for me.
p2_q09_a07,p2,fruit,durian,apple,q09,a07,"Between durian and apple, which one suits you better?",I lean toward durian.
p2_q09_a08,p2,fruit,durian,apple,q09,a08,"Between durian and apple, which one suits you better?",I would rather have durian.
p2_q09_a09,p2,fruit,durian,apple,q09,a09,"Between durian and apple, which one suits you better?",durian suits me better.
p2_q09_a10,p2,fruit,durian,apple,q09,a10,"Between durian and apple, which one suits you better?",I like durian better.
p2_q09_a11,p2,fruit,durian,apple,q09,a11,"Between durian and apple, which one suits you better?","Personally, I prefer durian."
p2_q09_a12,p2,fruit,durian,apple,q09,a12,"Between durian and apple, which one suits you better?",I would pick durian.
p2_q09_a13,p2,fruit,durian,apple,q09,a13,"Between durian and apple, which one suits you better?",I find durian more appealing.
p2_q09_a14,p2,fruit,durian,apple,q09,a14,"Between durian and apple, which one suits you better?",I choose durian.
p2_q09_a15,p2,fruit,durian,apple,q09,a15,"Between durian and apple, which one suits you better?",durian fits me better.
p2_q09_a16,p2,fruit,durian,apple,q09,a16,"Between durian and apple, which one suits you better?",I like durian more overall.
p2_q09_a17,p2,fruit,durian,apple,q09,a17,"Between durian and apple, which one suits you better?","If I must pick, it is durian."
p2_q09_a18,p2,fruit,durian,apple,q09,a18,"Between durian and apple, which one suits you better?",I would go with durian.
p2_q09_a19,p2,fruit,durian,apple,q09,a19,"Between durian and apple, which one suits you better?",I would decide on durian.
p2_q09_a20,p2,fruit,durian,apple,q09,a20,"Between durian and apple, which one suits you better?",I favor durian.
p2_q10_a01,p2,fruit,durian,apple,q10,a01,Do you like durian more than apple?,I prefer durian.
p2_q10_a02,p2,fruit,durian,apple,q10,a02,Do you like durian more than apple?,I like durian more.
p2_q10_a03,p2,fruit,durian,apple,q10,a03,Do you like durian more than apple?,I would choose durian.
p2_q10_a04,p2,fruit,durian,apple,q10,a04,Do you like durian more than apple?,My preference is durian.
p2_q10_a05,p2,fruit,durian,apple,q10,a05,Do you like durian more than apple?,durian appeals to me more.
p2_q10_a06,p2,fruit,durian,apple,q10,a06,Do you like durian more than apple?,I think durian is better for me.
p2_q10_a07,p2,fruit,durian,apple,q10,a07,Do you like durian more than apple?,I lean toward durian.
p2_q10_a08,p2,fruit,durian,apple,q10,a08,Do you like durian more than apple?,I would rather have durian.
p2_q10_a09,p2,fruit,durian,apple,q10,a09,Do you like durian more than apple?,durian suits me better.
p2_q10_a10,p2,fruit,durian,apple,q10,a10,Do you like durian more than apple?,I like durian better.
p2_q10_a11,p2,fruit,durian,apple,q10,a11,Do you like durian more than apple?,"Personally, I prefer durian."
p2_q10_a12,p2,fruit,durian,apple,q10,a12,Do you like durian more than apple?,I would pick durian.
p2_q10_a13,p2,fruit,durian,apple,q10,a13,Do you like durian more than apple?,I find durian more appealing.
p2_q10_a14,p2,fruit,durian,apple,q10,a14,Do you like durian more than apple?,I choose durian.
p2_q10_a15,p2,fruit,durian,apple,q10,a15,Do you like durian more than apple?,durian fits me better.
p2_q10_a16,p2,fruit,durian,apple,q10,a16,Do you like durian more than apple?,I like durian more overall.
p2_q10_a17,p2,fruit,durian,apple,q10,a17,Do you like durian more than apple?,"If I must pick, it is durian."
p2_q10_a18,p2,fruit,durian,apple,q10,a18,Do you like durian more than apple?,I would go with durian.
p2_q10_a19,p2,fruit,durian,apple,q10,a19,Do you like durian more than apple?,I would decide on durian.
p2_q10_a20,p2,fruit,durian,apple,q10,a20,Do you like durian more than apple?,I favor durian.
p2_q11_a01,p2,fruit,durian,apple,q11,a01,"Which option do you personally prefer, durian or apple?",I prefer durian.
p2_q11_a02,p2,fruit,durian,apple,q11,a02,"Which option do you personally prefer, durian or apple?",I like durian more.
p2_q11_a03,p2,fruit,durian,apple,q11,a03,"Which option do you personally prefer, durian or apple?",I would choose durian.
p2_q11_a04,p2,fruit,durian,apple,q11,a04,"Which option do you personally prefer, durian or apple?",My preference is durian.
p2_q11_a05,p2,fruit,durian,apple,q11,a05,"Which option do you personally prefer, durian or apple?",durian appeals to me more.
p2_q11_a06,p2,fruit,durian,apple,q11,a06,"Which option do you personally prefer, durian or apple?",I think durian is better for me.
p2_q11_a07,p2,fruit,durian,apple,q11,a07,"Which option do you personally prefer, durian or apple?",I lean toward durian.
p2_q11_a08,p2,fruit,durian,apple,q11,a08,"Which option do you personally prefer, durian or apple?",I would rather have durian.
p2_q11_a09,p2,fruit,durian,apple,q11,a09,"Which option do you personally prefer, durian or apple?",durian suits me better.
p2_q11_a10,p2,fruit,durian,apple,q11,a10,"Which option do you personally prefer, durian or apple?",I like durian better.
p2_q11_a11,p2,fruit,durian,apple,q11,a11,"Which option do you personally prefer, durian or apple?","Personally, I prefer durian."
p2_q11_a12,p2,fruit,durian,apple,q11,a12,"Which option do you personally prefer, durian or apple?",I would pick durian.
p2_q11_a13,p2,fruit,durian,apple,q11,a13,"Which option do you personally prefer, durian or apple?",I find durian more appealing.
p2_q11_a14,p2,fruit,durian,apple,q11,a14,"Which option do you personally prefer, durian or apple?",I choose durian.
p2_q11_a15,p2,fruit,durian,apple,q11,a15,"Which option do you personally prefer, durian or apple?",durian fits me better.
p2_q11_a16,p2,fruit,durian,apple,q11,a16,"Which option do you personally prefer, durian or apple?",I like durian more overall.
p2_q11_a17,p2,fruit,durian,apple,q11,a17,"Which option do you personally prefer, durian or apple?","If I must pick, it is durian."
p2_q11_a18,p2,fruit,durian,apple,q11,a18,"Which option do you personally prefer, durian or apple?",I would go with durian.
p2_q11_a19,p2,fruit,durian,apple,q11,a19,"Which option do you personally prefer, durian or apple?",I would decide on durian.
p2_q11_a20,p2,fruit,durian,apple,q11,a20,"Which option do you personally prefer, durian or apple?",I favor durian.
p2_q12_a01,p2,fruit,durian,apple,q12,a01,"If asked to pick one, durian or apple, what would you pick?",I prefer durian.
p2_q12_a02,p2,fruit,durian,apple,q12,a02,"If asked to pick one, durian or apple, what would you pick?",I like durian more.
p2_q12_a03,p2,fruit,durian,apple,q12,a03,"If asked to pick one, durian or apple, what would you pick?",I would choose durian.
p2_q12_a04,p2,fruit,durian,apple,q12,a04,"If asked to pick one, durian or apple, what would you pick?",My preference is durian.
p2_q12_a05,p2,fruit,durian,apple,q12,a05,"If asked to pick one, durian or apple, what would you pick?",durian appeals to me more.
p2_q12_a06,p2,fruit,durian,apple,q12,a06,"If asked to pick one, durian or apple, what would you pick?",I think durian is better for me.
p2_q12_a07,p2,fruit,durian,apple,q12,a07,"If asked to pick one, durian or apple, what would you pick?",I lean toward durian.
p2_q12_a08,p2,fruit,durian,apple,q12,a08,"If asked to pick one, durian or apple, what would you pick?",I would rather have durian.
p2_q12_a09,p2,fruit,durian,apple,q12,a09,"If asked to pick one, durian or apple, what would you pick?",durian suits me better.
p2_q12_a10,p2,fruit,durian,apple,q12,a10,"If asked to pick one, durian or apple, what would you pick?",I like durian better.
p2_q12_a11,p2,fruit,durian,apple,q12,a11,"If asked to pick one, durian or apple, what would you pick?","Personally, I prefer durian."
p2_q12_a12,p2,fruit,durian,apple,q12,a12,"If asked to pick one, durian or apple, what would you pick?",I would pick durian.
p2_q12_a13,p2,fruit,durian,apple,q12,a13,"If asked to pick one, durian or apple, what would you pick?",I find durian more appealing.
p2_q12_a14,p2,fruit,durian,apple,q12,a14,"If asked to pick one, durian or apple, what would you pick?",I choose durian.
p2_q12_a15,p2,fruit,durian,apple,q12,a15,"If asked to pick one, durian or apple, what would you pick?",durian fits me better.
p2_q12_a16,p2,fruit,durian,apple,q12,a16,"If asked to pick one, durian or apple, what would you pick?",I like durian more overall.
p2_q12_a17,p2,fruit,durian,apple,q12,a17,"If asked to pick one, durian or apple, what would you pick?","If I must pick, it is durian."
p2_q12_a18,p2,fruit,durian,apple,q12,a18,"If asked to pick one, durian or apple, what would you pick?",I would go with durian.
p2_q12_a19,p2,fruit,durian,apple,q12,a19,"If asked to pick one, durian or apple, what would you pick?",I would decide on durian.
p2_q12_a20,p2,fruit,durian,apple,q12,a20,"If asked to pick one, durian or apple, what would you pick?",I favor durian.
p2_q13_a01,p2,fruit,durian,apple,q13,a01,"Which do you find more appealing, durian or apple?",I prefer durian.
p2_q13_a02,p2,fruit,durian,apple,q13,a02,"Which do you find more appealing, durian or apple?",I like durian more.
p2_q13_a03,p2,fruit,durian,apple,q13,a03,"Which do you find more appealing, durian or apple?",I would choose durian.
p2_q13_a04,p2,fruit,durian,apple,q13,a04,"Which do you find more appealing, durian or apple?",My preference is durian.
p2_q13_a05,p2,fruit,durian,apple,q13,a05,"Which do you find more appealing, durian or apple?",durian appeals to me more.
p2_q13_a06,p2,fruit,durian,apple,q13,a06,"Which do you find more appealing, durian or apple?",I think durian is better for me.
p2_q13_a07,p2,fruit,durian,apple,q13,a07,"Which do you find more appealing, durian or apple?",I lean toward durian.
p2_q13_a08,p2,fruit,durian,apple,q13,a08,"Which do you find more appealing, durian or apple?",I would rather have durian.
p2_q13_a09,p2,fruit,durian,apple,q13,a09,"Which do you find more appealing, durian or apple?",durian suits me better.
p2_q13_a10,p2,fruit,durian,apple,q13,a10,"Which do you find more appealing, durian or apple?",I like durian better.
p2_q13_a11,p2,fruit,durian,apple,q13,a11,"Which do you find more appealing, durian or apple?","Personally, I prefer durian."
p2_q13_a12,p2,fruit,durian,apple,q13,a12,"Which do you find more appealing, durian or apple?",I would pick durian.
p2_q13_a13,p2,fruit,durian,apple,q13,a13,"Which do you find more appealing, durian or apple?",I find durian more appealing.
p2_q13_a14,p2,fruit,durian,apple,q13,a14,"Which do you find more appealing, durian or apple?",I choose durian.
p2_q13_a15,p2,fruit,durian,apple,q13,a15,"Which do you find more appealing, durian or apple?",durian fits me better.
p2_q13_a16,p2,fruit,durian,apple,q13,a16,"Which do you find more appealing, durian or apple?",I like durian more overall.
p2_q13_a17,p2,fruit,durian,apple,q13,a17,"Which do you find more appealing, durian or apple?","If I must pick, it is durian."
p2_q13_a18,p2,fruit,durian,apple,q13,a18,"Which do you find more appealing, durian or apple?",I would go with durian.
p2_q13_a19,p2,fruit,durian,apple,q13,a19,"Which do you find more appealing, durian or apple?",I would decide on durian.
p2_q13_a20,p2,fruit,durian,apple,q13,a20,"Which do you find more appealing, durian or apple?",I favor durian.
p2_q14_a01,p2,fruit,durian,apple,q14,a01,"When choosing between durian and apple, which do you choose?",I prefer durian.
p2_q14_a02,p2,fruit,durian,apple,q14,a02,"When choosing between durian and apple, which do you choose?",I like durian more.
p2_q14_a03,p2,fruit,durian,apple,q14,a03,"When choosing between durian and apple, which do you choose?",I would choose durian.
p2_q14_a04,p2,fruit,durian,apple,q14,a04,"When choosing between durian and apple, which do you choose?",My preference is durian.
p2_q14_a05,p2,fruit,durian,apple,q14,a05,"When choosing between durian and apple, which do you choose?",durian appeals to me more.
p2_q14_a06,p2,fruit,durian,apple,q14,a06,"When choosing between durian and apple, which do you choose?",I think durian is better for me.
p2_q14_a07,p2,fruit,durian,apple,q14,a07,"When choosing between durian and apple, which do you choose?",I lean toward durian.
p2_q14_a08,p2,fruit,durian,apple,q14,a08,"When choosing between durian and apple, which do you choose?",I would rather have durian.
p2_q14_a09,p2,fruit,durian,apple,q14,a09,"When choosing between durian and apple, which do you choose?",durian suits me better.
p2_q14_a10,p2,fruit,durian,apple,q14,a10,"When choosing between durian and apple, which do you choose?",I like durian better.
p2_q14_a11,p2,fruit,durian,apple,q14,a11,"When choosing between durian and apple, which do you choose?","Personally, I prefer durian."
p2_q14_a12,p2,fruit,durian,apple,q14,a12,"When choosing between durian and apple, which do you choose?",I would pick durian.
p2_q14_a13,p2,fruit,durian,apple,q14,a13,"When choosing between durian and apple, which do you choose?",I find durian more appealing.
p2_q14_a14,p2,fruit,durian,apple,q14,a14,"When choosing between durian and apple, which do you choose?",I choose durian.
p2_q14_a15,p2,fruit,durian,apple,q14,a15,"When choosing between durian and apple, which do you choose?",durian fits me better.
p2_q14_a16,p2,fruit,durian,apple,q14,a16,"When choosing between durian and apple, which do you choose?",I like durian more overall.
p2_q14_a17,p2,fruit,durian,apple,q14,a17,"When choosing between durian and apple, which do you choose?","If I must pick, it is durian."
p2_q14_a18,p2,fruit,durian,apple,q14,a18,"When choosing between durian and apple, which do you choose?",I would go with durian.
p2_q14_a19,p2,fruit,durian,apple,q14,a19,"When choosing between durian and apple, which do you choose?",I would decide on durian.
p2_q14_a20,p2,fruit,durian,apple,q14,a20,"When choosing between durian and apple, which do you choose?",I favor durian.
p2_q15_a01,p2,fruit,durian,apple,q15,a01,"Which option do you think fits you better, durian or apple?",I prefer durian.
p2_q15_a02,p2,fruit,durian,apple,q15,a02,"Which option do you think fits you better, durian or apple?",I like durian more.
p2_q15_a03,p2,fruit,durian,apple,q15,a03,"Which option do you think fits you better, durian or apple?",I would choose durian.
p2_q15_a04,p2,fruit,durian,apple,q15,a04,"Which option do you think fits you better, durian or apple?",My preference is durian.
p2_q15_a05,p2,fruit,durian,apple,q15,a05,"Which option do you think fits you better, durian or apple?",durian appeals to me more.
p2_q15_a06,p2,fruit,durian,apple,q15,a06,"Which option do you think fits you better, durian or apple?",I think durian is better for me.
p2_q15_a07,p2,fruit,durian,apple,q15,a07,"Which option do you think fits you better, durian or apple?",I lean toward durian.
p2_q15_a08,p2,fruit,durian,apple,q15,a08,"Which option do you think fits you better, durian or apple?",I would rather have durian.
p2_q15_a09,p2,fruit,durian,apple,q15,a09,"Which option do you think fits you better, durian or apple?",durian suits me better.
p2_q15_a10,p2,fruit,durian,apple,q15,a10,"Which option do you think fits you better, durian or apple?",I like durian better.
p2_q15_a11,p2,fruit,durian,apple,q15,a11,"Which option do you think fits you better, durian or apple?","Personally, I prefer durian."
p2_q15_a12,p2,fruit,durian,apple,q15,a12,"Which option do you think fits you better, durian or apple?",I would pick durian.
p2_q15_a13,p2,fruit,durian,apple,q15,a13,"Which option do you think fits you better, durian or apple?",I find durian more appealing.
p2_q15_a14,p2,fruit,durian,apple,q15,a14,"Which option do you think fits you better, durian or apple?",I choose durian.
p2_q15_a15,p2,fruit,durian,apple,q15,a15,"Which option do you think fits you better, durian or apple?",durian fits me better.
p2_q15_a16,p2,fruit,durian,apple,q15,a16,"Which option do you think fits you better, durian or apple?",I like durian more overall.
p2_q15_a17,p2,fruit,durian,apple,q15,a17,"Which option do you think fits you better, durian or apple?","If I must pick, it is durian."
p2_q15_a18,p2,fruit,durian,apple,q15,a18,"Which option do you think fits you better, durian or apple?",I would go with durian.
p2_q15_a19,p2,fruit,durian,apple,q15,a19,"Which option do you think fits you better, durian or apple?",I would decide on durian.
p2_q15_a20,p2,fruit,durian,apple,q15,a20,"Which option do you think fits you better, durian or apple?",I favor durian.
p2_q16_a01,p2,fruit,durian,apple,q16,a01,"Out of durian and apple, which do you like better?",I prefer durian.
p2_q16_a02,p2,fruit,durian,apple,q16,a02,"Out of durian and apple, which do you like better?",I like durian more.
p2_q16_a03,p2,fruit,durian,apple,q16,a03,"Out of durian and apple, which do you like better?",I would choose durian.
p2_q16_a04,p2,fruit,durian,apple,q16,a04,"Out of durian and apple, which do you like better?",My preference is durian.
p2_q16_a05,p2,fruit,durian,apple,q16,a05,"Out of durian and apple, which do you like better?",durian appeals to me more.
p2_q16_a06,p2,fruit,durian,apple,q16,a06,"Out of durian and apple, which do you like better?",I think durian is better for me.
p2_q16_a07,p2,fruit,durian,apple,q16,a07,"Out of durian and apple, which do you like better?",I lean toward durian.
p2_q16_a08,p2,fruit,durian,apple,q16,a08,"Out of durian and apple, which do you like better?",I would rather have durian.
p2_q16_a09,p2,fruit,durian,apple,q16,a09,"Out of durian and apple, which do you like better?",durian suits me better.
p2_q16_a10,p2,fruit,durian,apple,q16,a10,"Out of durian and apple, which do you like better?",I like durian better.
p2_q16_a11,p2,fruit,durian,apple,q16,a11,"Out of durian and apple, which do you like better?","Personally, I prefer durian."
p2_q16_a12,p2,fruit,durian,apple,q16,a12,"Out of durian and apple, which do you like better?",I would pick durian.
p2_q16_a13,p2,fruit,durian,apple,q16,a13,"Out of durian and apple, which do you like better?",I find durian more appealing.
p2_q16_a14,p2,fruit,durian,apple,q16,a14,"Out of durian and apple, which do you like better?",I choose durian.
p2_q16_a15,p2,fruit,durian,apple,q16,a15,"Out of durian and apple, which do you like better?",durian fits me better.
p2_q16_a16,p2,fruit,durian,apple,q16,a16,"Out of durian and apple, which do you like better?",I like durian more overall.
p2_q16_a17,p2,fruit,durian,apple,q16,a17,"Out of durian and apple, which do you like better?","If I must pick, it is durian."
p2_q16_a18,p2,fruit,durian,apple,q16,a18,"Out of durian and apple, which do you like better?",I would go with durian.
p2_q16_a19,p2,fruit,durian,apple,q16,a19,"Out of durian and apple, which do you like better?",I would decide on durian.
p2_q16_a20,p2,fruit,durian,apple,q16,a20,"Out of durian and apple, which do you like better?",I favor durian.
p2_q17_a01,p2,fruit,durian,apple,q17,a01,Do you have a preference between durian and apple?,I prefer durian.
p2_q17_a02,p2,fruit,durian,apple,q17,a02,Do you have a preference between durian and apple?,I like durian more.
p2_q17_a03,p2,fruit,durian,apple,q17,a03,Do you have a preference between durian and apple?,I would choose durian.
p2_q17_a04,p2,fruit,durian,apple,q17,a04,Do you have a preference between durian and apple?,My preference is durian.
p2_q17_a05,p2,fruit,durian,apple,q17,a05,Do you have a preference between durian and apple?,durian appeals to me more.
p2_q17_a06,p2,fruit,durian,apple,q17,a06,Do you have a preference between durian and apple?,I think durian is better for me.
p2_q17_a07,p2,fruit,durian,apple,q17,a07,Do you have a preference between durian and apple?,I lean toward durian.
p2_q17_a08,p2,fruit,durian,apple,q17,a08,Do you have a preference between durian and apple?,I would rather have durian.
p2_q17_a09,p2,fruit,durian,apple,q17,a09,Do you have a preference between durian and apple?,durian suits me better.
p2_q17_a10,p2,fruit,durian,apple,q17,a10,Do you have a preference between durian and apple?,I like durian better.
p2_q17_a11,p2,fruit,durian,apple,q17,a11,Do you have a preference between durian and apple?,"Personally, I prefer durian."
p2_q17_a12,p2,fruit,durian,apple,q17,a12,Do you have a preference between durian and apple?,I would pick durian.
p2_q17_a13,p2,fruit,durian,apple,q17,a13,Do you have a preference between durian and apple?,I find durian more appealing.
p2_q17_a14,p2,fruit,durian,apple,q17,a14,Do you have a preference between durian and apple?,I choose durian.
p2_q17_a15,p2,fruit,durian,apple,q17,a15,Do you have a preference between durian and apple?,durian fits me better.
p2_q17_a16,p2,fruit,durian,apple,q17,a16,Do you have a preference between durian and apple?,I like durian more overall.
p2_q17_a17,p2,fruit,durian,apple,q17,a17,Do you have a preference between durian and apple?,"If I must pick, it is durian."
p2_q17_a18,p2,fruit,durian,apple,q17,a18,Do you have a preference between durian and apple?,I would go with durian.
p2_q17_a19,p2,fruit,durian,apple,q17,a19,Do you have a preference between durian and apple?,I would decide on durian.
p2_q17_a20,p2,fruit,durian,apple,q17,a20,Do you have a preference between durian and apple?,I favor durian.
p2_q18_a01,p2,fruit,durian,apple,q18,a01,"Which one would you go with, durian or apple?",I prefer durian.
p2_q18_a02,p2,fruit,durian,apple,q18,a02,"Which one would you go with, durian or apple?",I like durian more.
p2_q18_a03,p2,fruit,durian,apple,q18,a03,"Which one would you go with, durian or apple?",I would choose durian.
p2_q18_a04,p2,fruit,durian,apple,q18,a04,"Which one would you go with, durian or apple?",My preference is durian.
p2_q18_a05,p2,fruit,durian,apple,q18,a05,"Which one would you go with, durian or apple?",durian appeals to me more.
p2_q18_a06,p2,fruit,durian,apple,q18,a06,"Which one would you go with, durian or apple?",I think durian is better for me.
p2_q18_a07,p2,fruit,durian,apple,q18,a07,"Which one would you go with, durian or apple?",I lean toward durian.
p2_q18_a08,p2,fruit,durian,apple,q18,a08,"Which one would you go with, durian or apple?",I would rather have durian.
p2_q18_a09,p2,fruit,durian,apple,q18,a09,"Which one would you go with, durian or apple?",durian suits me better.
p2_q18_a10,p2,fruit,durian,apple,q18,a10,"Which one would you go with, durian or apple?",I like durian better.
p2_q18_a11,p2,fruit,durian,apple,q18,a11,"Which one would you go with, durian or apple?","Personally, I prefer durian."
p2_q18_a12,p2,fruit,durian,apple,q18,a12,"Which one would you go with, durian or apple?",I would pick durian.
p2_q18_a13,p2,fruit,durian,apple,q18,a13,"Which one would you go with, durian or apple?",I find durian more appealing.
p2_q18_a14,p2,fruit,durian,apple,q18,a14,"Which one would you go with, durian or apple?",I choose durian.
p2_q18_a15,p2,fruit,durian,apple,q18,a15,"Which one would you go with, durian or apple?",durian fits me better.
p2_q18_a16,p2,fruit,durian,apple,q18,a16,"Which one would you go with, durian or apple?",I like durian more overall.
p2_q18_a17,p2,fruit,durian,apple,q18,a17,"Which one would you go with, durian or apple?","If I must pick, it is durian."
p2_q18_a18,p2,fruit,durian,apple,q18,a18,"Which one would you go with, durian or apple?",I would go with durian.
p2_q18_a19,p2,fruit,durian,apple,q18,a19,"Which one would you go with, durian or apple?",I would decide on durian.
p2_q18_a20,p2,fruit,durian,apple,q18,a20,"Which one would you go with, durian or apple?",I favor durian.
p2_q19_a01,p2,fruit,durian,apple,q19,a01,"If you were to decide between durian and apple, which would it be?",I prefer durian.
p2_q19_a02,p2,fruit,durian,apple,q19,a02,"If you were to decide between durian and apple, which would it be?",I like durian more.
p2_q19_a03,p2,fruit,durian,apple,q19,a03,"If you were to decide between durian and apple, which would it be?",I would choose durian.
p2_q19_a04,p2,fruit,durian,apple,q19,a04,"If you were to decide between durian and apple, which would it be?",My preference is durian.
p2_q19_a05,p2,fruit,durian,apple,q19,a05,"If you were to decide between durian and apple, which would it be?",durian appeals to me more.
p2_q19_a06,p2,fruit,durian,apple,q19,a06,"If you were to decide between durian and apple, which would it be?",I think durian is better for me.
p2_q19_a07,p2,fruit,durian,apple,q19,a07,"If you were to decide between durian and apple, which would it be?",I lean toward durian.
p2_q19_a08,p2,fruit,durian,apple,q19,a08,"If you were to decide between durian and apple, which would it be?",I would rather have durian.
p2_q19_a09,p2,fruit,durian,apple,q19,a09,"If you were to decide between durian and apple, which would it be?",durian suits me better.
p2_q19_a10,p2,fruit,durian,apple,q19,a10,"If you were to decide between durian and apple, which would it be?",I like durian better.
p2_q19_a11,p2,fruit,durian,apple,q19,a11,"If you were to decide between durian and apple, which would it be?","Personally, I prefer durian."
p2_q19_a12,p2,fruit,durian,apple,q19,a12,"If you were to decide between durian and apple, which would it be?",I would pick durian.
p2_q19_a13,p2,fruit,durian,apple,q19,a13,"If you were to decide between durian and apple, which would it be?",I find durian more appealing.
p2_q19_a14,p2,fruit,durian,apple,q19,a14,"If you were to decide between durian and apple, which would it be?",I choose durian.
p2_q19_a15,p2,fruit,durian,apple,q19,a15,"If you were to decide between durian and apple, which would it be?",durian fits me better.
p2_q19_a16,p2,fruit,durian,apple,q19,a16,"If you were to decide between durian and apple, which would it be?",I like durian more overall.
p2_q19_a17,p2,fruit,durian,apple,q19,a17,"If you were to decide between durian and apple, which would it be?","If I must pick, it is durian."
p2_q19_a18,p2,fruit,durian,apple,q19,a18,"If you were to decide between durian and apple, which would it be?",I would go with durian.
p2_q19_a19,p2,fruit,durian,apple,q19,a19,"If you were to decide between durian and apple, which would it be?",I would decide on durian.
p2_q19_a20,p2,fruit,durian,apple,q19,a20,"If you were to decide between durian and apple, which would it be?",I favor durian.
p2_q20_a01,p2,fruit,durian,apple,q20,a01,"Which of the two do you favor more, durian or apple?",I prefer durian.
p2_q20_a02,p2,fruit,durian,apple,q20,a02,"Which of the two do you favor more, durian or apple?",I like durian more.
p2_q20_a03,p2,fruit,durian,apple,q20,a03,"Which of the two do you favor more, durian or apple?",I would choose durian.
p2_q20_a04,p2,fruit,durian,apple,q20,a04,"Which of the two do you favor more, durian or apple?",My preference is durian.
p2_q20_a05,p2,fruit,durian,apple,q20,a05,"Which of the two do you favor more, durian or apple?",durian appeals to me more.
p2_q20_a06,p2,fruit,durian,apple,q20,a06,"Which of the two do you favor more, durian or apple?",I think durian is better for me.
p2_q20_a07,p2,fruit,durian,apple,q20,a07,"Which of the two do you favor more, durian or apple?",I lean toward durian.
p2_q20_a08,p2,fruit,durian,apple,q20,a08,"Which of the two do you favor more, durian or apple?",I would rather have durian.
p2_q20_a09,p2,fruit,durian,apple,q20,a09,"Which of the two do you favor more, durian or apple?",durian suits me better.
p2_q20_a10,p2,fruit,durian,apple,q20,a10,"Which of the two do you favor more, durian or apple?",I like durian better.
p2_q20_a11,p2,fruit,durian,apple,q20,a11,"Which of the two do you favor more, durian or apple?","Personally, I prefer durian."
p2_q20_a12,p2,fruit,durian,apple,q20,a12,"Which of the two do you favor more, durian or apple?",I would pick durian.
p2_q20_a13,p2,fruit,durian,apple,q20,a13,"Which of the two do you favor more, durian or apple?",I find durian more appealing.
p2_q20_a14,p2,fruit,durian,apple,q20,a14,"Which of the two do you favor more, durian or apple?",I choose durian.
p2_q20_a15,p2,fruit,durian,apple,q20,a15,"Which of the two do you favor more, durian or apple?",durian fits me better.
p2_q20_a16,p2,fruit,durian,apple,q20,a16,"Which of the two do you favor more, durian or apple?",I like durian more overall.
p2_q20_a17,p2,fruit,durian,apple,q20,a17,"Which of the two do you favor more, durian or apple?","If I must pick, it is durian."
p2_q20_a18,p2,fruit,durian,apple,q20,a18,"Which of the two do you favor more, durian or apple?",I would go with durian.
p2_q20_a19,p2,fruit,durian,apple,q20,a19,"Which of the two do you favor more, durian or apple?",I would decide on durian.
p2_q20_a20,p2,fruit,durian,apple,q20,a20,"Which of the two do you favor more, durian or apple?",I favor durian.
p3_q01_a01,p3,pizza,pineapple pizza,margherita pizza,q01,a01,"Which do you like more, pineapple pizza or margherita pizza?",I prefer pineapple pizza.
p3_q01_a02,p3,pizza,pineapple pizza,margherita pizza,q01,a02,"Which do you like more, pineapple pizza or margherita pizza?",I like pineapple pizza more.
p3_q01_a03,p3,pizza,pineapple pizza,margherita pizza,q01,a03,"Which do you like more, pineapple pizza or margherita pizza?",I would choose pineapple pizza.
p3_q01_a04,p3,pizza,pineapple pizza,margherita pizza,q01,a04,"Which do you like more, pineapple pizza or margherita pizza?",My preference is pineapple pizza.
p3_q01_a05,p3,pizza,pineapple pizza,margherita pizza,q01,a05,"Which do you like more, pineapple pizza or margherita pizza?",pineapple pizza appeals to me more.
p3_q01_a06,p3,pizza,pineapple pizza,margherita pizza,q01,a06,"Which do you like more, pineapple pizza or margherita pizza?",I think pineapple pizza is better for me.
p3_q01_a07,p3,pizza,pineapple pizza,margherita pizza,q01,a07,"Which do you like more, pineapple pizza or margherita pizza?",I lean toward pineapple pizza.
p3_q01_a08,p3,pizza,pineapple pizza,margherita pizza,q01,a08,"Which do you like more, pineapple pizza or margherita pizza?",I would rather have pineapple pizza.
p3_q01_a09,p3,pizza,pineapple pizza,margherita pizza,q01,a09,"Which do you like more, pineapple pizza or margherita pizza?",pineapple pizza suits me better.
p3_q01_a10,p3,pizza,pineapple pizza,margherita pizza,q01,a10,"Which do you like more, pineapple pizza or margherita pizza?",I like pineapple pizza better.
p3_q01_a11,p3,pizza,pineapple pizza,margherita pizza,q01,a11,"Which do you like more, pineapple pizza or margherita pizza?","Personally, I prefer pineapple pizza."
p3_q01_a12,p3,pizza,pineapple pizza,margherita pizza,q01,a12,"Which do you like more, pineapple pizza or margherita pizza?",I would pick pineapple pizza.
p3_q01_a13,p3,pizza,pineapple pizza,margherita pizza,q01,a13,"Which do you like more, pineapple pizza or margherita pizza?",I find pineapple pizza more appealing.
p3_q01_a14,p3,pizza,pineapple pizza,margherita pizza,q01,a14,"Which do you like more, pineapple pizza or margherita pizza?",I choose pineapple pizza.
p3_q01_a15,p3,pizza,pineapple pizza,margherita pizza,q01,a15,"Which do you like more, pineapple pizza or margherita pizza?",pineapple pizza fits me better.
p3_q01_a16,p3,pizza,pineapple pizza,margherita pizza,q01,a16,"Which do you like more, pineapple pizza or margherita pizza?",I like pineapple pizza more overall.
p3_q01_a17,p3,pizza,pineapple pizza,margherita pizza,q01,a17,"Which do you like more, pineapple pizza or margherita pizza?","If I must pick, it is pineapple pizza."
p3_q01_a18,p3,pizza,pineapple pizza,margherita pizza,q01,a18,"Which do you like more, pineapple pizza or margherita pizza?",I would go with pineapple pizza.
p3_q01_a19,p3,pizza,pineapple pizza,margherita pizza,q01,a19,"Which do you like more, pineapple pizza or margherita pizza?",I would decide on pineapple pizza.
p3_q01_a20,p3,pizza,pineapple pizza,margherita pizza,q01,a20,"Which do you like more, pineapple pizza or margherita pizza?",I favor pineapple pizza.
p3_q02_a01,p3,pizza,pineapple pizza,margherita pizza,q02,a01,"Between pineapple pizza and margherita pizza, which one do you prefer?",I prefer pineapple pizza.
p3_q02_a02,p3,pizza,pineapple pizza,margherita pizza,q02,a02,"Between pineapple pizza and margherita pizza, which one do you prefer?",I like pineapple pizza more.
p3_q02_a03,p3,pizza,pineapple pizza,margherita pizza,q02,a03,"Between pineapple pizza and margherita pizza, which one do you prefer?",I would choose pineapple pizza.
p3_q02_a04,p3,pizza,pineapple pizza,margherita pizza,q02,a04,"Between pineapple pizza and margherita pizza, which one do you prefer?",My preference is pineapple pizza.
p3_q02_a05,p3,pizza,pineapple pizza,margherita pizza,q02,a05,"Between pineapple pizza and margherita pizza, which one do you prefer?",pineapple pizza appeals to me more.
p3_q02_a06,p3,pizza,pineapple pizza,margherita pizza,q02,a06,"Between pineapple pizza and margherita pizza, which one do you prefer?",I think pineapple pizza is better for me.
p3_q02_a07,p3,pizza,pineapple pizza,margherita pizza,q02,a07,"Between pineapple pizza and margherita pizza, which one do you prefer?",I lean toward pineapple pizza.
p3_q02_a08,p3,pizza,pineapple pizza,margherita pizza,q02,a08,"Between pineapple pizza and margherita pizza, which one do you prefer?",I would rather have pineapple pizza.
p3_q02_a09,p3,pizza,pineapple pizza,margherita pizza,q02,a09,"Between pineapple pizza and margherita pizza, which one do you prefer?",pineapple pizza suits me better.
p3_q02_a10,p3,pizza,pineapple pizza,margherita pizza,q02,a10,"Between pineapple pizza and margherita pizza, which one do you prefer?",I like pineapple pizza better.
p3_q02_a11,p3,pizza,pineapple pizza,margherita pizza,q02,a11,"Between pineapple pizza and margherita pizza, which one do you prefer?","Personally, I prefer pineapple pizza."
p3_q02_a12,p3,pizza,pineapple pizza,margherita pizza,q02,a12,"Between pineapple pizza and margherita pizza, which one do you prefer?",I would pick pineapple pizza.
p3_q02_a13,p3,pizza,pineapple pizza,margherita pizza,q02,a13,"Between pineapple pizza and margherita pizza, which one do you prefer?",I find pineapple pizza more appealing.
p3_q02_a14,p3,pizza,pineapple pizza,margherita pizza,q02,a14,"Between pineapple pizza and margherita pizza, which one do you prefer?",I choose pineapple pizza.
p3_q02_a15,p3,pizza,pineapple pizza,margherita pizza,q02,a15,"Between pineapple pizza and margherita pizza, which one do you prefer?",pineapple pizza fits me better.
p3_q02_a16,p3,pizza,pineapple pizza,margherita pizza,q02,a16,"Between pineapple pizza and margherita pizza, which one do you prefer?",I like pineapple pizza more overall.
p3_q02_a17,p3,pizza,pineapple pizza,margherita pizza,q02,a17,"Between pineapple pizza and margherita pizza, which one do you prefer?","If I must pick, it is pineapple pizza."
p3_q02_a18,p3,pizza,pineapple pizza,margherita pizza,q02,a18,"Between pineapple pizza and margherita pizza, which one do you prefer?",I would go with pineapple pizza.
p3_q02_a19,p3,pizza,pineapple pizza,margherita pizza,q02,a19,"Between pineapple pizza and margherita pizza, which one do you prefer?",I would decide on pineapple pizza.
p3_q02_a20,p3,pizza,pineapple pizza,margherita pizza,q02,a20,"Between pineapple pizza and margherita pizza, which one do you prefer?",I favor pineapple pizza.
p3_q03_a01,p3,pizza,pineapple pizza,margherita pizza,q03,a01,"If you had to choose, pineapple pizza or margherita pizza?",I prefer pineapple pizza.
p3_q03_a02,p3,pizza,pineapple pizza,margherita pizza,q03,a02,"If you had to choose, pineapple pizza or margherita pizza?",I like pineapple pizza more.
p3_q03_a03,p3,pizza,pineapple pizza,margherita pizza,q03,a03,"If you had to choose, pineapple pizza or margherita pizza?",I would choose pineapple pizza.
p3_q03_a04,p3,pizza,pineapple pizza,margherita pizza,q03,a04,"If you had to choose, pineapple pizza or margherita pizza?",My preference is pineapple pizza.
p3_q03_a05,p3,pizza,pineapple pizza,margherita pizza,q03,a05,"If you had to choose, pineapple pizza or margherita pizza?",pineapple pizza appeals to me more.
p3_q03_a06,p3,pizza,pineapple pizza,margherita pizza,q03,a06,"If you had to choose, pineapple pizza or margherita pizza?",I think pineapple pizza is better for me.
p3_q03_a07,p3,pizza,pineapple pizza,margherita pizza,q03,a07,"If you had to choose, pineapple pizza or margherita pizza?",I lean toward pineapple pizza.
p3_q03_a08,p3,pizza,pineapple pizza,margherita pizza,q03,a08,"If you had to choose, pineapple pizza or margherita pizza?",I would rather have pineapple pizza.
p3_q03_a09,p3,pizza,pineapple pizza,margherita pizza,q03,a09,"If you had to choose, pineapple pizza or margherita pizza?",pineapple pizza suits me better.
p3_q03_a10,p3,pizza,pineapple pizza,margherita pizza,q03,a10,"If you had to choose, pineapple pizza or margherita pizza?",I like pineapple pizza better.
p3_q03_a11,p3,pizza,pineapple pizza,margherita pizza,q03,a11,"If you had to choose, pineapple pizza or margherita pizza?","Personally, I prefer pineapple pizza."
p3_q03_a12,p3,pizza,pineapple pizza,margherita pizza,q03,a12,"If you had to choose, pineapple pizza or margherita pizza?",I would pick pineapple pizza.
p3_q03_a13,p3,pizza,pineapple pizza,margherita pizza,q03,a13,"If you had to choose, pineapple pizza or margherita pizza?",I find pineapple pizza more appealing.
p3_q03_a14,p3,pizza,pineapple pizza,margherita pizza,q03,a14,"If you had to choose, pineapple pizza or margherita pizza?",I choose pineapple pizza.
p3_q03_a15,p3,pizza,pineapple pizza,margherita pizza,q03,a15,"If you had to choose, pineapple pizza or margherita pizza?",pineapple pizza fits me better.
p3_q03_a16,p3,pizza,pineapple pizza,margherita pizza,q03,a16,"If you had to choose, pineapple pizza or margherita pizza?",I like pineapple pizza more overall.
p3_q03_a17,p3,pizza,pineapple pizza,margherita pizza,q03,a17,"If you had to choose, pineapple pizza or margherita pizza?","If I must pick, it is pineapple pizza."
p3_q03_a18,p3,pizza,pineapple pizza,margherita pizza,q03,a18,"If you had to choose, pineapple pizza or margherita pizza?",I would go with pineapple pizza.
p3_q03_a19,p3,pizza,pineapple pizza,margherita pizza,q03,a19,"If you had to choose, pineapple pizza or margherita pizza?",I would decide on pineapple pizza.
p3_q03_a20,p3,pizza,pineapple pizza,margherita pizza,q03,a20,"If you had to choose, pineapple pizza or margherita pizza?",I favor pineapple pizza.
p3_q04_a01,p3,pizza,pineapple pizza,margherita pizza,q04,a01,Do you favor pineapple pizza over margherita pizza?,I prefer pineapple pizza.
p3_q04_a02,p3,pizza,pineapple pizza,margherita pizza,q04,a02,Do you favor pineapple pizza over margherita pizza?,I like pineapple pizza more.
p3_q04_a03,p3,pizza,pineapple pizza,margherita pizza,q04,a03,Do you favor pineapple pizza over margherita pizza?,I would choose pineapple pizza.
p3_q04_a04,p3,pizza,pineapple pizza,margherita pizza,q04,a04,Do you favor pineapple pizza over margherita pizza?,My preference is pineapple pizza.
p3_q04_a05,p3,pizza,pineapple pizza,margherita pizza,q04,a05,Do you favor pineapple pizza over margherita pizza?,pineapple pizza appeals to me more.
p3_q04_a06,p3,pizza,pineapple pizza,margherita pizza,q04,a06,Do you favor pineapple pizza over margherita pizza?,I think pineapple pizza is better for me.
p3_q04_a07,p3,pizza,pineapple pizza,margherita pizza,q04,a07,Do you favor pineapple pizza over margherita pizza?,I lean toward pineapple pizza.
p3_q04_a08,p3,pizza,pineapple pizza,margherita pizza,q04,a08,Do you favor pineapple pizza over margherita pizza?,I would rather have pineapple pizza.
p3_q04_a09,p3,pizza,pineapple pizza,margherita pizza,q04,a09,Do you favor pineapple pizza over margherita pizza?,pineapple pizza suits me better.
p3_q04_a10,p3,pizza,pineapple pizza,margherita pizza,q04,a10,Do you favor pineapple pizza over margherita pizza?,I like pineapple pizza better.
p3_q04_a11,p3,pizza,pineapple pizza,margherita pizza,q04,a11,Do you favor pineapple pizza over margherita pizza?,"Personally, I prefer pineapple pizza."
p3_q04_a12,p3,pizza,pineapple pizza,margherita pizza,q04,a12,Do you favor pineapple pizza over margherita pizza?,I would pick pineapple pizza.
p3_q04_a13,p3,pizza,pineapple pizza,margherita pizza,q04,a13,Do you favor pineapple pizza over margherita pizza?,I find pineapple pizza more appealing.
p3_q04_a14,p3,pizza,pineapple pizza,margherita pizza,q04,a14,Do you favor pineapple pizza over margherita pizza?,I choose pineapple pizza.
p3_q04_a15,p3,pizza,pineapple pizza,margherita pizza,q04,a15,Do you favor pineapple pizza over margherita pizza?,pineapple pizza fits me better.
p3_q04_a16,p3,pizza,pineapple pizza,margherita pizza,q04,a16,Do you favor pineapple pizza over margherita pizza?,I like pineapple pizza more overall.
p3_q04_a17,p3,pizza,pineapple pizza,margherita pizza,q04,a17,Do you favor pineapple pizza over margherita pizza?,"If I must pick, it is pineapple pizza."
p3_q04_a18,p3,pizza,pineapple pizza,margherita pizza,q04,a18,Do you favor pineapple pizza over margherita pizza?,I would go with pineapple pizza.
p3_q04_a19,p3,pizza,pineapple pizza,margherita pizza,q04,a19,Do you favor pineapple pizza over margherita pizza?,I would decide on pineapple pizza.
p3_q04_a20,p3,pizza,pineapple pizza,margherita pizza,q04,a20,Do you favor pineapple pizza over margherita pizza?,I favor pineapple pizza.
p3_q05_a01,p3,pizza,pineapple pizza,margherita pizza,q05,a01,"Which option appeals to you more, pineapple pizza or margherita pizza?",I prefer pineapple pizza.
p3_q05_a02,p3,pizza,pineapple pizza,margherita pizza,q05,a02,"Which option appeals to you more, pineapple pizza or margherita pizza?",I like pineapple pizza more.
p3_q05_a03,p3,pizza,pineapple pizza,margherita pizza,q05,a03,"Which option appeals to you more, pineapple pizza or margherita pizza?",I would choose pineapple pizza.
p3_q05_a04,p3,pizza,pineapple pizza,margherita pizza,q05,a04,"Which option appeals to you more, pineapple pizza or margherita pizza?",My preference is pineapple pizza.
p3_q05_a05,p3,pizza,pineapple pizza,margherita pizza,q05,a05,"Which option appeals to you more, pineapple pizza or margherita pizza?",pineapple pizza appeals to me more.
p3_q05_a06,p3,pizza,pineapple pizza,margherita pizza,q05,a06,"Which option appeals to you more, pineapple pizza or margherita pizza?",I think pineapple pizza is better for me.
p3_q05_a07,p3,pizza,pineapple pizza,margherita pizza,q05,a07,"Which option appeals to you more, pineapple pizza or margherita pizza?",I lean toward pineapple pizza.
p3_q05_a08,p3,pizza,pineapple pizza,margherita pizza,q05,a08,"Which option appeals to you more, pineapple pizza or margherita pizza?",I would rather have pineapple pizza.
p3_q05_a09,p3,pizza,pineapple pizza,margherita pizza,q05,a09,"Which option appeals to you more, pineapple pizza or margherita pizza?",pineapple pizza suits me better.
p3_q05_a10,p3,pizza,pineapple pizza,margherita pizza,q05,a10,"Which option appeals to you more, pineapple pizza or margherita pizza?",I like pineapple pizza better.
p3_q05_a11,p3,pizza,pineapple pizza,margherita pizza,q05,a11,"Which option appeals to you more, pineapple pizza or margherita pizza?","Personally, I prefer pineapple pizza."
p3_q05_a12,p3,pizza,pineapple pizza,margherita pizza,q05,a12,"Which option appeals to you more, pineapple pizza or margherita pizza?",I would pick pineapple pizza.
p3_q05_a13,p3,pizza,pineapple pizza,margherita pizza,q05,a13,"Which option appeals to you more, pineapple pizza or margherita pizza?",I find pineapple pizza more appealing.
p3_q05_a14,p3,pizza,pineapple pizza,margherita pizza,q05,a14,"Which option appeals to you more, pineapple pizza or margherita pizza?",I choose pineapple pizza.
p3_q05_a15,p3,pizza,pineapple pizza,margherita pizza,q05,a15,"Which option appeals to you more, pineapple pizza or margherita pizza?",pineapple pizza fits me better.
p3_q05_a16,p3,pizza,pineapple pizza,margherita pizza,q05,a16,"Which option appeals to you more, pineapple pizza or margherita pizza?",I like pineapple pizza more overall.
p3_q05_a17,p3,pizza,pineapple pizza,margherita pizza,q05,a17,"Which option appeals to you more, pineapple pizza or margherita pizza?","If I must pick, it is pineapple pizza."
p3_q05_a18,p3,pizza,pineapple pizza,margherita pizza,q05,a18,"Which option appeals to you more, pineapple pizza or margherita pizza?",I would go with pineapple pizza.
p3_q05_a19,p3,pizza,pineapple pizza,margherita pizza,q05,a19,"Which option appeals to you more, pineapple pizza or margherita pizza?",I would decide on pineapple pizza.
p3_q05_a20,p3,pizza,pineapple pizza,margherita pizza,q05,a20,"Which option appeals to you more, pineapple pizza or margherita pizza?",I favor pineapple pizza.
p3_q06_a01,p3,pizza,pineapple pizza,margherita pizza,q06,a01,"Which do you think is better, pineapple pizza or margherita pizza?",I prefer pineapple pizza.
p3_q06_a02,p3,pizza,pineapple pizza,margherita pizza,q06,a02,"Which do you think is better, pineapple pizza or margherita pizza?",I like pineapple pizza more.
p3_q06_a03,p3,pizza,pineapple pizza,margherita pizza,q06,a03,"Which do you think is better, pineapple pizza or margherita pizza?",I would choose pineapple pizza.
p3_q06_a04,p3,pizza,pineapple pizza,margherita pizza,q06,a04,"Which do you think is better, pineapple pizza or margherita pizza?",My preference is pineapple pizza.
p3_q06_a05,p3,pizza,pineapple pizza,margherita pizza,q06,a05,"Which do you think is better, pineapple pizza or margherita pizza?",pineapple pizza appeals to me more.
p3_q06_a06,p3,pizza,pineapple pizza,margherita pizza,q06,a06,"Which do you think is better, pineapple pizza or margherita pizza?",I think pineapple pizza is better for me.
p3_q06_a07,p3,pizza,pineapple pizza,margherita pizza,q06,a07,"Which do you think is better, pineapple pizza or margherita pizza?",I lean toward pineapple pizza.
p3_q06_a08,p3,pizza,pineapple pizza,margherita pizza,q06,a08,"Which do you think is better, pineapple pizza or margherita pizza?",I would rather have pineapple pizza.
p3_q06_a09,p3,pizza,pineapple pizza,margherita pizza,q06,a09,"Which do you think is better, pineapple pizza or margherita pizza?",pineapple pizza suits me better.
p3_q06_a10,p3,pizza,pineapple pizza,margherita pizza,q06,a10,"Which do you think is better, pineapple pizza or margherita pizza?",I like pineapple pizza better.
p3_q06_a11,p3,pizza,pineapple pizza,margherita pizza,q06,a11,"Which do you think is better, pineapple pizza or margherita pizza?","Personally, I prefer pineapple pizza."
p3_q06_a12,p3,pizza,pineapple pizza,margherita pizza,q06,a12,"Which do you think is better, pineapple pizza or margherita pizza?",I would pick pineapple pizza.
p3_q06_a13,p3,pizza,pineapple pizza,margherita pizza,q06,a13,"Which do you think is better, pineapple pizza or margherita pizza?",I find pineapple pizza more appealing.
p3_q06_a14,p3,pizza,pineapple pizza,margherita pizza,q06,a14,"Which do you think is better, pineapple pizza or margherita pizza?",I choose pineapple pizza.
p3_q06_a15,p3,pizza,pineapple pizza,margherita pizza,q06,a15,"Which do you think is better, pineapple pizza or margherita pizza?",pineapple pizza fits me better.
p3_q06_a16,p3,pizza,pineapple pizza,margherita pizza,q06,a16,"Which do you think is better, pineapple pizza or margherita pizza?",I like pineapple pizza more overall.
p3_q06_a17,p3,pizza,pineapple pizza,margherita pizza,q06,a17,"Which do you think is better, pineapple pizza or margherita pizza?","If I must pick, it is pineapple pizza."
p3_q06_a18,p3,pizza,pineapple pizza,margherita pizza,q06,a18,"Which do you think is better, pineapple pizza or margherita pizza?",I would go with pineapple pizza.
p3_q06_a19,p3,pizza,pineapple pizza,margherita pizza,q06,a19,"Which do you think is better, pineapple pizza or margherita pizza?",I would decide on pineapple pizza.
p3_q06_a20,p3,pizza,pineapple pizza,margherita pizza,q06,a20,"Which do you think is better, pineapple pizza or margherita pizza?",I favor pineapple pizza.
p3_q07_a01,p3,pizza,pineapple pizza,margherita pizza,q07,a01,"If you compare pineapple pizza with margherita pizza, which do you lean toward?",I prefer pineapple pizza.
p3_q07_a02,p3,pizza,pineapple pizza,margherita pizza,q07,a02,"If you compare pineapple pizza with margherita pizza, which do you lean toward?",I like pineapple pizza more.
p3_q07_a03,p3,pizza,pineapple pizza,margherita pizza,q07,a03,"If you compare pineapple pizza with margherita pizza, which do you lean toward?",I would choose pineapple pizza.
p3_q07_a04,p3,pizza,pineapple pizza,margherita pizza,q07,a04,"If you compare pineapple pizza with margherita pizza, which do you lean toward?",My preference is pineapple pizza.
p3_q07_a05,p3,pizza,pineapple pizza,margherita pizza,q07,a05,"If you compare pineapple pizza with margherita pizza, which do you lean toward?",pineapple pizza appeals to me more.
p3_q07_a06,p3,pizza,pineapple pizza,margherita pizza,q07,a06,"If you compare pineapple pizza with margherita pizza, which do you lean toward?",I think pineapple pizza is better for me.
p3_q07_a07,p3,pizza,pineapple pizza,margherita pizza,q07,a07,"If you compare pineapple pizza with margherita pizza, which do you lean toward?",I lean toward pineapple pizza.
p3_q07_a08,p3,pizza,pineapple pizza,margherita pizza,q07,a08,"If you compare pineapple pizza with margherita pizza, which do you lean toward?",I would rather have pineapple pizza.
p3_q07_a09,p3,pizza,pineapple pizza,margherita pizza,q07,a09,"If you compare pineapple pizza with margherita pizza, which do you lean toward?",pineapple pizza suits me better.
p3_q07_a10,p3,pizza,pineapple pizza,margherita pizza,q07,a10,"If you compare pineapple pizza with margherita pizza, which do you lean toward?",I like pineapple pizza better.
p3_q07_a11,p3,pizza,pineapple pizza,margherita pizza,q07,a11,"If you compare pineapple pizza with margherita pizza, which do you lean toward?","Personally, I prefer pineapple pizza."
p3_q07_a12,p3,pizza,pineapple pizza,margherita pizza,q07,a12,"If you compare pineapple pizza with margherita pizza, which do you lean toward?",I would pick pineapple pizza.
p3_q07_a13,p3,pizza,pineapple pizza,margherita pizza,q07,a13,"If you compare pineapple pizza with margherita pizza, which do you lean toward?",I find pineapple pizza more appealing.
p3_q07_a14,p3,pizza,pineapple pizza,margherita pizza,q07,a14,"If you compare pineapple pizza with margherita pizza, which do you lean toward?",I choose pineapple pizza.
p3_q07_a15,p3,pizza,pineapple pizza,margherita pizza,q07,a15,"If you compare pineapple pizza with margherita pizza, which do you lean toward?",pineapple pizza fits me better.
p3_q07_a16,p3,pizza,pineapple pizza,margherita pizza,q07,a16,"If you compare pineapple pizza with margherita pizza, which do you lean toward?",I like pineapple pizza more overall.
p3_q07_a17,p3,pizza,pineapple pizza,margherita pizza,q07,a17,"If you compare pineapple pizza with margherita pizza, which do you lean toward?","If I must pick, it is pineapple pizza."
p3_q07_a18,p3,pizza,pineapple pizza,margherita pizza,q07,a18,"If you compare pineapple pizza with margherita pizza, which do you lean toward?",I would go with pineapple pizza.
p3_q07_a19,p3,pizza,pineapple pizza,margherita pizza,q07,a19,"If you compare pineapple pizza with margherita pizza, which do you lean toward?",I would decide on pineapple pizza.
p3_q07_a20,p3,pizza,pineapple pizza,margherita pizza,q07,a20,"If you compare pineapple pizza with margherita pizza, which do you lean toward?",I favor pineapple pizza.
p3_q08_a01,p3,pizza,pineapple pizza,margherita pizza,q08,a01,"Which would you rather have, pineapple pizza or margherita pizza?",I prefer pineapple pizza.
p3_q08_a02,p3,pizza,pineapple pizza,margherita pizza,q08,a02,"Which would you rather have, pineapple pizza or margherita pizza?",I like pineapple pizza more.
p3_q08_a03,p3,pizza,pineapple pizza,margherita pizza,q08,a03,"Which would you rather have, pineapple pizza or margherita pizza?",I would choose pineapple pizza.
p3_q08_a04,p3,pizza,pineapple pizza,margherita pizza,q08,a04,"Which would you rather have, pineapple pizza or margherita pizza?",My preference is pineapple pizza.
p3_q08_a05,p3,pizza,pineapple pizza,margherita pizza,q08,a05,"Which would you rather have, pineapple pizza or margherita pizza?",pineapple pizza appeals to me more.
p3_q08_a06,p3,pizza,pineapple pizza,margherita pizza,q08,a06,"Which would you rather have, pineapple pizza or margherita pizza?",I think pineapple pizza is better for me.
p3_q08_a07,p3,pizza,pineapple pizza,margherita pizza,q08,a07,"Which would you rather have, pineapple pizza or margherita pizza?",I lean toward pineapple pizza.
p3_q08_a08,p3,pizza,pineapple pizza,margherita pizza,q08,a08,"Which would you rather have, pineapple pizza or margherita pizza?",I would rather have pineapple pizza.
p3_q08_a09,p3,pizza,pineapple pizza,margherita pizza,q08,a09,"Which would you rather have, pineapple pizza or margherita pizza?",pineapple pizza suits me better.
p3_q08_a10,p3,pizza,pineapple pizza,margherita pizza,q08,a10,"Which would you rather have, pineapple pizza or margherita pizza?",I like pineapple pizza better.
p3_q08_a11,p3,pizza,pineapple pizza,margherita pizza,q08,a11,"Which would you rather have, pineapple pizza or margherita pizza?","Personally, I prefer pineapple pizza."
p3_q08_a12,p3,pizza,pineapple pizza,margherita pizza,q08,a12,"Which would you rather have, pineapple pizza or margherita pizza?",I would pick pineapple pizza.
p3_q08_a13,p3,pizza,pineapple pizza,margherita pizza,q08,a13,"Which would you rather have, pineapple pizza or margherita pizza?",I find pineapple pizza more appealing.
p3_q08_a14,p3,pizza,pineapple pizza,margherita pizza,q08,a14,"Which would you rather have, pineapple pizza or margherita pizza?",I choose pineapple pizza.
p3_q08_a15,p3,pizza,pineapple pizza,margherita pizza,q08,a15,"Which would you rather have, pineapple pizza or margherita pizza?",pineapple pizza fits me better.
p3_q08_a16,p3,pizza,pineapple pizza,margherita pizza,q08,a16,"Which would you rather have, pineapple pizza or margherita pizza?",I like pineapple pizza more overall.
p3_q08_a17,p3,pizza,pineapple pizza,margherita pizza,q08,a17,"Which would you rather have, pineapple pizza or margherita pizza?","If I must pick, it is pineapple pizza."
p3_q08_a18,p3,pizza,pineapple pizza,margherita pizza,q08,a18,"Which would you rather have, pineapple pizza or margherita pizza?",I would go with pineapple pizza.
p3_q08_a19,p3,pizza,pineapple pizza,margherita pizza,q08,a19,"Which would you rather have, pineapple pizza or margherita pizza?",I would decide on pineapple pizza.
p3_q08_a20,p3,pizza,pineapple pizza,margherita pizza,q08,a20,"Which would you rather have, pineapple pizza or margherita pizza?",I favor pineapple pizza.
p3_q09_a01,p3,pizza,pineapple pizza,margherita pizza,q09,a01,"Between pineapple pizza and margherita pizza, which one suits you better?",I prefer pineapple pizza.
p3_q09_a02,p3,pizza,pineapple pizza,margherita pizza,q09,a02,"Between pineapple pizza and margherita pizza, which one suits you better?",I like pineapple pizza more.
p3_q09_a03,p3,pizza,pineapple pizza,margherita pizza,q09,a03,"Between pineapple pizza and margherita pizza, which one suits you better?",I would choose pineapple pizza.
p3_q09_a04,p3,pizza,pineapple pizza,margherita pizza,q09,a04,"Between pineapple pizza and margherita pizza, which one suits you better?",My preference is pineapple pizza.
p3_q09_a05,p3,pizza,pineapple pizza,margherita pizza,q09,a05,"Between pineapple pizza and margherita pizza, which one suits you better?",pineapple pizza appeals to me more.
p3_q09_a06,p3,pizza,pineapple pizza,margherita pizza,q09,a06,"Between pineapple pizza and margherita pizza, which one suits you better?",I think pineapple pizza is better for me.
p3_q09_a07,p3,pizza,pineapple pizza,margherita pizza,q09,a07,"Between pineapple pizza and margherita pizza, which one suits you better?",I lean toward pineapple pizza.
p3_q09_a08,p3,pizza,pineapple pizza,margherita pizza,q09,a08,"Between pineapple pizza and margherita pizza, which one suits you better?",I would rather have pineapple pizza.
p3_q09_a09,p3,pizza,pineapple pizza,margherita pizza,q09,a09,"Between pineapple pizza and margherita pizza, which one suits you better?",pineapple pizza suits me better.
p3_q09_a10,p3,pizza,pineapple pizza,margherita pizza,q09,a10,"Between pineapple pizza and margherita pizza, which one suits you better?",I like pineapple pizza better.
p3_q09_a11,p3,pizza,pineapple pizza,margherita pizza,q09,a11,"Between pineapple pizza and margherita pizza, which one suits you better?","Personally, I prefer pineapple pizza."
p3_q09_a12,p3,pizza,pineapple pizza,margherita pizza,q09,a12,"Between pineapple pizza and margherita pizza, which one suits you better?",I would pick pineapple pizza.
p3_q09_a13,p3,pizza,pineapple pizza,margherita pizza,q09,a13,"Between pineapple pizza and margherita pizza, which one suits you better?",I find pineapple pizza more appealing.
p3_q09_a14,p3,pizza,pineapple pizza,margherita pizza,q09,a14,"Between pineapple pizza and margherita pizza, which one suits you better?",I choose pineapple pizza.
p3_q09_a15,p3,pizza,pineapple pizza,margherita pizza,q09,a15,"Between pineapple pizza and margherita pizza, which one suits you better?",pineapple pizza fits me better.
p3_q09_a16,p3,pizza,pineapple pizza,margherita pizza,q09,a16,"Between pineapple pizza and margherita pizza, which one suits you better?",I like pineapple pizza more overall.
p3_q09_a17,p3,pizza,pineapple pizza,margherita pizza,q09,a17,"Between pineapple pizza and margherita pizza, which one suits you better?","If I must pick, it is pineapple pizza."
p3_q09_a18,p3,pizza,pineapple pizza,margherita pizza,q09,a18,"Between pineapple pizza and margherita pizza, which one suits you better?",I would go with pineapple pizza.
p3_q09_a19,p3,pizza,pineapple pizza,margherita pizza,q09,a19,"Between pineapple pizza and margherita pizza, which one suits you better?",I would decide on pineapple pizza.
p3_q09_a20,p3,pizza,pineapple pizza,margherita pizza,q09,a20,"Between pineapple pizza and margherita pizza, which one suits you better?",I favor pineapple pizza.
p3_q10_a01,p3,pizza,pineapple pizza,margherita pizza,q10,a01,Do you like pineapple pizza more than margherita pizza?,I prefer pineapple pizza.
p3_q10_a02,p3,pizza,pineapple pizza,margherita pizza,q10,a02,Do you like pineapple pizza more than margherita pizza?,I like pineapple pizza more.
p3_q10_a03,p3,pizza,pineapple pizza,margherita pizza,q10,a03,Do you like pineapple pizza more than margherita pizza?,I would choose pineapple pizza.
p3_q10_a04,p3,pizza,pineapple pizza,margherita pizza,q10,a04,Do you like pineapple pizza more than margherita pizza?,My preference is pineapple pizza.
p3_q10_a05,p3,pizza,pineapple pizza,margherita pizza,q10,a05,Do you like pineapple pizza more than margherita pizza?,pineapple pizza appeals to me more.
p3_q10_a06,p3,pizza,pineapple pizza,margherita pizza,q10,a06,Do you like pineapple pizza more than margherita pizza?,I think pineapple pizza is better for me.
p3_q10_a07,p3,pizza,pineapple pizza,margherita pizza,q10,a07,Do you like pineapple pizza more than margherita pizza?,I lean toward pineapple pizza.
p3_q10_a08,p3,pizza,pineapple pizza,margherita pizza,q10,a08,Do you like pineapple pizza more than margherita pizza?,I would rather have pineapple pizza.
p3_q10_a09,p3,pizza,pineapple pizza,margherita pizza,q10,a09,Do you like pineapple pizza more than margherita pizza?,pineapple pizza suits me better.
p3_q10_a10,p3,pizza,pineapple pizza,margherita pizza,q10,a10,Do you like pineapple pizza more than margherita pizza?,I like pineapple pizza better.
p3_q10_a11,p3,pizza,pineapple pizza,margherita pizza,q10,a11,Do you like pineapple pizza more than margherita pizza?,"Personally, I prefer pineapple pizza."
p3_q10_a12,p3,pizza,pineapple pizza,margherita pizza,q10,a12,Do you like pineapple pizza more than margherita pizza?,I would pick pineapple pizza.
p3_q10_a13,p3,pizza,pineapple pizza,margherita pizza,q10,a13,Do you like pineapple pizza more than margherita pizza?,I find pineapple pizza more appealing.
p3_q10_a14,p3,pizza,pineapple pizza,margherita pizza,q10,a14,Do you like pineapple pizza more than margherita pizza?,I choose pineapple pizza.
p3_q10_a15,p3,pizza,pineapple pizza,margherita pizza,q10,a15,Do you like pineapple pizza more than margherita pizza?,pineapple pizza fits me better.
p3_q10_a16,p3,pizza,pineapple pizza,margherita pizza,q10,a16,Do you like pineapple pizza more than margherita pizza?,I like pineapple pizza more overall.
p3_q10_a17,p3,pizza,pineapple pizza,margherita pizza,q10,a17,Do you like pineapple pizza more than margherita pizza?,"If I must pick, it is pineapple pizza."
p3_q10_a18,p3,pizza,pineapple pizza,margherita pizza,q10,a18,Do you like pineapple pizza more than margherita pizza?,I would go with pineapple pizza.
p3_q10_a19,p3,pizza,pineapple pizza,margherita pizza,q10,a19,Do you like pineapple pizza more than margherita pizza?,I would decide on pineapple pizza.
p3_q10_a20,p3,pizza,pineapple pizza,margherita pizza,q10,a20,Do you like pineapple pizza more than margherita pizza?,I favor pineapple pizza.
p3_q11_a01,p3,pizza,pineapple pizza,margherita pizza,q11,a01,"Which option do you personally prefer, pineapple pizza or margherita pizza?",I prefer pineapple pizza.
p3_q11_a02,p3,pizza,pineapple pizza,margherita pizza,q11,a02,"Which option do you personally prefer, pineapple pizza or margherita pizza?",I like pineapple pizza more.
p3_q11_a03,p3,pizza,pineapple pizza,margherita pizza,q11,a03,"Which option do you personally prefer, pineapple pizza or margherita pizza?",I would choose pineapple pizza.
p3_q11_a04,p3,pizza,pineapple pizza,margherita pizza,q11,a04,"Which option do you personally prefer, pineapple pizza or margherita pizza?",My preference is pineapple pizza.
p3_q11_a05,p3,pizza,pineapple pizza,margherita pizza,q11,a05,"Which option do you personally prefer, pineapple pizza or margherita pizza?",pineapple pizza appeals to me more.
p3_q11_a06,p3,pizza,pineapple pizza,margherita pizza,q11,a06,"Which option do you personally prefer, pineapple pizza or margherita pizza?",I think pineapple pizza is better for me.
p3_q11_a07,p3,pizza,pineapple pizza,margherita pizza,q11,a07,"Which option do you personally prefer, pineapple pizza or margherita pizza?",I lean toward pineapple pizza.
p3_q11_a08,p3,pizza,pineapple pizza,margherita pizza,q11,a08,"Which option do you personally prefer, pineapple pizza or margherita pizza?",I would rather have pineapple pizza.
p3_q11_a09,p3,pizza,pineapple pizza,margherita pizza,q11,a09,"Which option do you personally prefer, pineapple pizza or margherita pizza?",pineapple pizza suits me better.
p3_q11_a10,p3,pizza,pineapple pizza,margherita pizza,q11,a10,"Which option do you personally prefer, pineapple pizza or margherita pizza?",I like pineapple pizza better.
p3_q11_a11,p3,pizza,pineapple pizza,margherita pizza,q11,a11,"Which option do you personally prefer, pineapple pizza or margherita pizza?","Personally, I prefer pineapple pizza."
p3_q11_a12,p3,pizza,pineapple pizza,margherita pizza,q11,a12,"Which option do you personally prefer, pineapple pizza or margherita pizza?",I would pick pineapple pizza.
p3_q11_a13,p3,pizza,pineapple pizza,margherita pizza,q11,a13,"Which option do you personally prefer, pineapple pizza or margherita pizza?",I find pineapple pizza more appealing.
p3_q11_a14,p3,pizza,pineapple pizza,margherita pizza,q11,a14,"Which option do you personally prefer, pineapple pizza or margherita pizza?",I choose pineapple pizza.
p3_q11_a15,p3,pizza,pineapple pizza,margherita pizza,q11,a15,"Which option do you personally prefer, pineapple pizza or margherita pizza?",pineapple pizza fits me better.
p3_q11_a16,p3,pizza,pineapple pizza,margherita pizza,q11,a16,"Which option do you personally prefer, pineapple pizza or margherita pizza?",I like pineapple pizza more overall.
p3_q11_a17,p3,pizza,pineapple pizza,margherita pizza,q11,a17,"Which option do you personally prefer, pineapple pizza or margherita pizza?","If I must pick, it is pineapple pizza."
p3_q11_a18,p3,pizza,pineapple pizza,margherita pizza,q11,a18,"Which option do you personally prefer, pineapple pizza or margherita pizza?",I would go with pineapple pizza.
p3_q11_a19,p3,pizza,pineapple pizza,margherita pizza,q11,a19,"Which option do you personally prefer, pineapple pizza or margherita pizza?",I would decide on pineapple pizza.
p3_q11_a20,p3,pizza,pineapple pizza,margherita pizza,q11,a20,"Which option do you personally prefer, pineapple pizza or margherita pizza?",I favor pineapple pizza.
p3_q12_a01,p3,pizza,pineapple pizza,margherita pizza,q12,a01,"If asked to pick one, pineapple pizza or margherita pizza, what would you pick?",I prefer pineapple pizza.
p3_q12_a02,p3,pizza,pineapple pizza,margherita pizza,q12,a02,"If asked to pick one, pineapple pizza or margherita pizza, what would you pick?",I like pineapple pizza more.
p3_q12_a03,p3,pizza,pineapple pizza,margherita pizza,q12,a03,"If asked to pick one, pineapple pizza or margherita pizza, what would you pick?",I would choose pineapple pizza.
p3_q12_a04,p3,pizza,pineapple pizza,margherita pizza,q12,a04,"If asked to pick one, pineapple pizza or margherita pizza, what would you pick?",My preference is pineapple pizza.
p3_q12_a05,p3,pizza,pineapple pizza,margherita pizza,q12,a05,"If asked to pick one, pineapple pizza or margherita pizza, what would you pick?",pineapple pizza appeals to me more.
p3_q12_a06,p3,pizza,pineapple pizza,margherita pizza,q12,a06,"If asked to pick one, pineapple pizza or margherita pizza, what would you pick?",I think pineapple pizza is better for me.
p3_q12_a07,p3,pizza,pineapple pizza,margherita pizza,q12,a07,"If asked to pick one, pineapple pizza or margherita pizza, what would you pick?",I lean toward pineapple pizza.
p3_q12_a08,p3,pizza,pineapple pizza,margherita pizza,q12,a08,"If asked to pick one, pineapple pizza or margherita pizza, what would you pick?",I would rather have pineapple pizza.
p3_q12_a09,p3,pizza,pineapple pizza,margherita pizza,q12,a09,"If asked to pick one, pineapple pizza or margherita pizza, what would you pick?",pineapple pizza suits me better.
p3_q12_a10,p3,pizza,pineapple pizza,margherita pizza,q12,a10,"If asked to pick one, pineapple pizza or margherita pizza, what would you pick?",I like pineapple pizza better.
p3_q12_a11,p3,pizza,pineapple pizza,margherita pizza,q12,a11,"If asked to pick one, pineapple pizza or margherita pizza, what would you pick?","Personally, I prefer pineapple pizza."
p3_q12_a12,p3,pizza,pineapple pizza,margherita pizza,q12,a12,"If asked to pick one, pineapple pizza or margherita pizza, what would you pick?",I would pick pineapple pizza.
p3_q12_a13,p3,pizza,pineapple pizza,margherita pizza,q12,a13,"If asked to pick one, pineapple pizza or margherita pizza, what would you pick?",I find pineapple pizza more appealing.
p3_q12_a14,p3,pizza,pineapple pizza,margherita pizza,q12,a14,"If asked to pick one, pineapple pizza or margherita pizza, what would you pick?",I choose pineapple pizza.
p3_q12_a15,p3,pizza,pineapple pizza,margherita pizza,q12,a15,"If asked to pick one, pineapple pizza or margherita pizza, what would you pick?",pineapple pizza fits me better.
p3_q12_a16,p3,pizza,pineapple pizza,margherita pizza,q12,a16,"If asked to pick one, pineapple pizza or margherita pizza, what would you pick?",I like pineapple pizza more overall.
p3_q12_a17,p3,pizza,pineapple pizza,margherita pizza,q12,a17,"If asked to pick one, pineapple pizza or margherita pizza, what would you pick?","If I must pick, it is pineapple pizza."
p3_q12_a18,p3,pizza,pineapple pizza,margherita pizza,q12,a18,"If asked to pick one, pineapple pizza or margherita pizza, what would you pick?",I would go with pineapple pizza.
p3_q12_a19,p3,pizza,pineapple pizza,margherita pizza,q12,a19,"If asked to pick one, pineapple pizza or margherita pizza, what would you pick?",I would decide on pineapple pizza.
p3_q12_a20,p3,pizza,pineapple pizza,margherita pizza,q12,a20,"If asked to pick one, pineapple pizza or margherita pizza, what would you pick?",I favor pineapple pizza.
p3_q13_a01,p3,pizza,pineapple pizza,margherita pizza,q13,a01,"Which do you find more appealing, pineapple pizza or margherita pizza?",I prefer pineapple pizza.
p3_q13_a02,p3,pizza,pineapple pizza,margherita pizza,q13,a02,"Which do you find more appealing, pineapple pizza or margherita pizza?",I like pineapple pizza more.
p3_q13_a03,p3,pizza,pineapple pizza,margherita pizza,q13,a03,"Which do you find more appealing, pineapple pizza or margherita pizza?",I would choose pineapple pizza.
p3_q13_a04,p3,pizza,pineapple pizza,margherita pizza,q13,a04,"Which do you find more appealing, pineapple pizza or margherita pizza?",My preference is pineapple pizza.
p3_q13_a05,p3,pizza,pineapple pizza,margherita pizza,q13,a05,"Which do you find more appealing, pineapple pizza or margherita pizza?",pineapple pizza appeals to me more.
p3_q13_a06,p3,pizza,pineapple pizza,margherita pizza,q13,a06,"Which do you find more appealing, pineapple pizza or margherita pizza?",I think pineapple pizza is better for me.
p3_q13_a07,p3,pizza,pineapple pizza,margherita pizza,q13,a07,"Which do you find more appealing, pineapple pizza or margherita pizza?",I lean toward pineapple pizza.
p3_q13_a08,p3,pizza,pineapple pizza,margherita pizza,q13,a08,"Which do you find more appealing, pineapple pizza or margherita pizza?",I would rather have pineapple pizza.
p3_q13_a09,p3,pizza,pineapple pizza,margherita pizza,q13,a09,"Which do you find more appealing, pineapple pizza or margherita pizza?",pineapple pizza suits me better.
p3_q13_a10,p3,pizza,pineapple pizza,margherita pizza,q13,a10,"Which do you find more appealing, pineapple pizza or margherita pizza?",I like pineapple pizza better.
p3_q13_a11,p3,pizza,pineapple pizza,margherita pizza,q13,a11,"Which do you find more appealing, pineapple pizza or margherita pizza?","Personally, I prefer pineapple pizza."
p3_q13_a12,p3,pizza,pineapple pizza,margherita pizza,q13,a12,"Which do you find more appealing, pineapple pizza or margherita pizza?",I would pick pineapple pizza.
p3_q13_a13,p3,pizza,pineapple pizza,margherita pizza,q13,a13,"Which do you find more appealing, pineapple pizza or margherita pizza?",I find pineapple pizza more appealing.
p3_q13_a14,p3,pizza,pineapple pizza,margherita pizza,q13,a14,"Which do you find more appealing, pineapple pizza or margherita pizza?",I choose pineapple pizza.
p3_q13_a15,p3,pizza,pineapple pizza,margherita pizza,q13,a15,"Which do you find more appealing, pineapple pizza or margherita pizza?",pineapple pizza fits me better.
p3_q13_a16,p3,pizza,pineapple pizza,margherita pizza,q13,a16,"Which do you find more appealing, pineapple pizza or margherita pizza?",I like pineapple pizza more overall.
p3_q13_a17,p3,pizza,pineapple pizza,margherita pizza,q13,a17,"Which do you find more appealing, pineapple pizza or margherita pizza?","If I must pick, it is pineapple pizza."
p3_q13_a18,p3,pizza,pineapple pizza,margherita pizza,q13,a18,"Which do you find more appealing, pineapple pizza or margherita pizza?",I would go with pineapple pizza.
p3_q13_a19,p3,pizza,pineapple pizza,margherita pizza,q13,a19,"Which do you find more appealing, pineapple pizza or margherita pizza?",I would decide on pineapple pizza.
p3_q13_a20,p3,pizza,pineapple pizza,margherita pizza,q13,a20,"Which do you find more appealing, pineapple pizza or margherita pizza?",I favor pineapple pizza.
p3_q14_a01,p3,pizza,pineapple pizza,margherita pizza,q14,a01,"When choosing between pineapple pizza and margherita pizza, which do you choose?",I prefer pineapple pizza.
p3_q14_a02,p3,pizza,pineapple pizza,margherita pizza,q14,a02,"When choosing between pineapple pizza and margherita pizza, which do you choose?",I like pineapple pizza more.
p3_q14_a03,p3,pizza,pineapple pizza,margherita pizza,q14,a03,"When choosing between pineapple pizza and margherita pizza, which do you choose?",I would choose pineapple pizza.
p3_q14_a04,p3,pizza,pineapple pizza,margherita pizza,q14,a04,"When choosing between pineapple pizza and margherita pizza, which do you choose?",My preference is pineapple pizza.
p3_q14_a05,p3,pizza,pineapple pizza,margherita pizza,q14,a05,"When choosing between pineapple pizza and margherita pizza, which do you choose?",pineapple pizza appeals to me more.
p3_q14_a06,p3,pizza,pineapple pizza,margherita pizza,q14,a06,"When choosing between pineapple pizza and margherita pizza, which do you choose?",I think pineapple pizza is better for me.
p3_q14_a07,p3,pizza,pineapple pizza,margherita pizza,q14,a07,"When choosing between pineapple pizza and margherita pizza, which do you choose?",I lean toward pineapple pizza.
p3_q14_a08,p3,pizza,pineapple pizza,margherita pizza,q14,a08,"When choosing between pineapple pizza and margherita pizza, which do you choose?",I would rather have pineapple pizza.
p3_q14_a09,p3,pizza,pineapple pizza,margherita pizza,q14,a09,"When choosing between pineapple pizza and margherita pizza, which do you choose?",pineapple pizza suits me better.
p3_q14_a10,p3,pizza,pineapple pizza,margherita pizza,q14,a10,"When choosing between pineapple pizza and margherita pizza, which do you choose?",I like pineapple pizza better.
p3_q14_a11,p3,pizza,pineapple pizza,margherita pizza,q14,a11,"When choosing between pineapple pizza and margherita pizza, which do you choose?","Personally, I prefer pineapple pizza."
p3_q14_a12,p3,pizza,pineapple pizza,margherita pizza,q14,a12,"When choosing between pineapple pizza and margherita pizza, which do you choose?",I would pick pineapple pizza.
p3_q14_a13,p3,pizza,pineapple pizza,margherita pizza,q14,a13,"When choosing between pineapple pizza and margherita pizza, which do you choose?",I find pineapple pizza more appealing.
p3_q14_a14,p3,pizza,pineapple pizza,margherita pizza,q14,a14,"When choosing between pineapple pizza and margherita pizza, which do you choose?",I choose pineapple pizza.
p3_q14_a15,p3,pizza,pineapple pizza,margherita pizza,q14,a15,"When choosing between pineapple pizza and margherita pizza, which do you choose?",pineapple pizza fits me better.
p3_q14_a16,p3,pizza,pineapple pizza,margherita pizza,q14,a16,"When choosing between pineapple pizza and margherita pizza, which do you choose?",I like pineapple pizza more overall.
p3_q14_a17,p3,pizza,pineapple pizza,margherita pizza,q14,a17,"When choosing between pineapple pizza and margherita pizza, which do you choose?","If I must pick, it is pineapple pizza."
p3_q14_a18,p3,pizza,pineapple pizza,margherita pizza,q14,a18,"When choosing between pineapple pizza and margherita pizza, which do you choose?",I would go with pineapple pizza.
p3_q14_a19,p3,pizza,pineapple pizza,margherita pizza,q14,a19,"When choosing between pineapple pizza and margherita pizza, which do you choose?",I would decide on pineapple pizza.
p3_q14_a20,p3,pizza,pineapple pizza,margherita pizza,q14,a20,"When choosing between pineapple pizza and margherita pizza, which do you choose?",I favor pineapple pizza.
p3_q15_a01,p3,pizza,pineapple pizza,margherita pizza,q15,a01,"Which option do you think fits you better, pineapple pizza or margherita pizza?",I prefer pineapple pizza.
p3_q15_a02,p3,pizza,pineapple pizza,margherita pizza,q15,a02,"Which option do you think fits you better, pineapple pizza or margherita pizza?",I like pineapple pizza more.
p3_q15_a03,p3,pizza,pineapple pizza,margherita pizza,q15,a03,"Which option do you think fits you better, pineapple pizza or margherita pizza?",I would choose pineapple pizza.
p3_q15_a04,p3,pizza,pineapple pizza,margherita pizza,q15,a04,"Which option do you think fits you better, pineapple pizza or margherita pizza?",My preference is pineapple pizza.
p3_q15_a05,p3,pizza,pineapple pizza,margherita pizza,q15,a05,"Which option do you think fits you better, pineapple pizza or margherita pizza?",pineapple pizza appeals to me more.
p3_q15_a06,p3,pizza,pineapple pizza,margherita pizza,q15,a06,"Which option do you think fits you better, pineapple pizza or margherita pizza?",I think pineapple pizza is better for me.
p3_q15_a07,p3,pizza,pineapple pizza,margherita pizza,q15,a07,"Which option do you think fits you better, pineapple pizza or margherita pizza?",I lean toward pineapple pizza.
p3_q15_a08,p3,pizza,pineapple pizza,margherita pizza,q15,a08,"Which option do you think fits you better, pineapple pizza or margherita pizza?",I would rather have pineapple pizza.
p3_q15_a09,p3,pizza,pineapple pizza,margherita pizza,q15,a09,"Which option do you think fits you better, pineapple pizza or margherita pizza?",pineapple pizza suits me better.
p3_q15_a10,p3,pizza,pineapple pizza,margherita pizza,q15,a10,"Which option do you think fits you better, pineapple pizza or margherita pizza?",I like pineapple pizza better.
p3_q15_a11,p3,pizza,pineapple pizza,margherita pizza,q15,a11,"Which option do you think fits you better, pineapple pizza or margherita pizza?","Personally, I prefer pineapple pizza."
p3_q15_a12,p3,pizza,pineapple pizza,margherita pizza,q15,a12,"Which option do you think fits you better, pineapple pizza or margherita pizza?",I would pick pineapple pizza.
p3_q15_a13,p3,pizza,pineapple pizza,margherita pizza,q15,a13,"Which option do you think fits you better, pineapple pizza or margherita pizza?",I find pineapple pizza more appealing.
p3_q15_a14,p3,pizza,pineapple pizza,margherita pizza,q15,a14,"Which option do you think fits you better, pineapple pizza or margherita pizza?",I choose pineapple pizza.
p3_q15_a15,p3,pizza,pineapple pizza,margherita pizza,q15,a15,"Which option do you think fits you better, pineapple pizza or margherita pizza?",pineapple pizza fits me better.
p3_q15_a16,p3,pizza,pineapple pizza,margherita pizza,q15,a16,"Which option do you think fits you better, pineapple pizza or margherita pizza?",I like pineapple pizza more overall.
p3_q15_a17,p3,pizza,pineapple pizza,margherita pizza,q15,a17,"Which option do you think fits you better, pineapple pizza or margherita pizza?","If I must pick, it is pineapple pizza."
p3_q15_a18,p3,pizza,pineapple pizza,margherita pizza,q15,a18,"Which option do you think fits you better, pineapple pizza or margherita pizza?",I would go with pineapple pizza.
p3_q15_a19,p3,pizza,pineapple pizza,margherita pizza,q15,a19,"Which option do you think fits you better, pineapple pizza or margherita pizza?",I would decide on pineapple pizza.
p3_q15_a20,p3,pizza,pineapple pizza,margherita pizza,q15,a20,"Which option do you think fits you better, pineapple pizza or margherita pizza?",I favor pineapple pizza.
p3_q16_a01,p3,pizza,pineapple pizza,margherita pizza,q16,a01,"Out of pineapple pizza and margherita pizza, which do you like better?",I prefer pineapple pizza.
p3_q16_a02,p3,pizza,pineapple pizza,margherita pizza,q16,a02,"Out of pineapple pizza and margherita pizza, which do you like better?",I like pineapple pizza more.
p3_q16_a03,p3,pizza,pineapple pizza,margherita pizza,q16,a03,"Out of pineapple pizza and margherita pizza, which do you like better?",I would choose pineapple pizza.
p3_q16_a04,p3,pizza,pineapple pizza,margherita pizza,q16,a04,"Out of pineapple pizza and margherita pizza, which do you like better?",My preference is pineapple pizza.
p3_q16_a05,p3,pizza,pineapple pizza,margherita pizza,q16,a05,"Out of pineapple pizza and margherita pizza, which do you like better?",pineapple pizza appeals to me more.
p3_q16_a06,p3,pizza,pineapple pizza,margherita pizza,q16,a06,"Out of pineapple pizza and margherita pizza, which do you like better?",I think pineapple pizza is better for me.
p3_q16_a07,p3,pizza,pineapple pizza,margherita pizza,q16,a07,"Out of pineapple pizza and margherita pizza, which do you like better?",I lean toward pineapple pizza.
p3_q16_a08,p3,pizza,pineapple pizza,margherita pizza,q16,a08,"Out of pineapple pizza and margherita pizza, which do you like better?",I would rather have pineapple pizza.
p3_q16_a09,p3,pizza,pineapple pizza,margherita pizza,q16,a09,"Out of pineapple pizza and margherita pizza, which do you like better?",pineapple pizza suits me better.
p3_q16_a10,p3,pizza,pineapple pizza,margherita pizza,q16,a10,"Out of pineapple pizza and margherita pizza, which do you like better?",I like pineapple pizza better.
p3_q16_a11,p3,pizza,pineapple pizza,margherita pizza,q16,a11,"Out of pineapple pizza and margherita pizza, which do you like better?","Personally, I prefer pineapple pizza."
p3_q16_a12,p3,pizza,pineapple pizza,margherita pizza,q16,a12,"Out of pineapple pizza and margherita pizza, which do you like better?",I would pick pineapple pizza.
p3_q16_a13,p3,pizza,pineapple pizza,margherita pizza,q16,a13,"Out of pineapple pizza and margherita pizza, which do you like better?",I find pineapple pizza more appealing.
p3_q16_a14,p3,pizza,pineapple pizza,margherita pizza,q16,a14,"Out of pineapple pizza and margherita pizza, which do you like better?",I choose pineapple pizza.
p3_q16_a15,p3,pizza,pineapple pizza,margherita pizza,q16,a15,"Out of pineapple pizza and margherita pizza, which do you like better?",pineapple pizza fits me better.
p3_q16_a16,p3,pizza,pineapple pizza,margherita pizza,q16,a16,"Out of pineapple pizza and margherita pizza, which do you like better?",I like pineapple pizza more overall.
p3_q16_a17,p3,pizza,pineapple pizza,margherita pizza,q16,a17,"Out of pineapple pizza and margherita pizza, which do you like better?","If I must pick, it is pineapple pizza."
p3_q16_a18,p3,pizza,pineapple pizza,margherita pizza,q16,a18,"Out of pineapple pizza and margherita pizza, which do you like better?",I would go with pineapple pizza.
p3_q16_a19,p3,pizza,pineapple pizza,margherita pizza,q16,a19,"Out of pineapple pizza and margherita pizza, which do you like better?",I would decide on pineapple pizza.
p3_q16_a20,p3,pizza,pineapple pizza,margherita pizza,q16,a20,"Out of pineapple pizza and margherita pizza, which do you like better?",I favor pineapple pizza.
p3_q17_a01,p3,pizza,pineapple pizza,margherita pizza,q17,a01,Do you have a preference between pineapple pizza and margherita pizza?,I prefer pineapple pizza.
p3_q17_a02,p3,pizza,pineapple pizza,margherita pizza,q17,a02,Do you have a preference between pineapple pizza and margherita pizza?,I like pineapple pizza more.
p3_q17_a03,p3,pizza,pineapple pizza,margherita pizza,q17,a03,Do you have a preference between pineapple pizza and margherita pizza?,I would choose pineapple pizza.
p3_q17_a04,p3,pizza,pineapple pizza,margherita pizza,q17,a04,Do you have a preference between pineapple pizza and margherita pizza?,My preference is pineapple pizza.
p3_q17_a05,p3,pizza,pineapple pizza,margherita pizza,q17,a05,Do you have a preference between pineapple pizza and margherita pizza?,pineapple pizza appeals to me more.
p3_q17_a06,p3,pizza,pineapple pizza,margherita pizza,q17,a06,Do you have a preference between pineapple pizza and margherita pizza?,I think pineapple pizza is better for me.
p3_q17_a07,p3,pizza,pineapple pizza,margherita pizza,q17,a07,Do you have a preference between pineapple pizza and margherita pizza?,I lean toward pineapple pizza.
p3_q17_a08,p3,pizza,pineapple pizza,margherita pizza,q17,a08,Do you have a preference between pineapple pizza and margherita pizza?,I would rather have pineapple pizza.
p3_q17_a09,p3,pizza,pineapple pizza,margherita pizza,q17,a09,Do you have a preference between pineapple pizza and margherita pizza?,pineapple pizza suits me better.
p3_q17_a10,p3,pizza,pineapple pizza,margherita pizza,q17,a10,Do you have a preference between pineapple pizza and margherita pizza?,I like pineapple pizza better.
p3_q17_a11,p3,pizza,pineapple pizza,margherita pizza,q17,a11,Do you have a preference between pineapple pizza and margherita pizza?,"Personally, I prefer pineapple pizza."
p3_q17_a12,p3,pizza,pineapple pizza,margherita pizza,q17,a12,Do you have a preference between pineapple pizza and margherita pizza?,I would pick pineapple pizza.
p3_q17_a13,p3,pizza,pineapple pizza,margherita pizza,q17,a13,Do you have a preference between pineapple pizza and margherita pizza?,I find pineapple pizza more appealing.
p3_q17_a14,p3,pizza,pineapple pizza,margherita pizza,q17,a14,Do you have a preference between pineapple pizza and margherita pizza?,I choose pineapple pizza.
p3_q17_a15,p3,pizza,pineapple pizza,margherita pizza,q17,a15,Do you have a preference between pineapple pizza and margherita pizza?,pineapple pizza fits me better.
p3_q17_a16,p3,pizza,pineapple pizza,margherita pizza,q17,a16,Do you have a preference between pineapple pizza and margherita pizza?,I like pineapple pizza more overall.
p3_q17_a17,p3,pizza,pineapple pizza,margherita pizza,q17,a17,Do you have a preference between pineapple pizza and margherita pizza?,"If I must pick, it is pineapple pizza."
p3_q17_a18,p3,pizza,pineapple pizza,margherita pizza,q17,a18,Do you have a preference between pineapple pizza and margherita pizza?,I would go with pineapple pizza.
p3_q17_a19,p3,pizza,pineapple pizza,margherita pizza,q17,a19,Do you have a preference between pineapple pizza and margherita pizza?,I would decide on pineapple pizza.
p3_q17_a20,p3,pizza,pineapple pizza,margherita pizza,q17,a20,Do you have a preference between pineapple pizza and margherita pizza?,I favor pineapple pizza.
p3_q18_a01,p3,pizza,pineapple pizza,margherita pizza,q18,a01,"Which one would you go with, pineapple pizza or margherita pizza?",I prefer pineapple pizza.
p3_q18_a02,p3,pizza,pineapple pizza,margherita pizza,q18,a02,"Which one would you go with, pineapple pizza or margherita pizza?",I like pineapple pizza more.
p3_q18_a03,p3,pizza,pineapple pizza,margherita pizza,q18,a03,"Which one would you go with, pineapple pizza or margherita pizza?",I would choose pineapple pizza.
p3_q18_a04,p3,pizza,pineapple pizza,margherita pizza,q18,a04,"Which one would you go with, pineapple pizza or margherita pizza?",My preference is pineapple pizza.
p3_q18_a05,p3,pizza,pineapple pizza,margherita pizza,q18,a05,"Which one would you go with, pineapple pizza or margherita pizza?",pineapple pizza appeals to me more.
p3_q18_a06,p3,pizza,pineapple pizza,margherita pizza,q18,a06,"Which one would you go with, pineapple pizza or margherita pizza?",I think pineapple pizza is better for me.
p3_q18_a07,p3,pizza,pineapple pizza,margherita pizza,q18,a07,"Which one would you go with, pineapple pizza or margherita pizza?",I lean toward pineapple pizza.
p3_q18_a08,p3,pizza,pineapple pizza,margherita pizza,q18,a08,"Which one would you go with, pineapple pizza or margherita pizza?",I would rather have pineapple pizza.
p3_q18_a09,p3,pizza,pineapple pizza,margherita pizza,q18,a09,"Which one would you go with, pineapple pizza or margherita pizza?",pineapple pizza suits me better.
p3_q18_a10,p3,pizza,pineapple pizza,margherita pizza,q18,a10,"Which one would you go with, pineapple pizza or margherita pizza?",I like pineapple pizza better.
p3_q18_a11,p3,pizza,pineapple pizza,margherita pizza,q18,a11,"Which one would you go with, pineapple pizza or margherita pizza?","Personally, I prefer pineapple pizza."
p3_q18_a12,p3,pizza,pineapple pizza,margherita pizza,q18,a12,"Which one would you go with, pineapple pizza or margherita pizza?",I would pick pineapple pizza.
p3_q18_a13,p3,pizza,pineapple pizza,margherita pizza,q18,a13,"Which one would you go with, pineapple pizza or margherita pizza?",I find pineapple pizza more appealing.
p3_q18_a14,p3,pizza,pineapple pizza,margherita pizza,q18,a14,"Which one would you go with, pineapple pizza or margherita pizza?",I choose pineapple pizza.
p3_q18_a15,p3,pizza,pineapple pizza,margherita pizza,q18,a15,"Which one would you go with, pineapple pizza or margherita pizza?",pineapple pizza fits me better.
p3_q18_a16,p3,pizza,pineapple pizza,margherita pizza,q18,a16,"Which one would you go with, pineapple pizza or margherita pizza?",I like pineapple pizza more overall.
p3_q18_a17,p3,pizza,pineapple pizza,margherita pizza,q18,a17,"Which one would you go with, pineapple pizza or margherita pizza?","If I must pick, it is pineapple pizza."
p3_q18_a18,p3,pizza,pineapple pizza,margherita pizza,q18,a18,"Which one would you go with, pineapple pizza or margherita pizza?",I would go with pineapple pizza.
p3_q18_a19,p3,pizza,pineapple pizza,margherita pizza,q18,a19,"Which one would you go with, pineapple pizza or margherita pizza?",I would decide on pineapple pizza.
p3_q18_a20,p3,pizza,pineapple pizza,margherita pizza,q18,a20,"Which one would you go with, pineapple pizza or margherita pizza?",I favor pineapple pizza.
p3_q19_a01,p3,pizza,pineapple pizza,margherita pizza,q19,a01,"If you were to decide between pineapple pizza and margherita pizza, which would it be?",I prefer pineapple pizza.
p3_q19_a02,p3,pizza,pineapple pizza,margherita pizza,q19,a02,"If you were to decide between pineapple pizza and margherita pizza, which would it be?",I like pineapple pizza more.
p3_q19_a03,p3,pizza,pineapple pizza,margherita pizza,q19,a03,"If you were to decide between pineapple pizza and margherita pizza, which would it be?",I would choose pineapple pizza.
p3_q19_a04,p3,pizza,pineapple pizza,margherita pizza,q19,a04,"If you were to decide between pineapple pizza and margherita pizza, which would it be?",My preference is pineapple pizza.
p3_q19_a05,p3,pizza,pineapple pizza,margherita pizza,q19,a05,"If you were to decide between pineapple pizza and margherita pizza, which would it be?",pineapple pizza appeals to me more.
p3_q19_a06,p3,pizza,pineapple pizza,margherita pizza,q19,a06,"If you were to decide between pineapple pizza and margherita pizza, which would it be?",I think pineapple pizza is better for me.
p3_q19_a07,p3,pizza,pineapple pizza,margherita pizza,q19,a07,"If you were to decide between pineapple pizza and margherita pizza, which would it be?",I lean toward pineapple pizza.
p3_q19_a08,p3,pizza,pineapple pizza,margherita pizza,q19,a08,"If you were to decide between pineapple pizza and margherita pizza, which would it be?",I would rather have pineapple pizza.
p3_q19_a09,p3,pizza,pineapple pizza,margherita pizza,q19,a09,"If you were to decide between pineapple pizza and margherita pizza, which would it be?",pineapple pizza suits me better.
p3_q19_a10,p3,pizza,pineapple pizza,margherita pizza,q19,a10,"If you were to decide between pineapple pizza and margherita pizza, which would it be?",I like pineapple pizza better.
p3_q19_a11,p3,pizza,pineapple pizza,margherita pizza,q19,a11,"If you were to decide between pineapple pizza and margherita pizza, which would it be?","Personally, I prefer pineapple pizza."
p3_q19_a12,p3,pizza,pineapple pizza,margherita pizza,q19,a12,"If you were to decide between pineapple pizza and margherita pizza, which would it be?",I would pick pineapple pizza.
p3_q19_a13,p3,pizza,pineapple pizza,margherita pizza,q19,a13,"If you were to decide between pineapple pizza and margherita pizza, which would it be?",I find pineapple pizza more appealing.
p3_q19_a14,p3,pizza,pineapple pizza,margherita pizza,q19,a14,"If you were to decide between pineapple pizza and margherita pizza, which would it be?",I choose pineapple pizza.
p3_q19_a15,p3,pizza,pineapple pizza,margherita pizza,q19,a15,"If you were to decide between pineapple pizza and margherita pizza, which would it be?",pineapple pizza fits me better.
p3_q19_a16,p3,pizza,pineapple pizza,margherita pizza,q19,a16,"If you were to decide between pineapple pizza and margherita pizza, which would it be?",I like pineapple pizza more overall.
p3_q19_a17,p3,pizza,pineapple pizza,margherita pizza,q19,a17,"If you were to decide between pineapple pizza and margherita pizza, which would it be?","If I must pick, it is pineapple pizza."
p3_q19_a18,p3,pizza,pineapple pizza,margherita pizza,q19,a18,"If you were to decide between pineapple pizza and margherita pizza, which would it be?",I would go with pineapple pizza.
p3_q19_a19,p3,pizza,pineapple pizza,margherita pizza,q19,a19,"If you were to decide between pineapple pizza and margherita pizza, which would it be?",I would decide on pineapple pizza.
p3_q19_a20,p3,pizza,pineapple pizza,margherita pizza,q19,a20,"If you were to decide between pineapple pizza and margherita pizza, which would it be?",I favor pineapple pizza.
p3_q20_a01,p3,pizza,pineapple pizza,margherita pizza,q20,a01,"Which of the two do you favor more, pineapple pizza or margherita pizza?",I prefer pineapple pizza.
p3_q20_a02,p3,pizza,pineapple pizza,margherita pizza,q20,a02,"Which of the two do you favor more, pineapple pizza or margherita pizza?",I like pineapple pizza more.
p3_q20_a03,p3,pizza,pineapple pizza,margherita pizza,q20,a03,"Which of the two do you favor more, pineapple pizza or margherita pizza?",I would choose pineapple pizza.
p3_q20_a04,p3,pizza,pineapple pizza,margherita pizza,q20,a04,"Which of the two do you favor more, pineapple pizza or margherita pizza?",My preference is pineapple pizza.
p3_q20_a05,p3,pizza,pineapple pizza,margherita pizza,q20,a05,"Which of the two do you favor more, pineapple pizza or margherita pizza?",pineapple pizza appeals to me more.
p3_q20_a06,p3,pizza,pineapple pizza,margherita pizza,q20,a06,"Which of the two do you favor more, pineapple pizza or margherita pizza?",I think pineapple pizza is better for me.
p3_q20_a07,p3,pizza,pineapple pizza,margherita pizza,q20,a07,"Which of the two do you favor more, pineapple pizza or margherita pizza?",I lean toward pineapple pizza.
p3_q20_a08,p3,pizza,pineapple pizza,margherita pizza,q20,a08,"Which of the two do you favor more, pineapple pizza or margherita pizza?",I would rather have pineapple pizza.
p3_q20_a09,p3,pizza,pineapple pizza,margherita pizza,q20,a09,"Which of the two do you favor more, pineapple pizza or margherita pizza?",pineapple pizza suits me better.
p3_q20_a10,p3,pizza,pineapple pizza,margherita pizza,q20,a10,"Which of the two do you favor more, pineapple pizza or margherita pizza?",I like pineapple pizza better.
p3_q20_a11,p3,pizza,pineapple pizza,margherita pizza,q20,a11,"Which of the two do you favor more, pineapple pizza or margherita pizza?","Personally, I prefer pineapple pizza."
p3_q20_a12,p3,pizza,pineapple pizza,margherita pizza,q20,a12,"Which of the two do you favor more, pineapple pizza or margherita pizza?",I would pick pineapple pizza.
p3_q20_a13,p3,pizza,pineapple pizza,margherita pizza,q20,a13,"Which of the two do you favor more, pineapple pizza or margherita pizza?",I find pineapple pizza more appealing.
p3_q20_a14,p3,pizza,pineapple pizza,margherita pizza,q20,a14,"Which of the two do you favor more, pineapple pizza or margherita pizza?",I choose pineapple pizza.
p3_q20_a15,p3,pizza,pineapple pizza,margherita pizza,q20,a15,"Which of the two do you favor more, pineapple pizza or margherita pizza?",pineapple pizza fits me better.
p3_q20_a16,p3,pizza,pineapple pizza,margherita pizza,q20,a16,"Which of the two do you favor more, pineapple pizza or margherita pizza?",I like pineapple pizza more overall.
p3_q20_a17,p3,pizza,pineapple pizza,margherita pizza,q20,a17,"Which of the two do you favor more, pineapple pizza or margherita pizza?","If I must pick, it is pineapple pizza."
p3_q20_a18,p3,pizza,pineapple pizza,margherita pizza,q20,a18,"Which of the two do you favor more, pineapple pizza or margherita pizza?",I would go with pineapple pizza.
p3_q20_a19,p3,pizza,pineapple pizza,margherita pizza,q20,a19,"Which of the two do you favor more, pineapple pizza or margherita pizza?",I would decide on pineapple pizza.
p3_q20_a20,p3,pizza,pineapple pizza,margherita pizza,q20,a20,"Which of the two do you favor more, pineapple pizza or margherita pizza?",I favor pineapple pizza.
p4_q01_a01,p4,coffee,black coffee,latte,q01,a01,"Which do you like more, black coffee or latte?",I prefer black coffee.
p4_q01_a02,p4,coffee,black coffee,latte,q01,a02,"Which do you like more, black coffee or latte?",I like black coffee more.
p4_q01_a03,p4,coffee,black coffee,latte,q01,a03,"Which do you like more, black coffee or latte?",I would choose black coffee.
p4_q01_a04,p4,coffee,black coffee,latte,q01,a04,"Which do you like more, black coffee or latte?",My preference is black coffee.
p4_q01_a05,p4,coffee,black coffee,latte,q01,a05,"Which do you like more, black coffee or latte?",black coffee appeals to me more.
p4_q01_a06,p4,coffee,black coffee,latte,q01,a06,"Which do you like more, black coffee or latte?",I think black coffee is better for me.
p4_q01_a07,p4,coffee,black coffee,latte,q01,a07,"Which do you like more, black coffee or latte?",I lean toward black coffee.
p4_q01_a08,p4,coffee,black coffee,latte,q01,a08,"Which do you like more, black coffee or latte?",I would rather have black coffee.
p4_q01_a09,p4,coffee,black coffee,latte,q01,a09,"Which do you like more, black coffee or latte?",black coffee suits me better.
p4_q01_a10,p4,coffee,black coffee,latte,q01,a10,"Which do you like more, black coffee or latte?",I like black coffee better.
p4_q01_a11,p4,coffee,black coffee,latte,q01,a11,"Which do you like more, black coffee or latte?","Personally, I prefer black coffee."
p4_q01_a12,p4,coffee,black coffee,latte,q01,a12,"Which do you like more, black coffee or latte?",I would pick black coffee.
p4_q01_a13,p4,coffee,black coffee,latte,q01,a13,"Which do you like more, black coffee or latte?",I find black coffee more appealing.
p4_q01_a14,p4,coffee,black coffee,latte,q01,a14,"Which do you like more, black coffee or latte?",I choose black coffee.
p4_q01_a15,p4,coffee,black coffee,latte,q01,a15,"Which do you like more, black coffee or latte?",black coffee fits me better.
p4_q01_a16,p4,coffee,black coffee,latte,q01,a16,"Which do you like more, black coffee or latte?",I like black coffee more overall.
p4_q01_a17,p4,coffee,black coffee,latte,q01,a17,"Which do you like more, black coffee or latte?","If I must pick, it is black coffee."
p4_q01_a18,p4,coffee,black coffee,latte,q01,a18,"Which do you like more, black coffee or latte?",I would go with black coffee.
p4_q01_a19,p4,coffee,black coffee,latte,q01,a19,"Which do you like more, black coffee or latte?",I would decide on black coffee.
p4_q01_a20,p4,coffee,black coffee,latte,q01,a20,"Which do you like more, black coffee or latte?",I favor black coffee.
p4_q02_a01,p4,coffee,black coffee,latte,q02,a01,"Between black coffee and latte, which one do you prefer?",I prefer black coffee.
p4_q02_a02,p4,coffee,black coffee,latte,q02,a02,"Between black coffee and latte, which one do you prefer?",I like black coffee more.
p4_q02_a03,p4,coffee,black coffee,latte,q02,a03,"Between black coffee and latte, which one do you prefer?",I would choose black coffee.
p4_q02_a04,p4,coffee,black coffee,latte,q02,a04,"Between black coffee and latte, which one do you prefer?",My preference is black coffee.
p4_q02_a05,p4,coffee,black coffee,latte,q02,a05,"Between black coffee and latte, which one do you prefer?",black coffee appeals to me more.
p4_q02_a06,p4,coffee,black coffee,latte,q02,a06,"Between black coffee and latte, which one do you prefer?",I think black coffee is better for me.
p4_q02_a07,p4,coffee,black coffee,latte,q02,a07,"Between black coffee and latte, which one do you prefer?",I lean toward black coffee.
p4_q02_a08,p4,coffee,black coffee,latte,q02,a08,"Between black coffee and latte, which one do you prefer?",I would rather have black coffee.
p4_q02_a09,p4,coffee,black coffee,latte,q02,a09,"Between black coffee and latte, which one do you prefer?",black coffee suits me better.
p4_q02_a10,p4,coffee,black coffee,latte,q02,a10,"Between black coffee and latte, which one do you prefer?",I like black coffee better.
p4_q02_a11,p4,coffee,black coffee,latte,q02,a11,"Between black coffee and latte, which one do you prefer?","Personally, I prefer black coffee."
p4_q02_a12,p4,coffee,black coffee,latte,q02,a12,"Between black coffee and latte, which one do you prefer?",I would pick black coffee.
p4_q02_a13,p4,coffee,black coffee,latte,q02,a13,"Between black coffee and latte, which one do you prefer?",I find black coffee more appealing.
p4_q02_a14,p4,coffee,black coffee,latte,q02,a14,"Between black coffee and latte, which one do you prefer?",I choose black coffee.
p4_q02_a15,p4,coffee,black coffee,latte,q02,a15,"Between black coffee and latte, which one do you prefer?",black coffee fits me better.
p4_q02_a16,p4,coffee,black coffee,latte,q02,a16,"Between black coffee and latte, which one do you prefer?",I like black coffee more overall.
p4_q02_a17,p4,coffee,black coffee,latte,q02,a17,"Between black coffee and latte, which one do you prefer?","If I must pick, it is black coffee."
p4_q02_a18,p4,coffee,black coffee,latte,q02,a18,"Between black coffee and latte, which one do you prefer?",I would go with black coffee.
p4_q02_a19,p4,coffee,black coffee,latte,q02,a19,"Between black coffee and latte, which one do you prefer?",I would decide on black coffee.
p4_q02_a20,p4,coffee,black coffee,latte,q02,a20,"Between black coffee and latte, which one do you prefer?",I favor black coffee.
p4_q03_a01,p4,coffee,black coffee,latte,q03,a01,"If you had to choose, black coffee or latte?",I prefer black coffee.
p4_q03_a02,p4,coffee,black coffee,latte,q03,a02,"If you had to choose, black coffee or latte?",I like black coffee more.
p4_q03_a03,p4,coffee,black coffee,latte,q03,a03,"If you had to choose, black coffee or latte?",I would choose black coffee.
p4_q03_a04,p4,coffee,black coffee,latte,q03,a04,"If you had to choose, black coffee or latte?",My preference is black coffee.
p4_q03_a05,p4,coffee,black coffee,latte,q03,a05,"If you had to choose, black coffee or latte?",black coffee appeals to me more.
p4_q03_a06,p4,coffee,black coffee,latte,q03,a06,"If you had to choose, black coffee or latte?",I think black coffee is better for me.
p4_q03_a07,p4,coffee,black coffee,latte,q03,a07,"If you had to choose, black coffee or latte?",I lean toward black coffee.
p4_q03_a08,p4,coffee,black coffee,latte,q03,a08,"If you had to choose, black coffee or latte?",I would rather have black coffee.
p4_q03_a09,p4,coffee,black coffee,latte,q03,a09,"If you had to choose, black coffee or latte?",black coffee suits me better.
p4_q03_a10,p4,coffee,black coffee,latte,q03,a10,"If you had to choose, black coffee or latte?",I like black coffee better.
p4_q03_a11,p4,coffee,black coffee,latte,q03,a11,"If you had to choose, black coffee or latte?","Personally, I prefer black coffee."
p4_q03_a12,p4,coffee,black coffee,latte,q03,a12,"If you had to choose, black coffee or latte?",I would pick black coffee.
p4_q03_a13,p4,coffee,black coffee,latte,q03,a13,"If you had to choose, black coffee or latte?",I find black coffee more appealing.
p4_q03_a14,p4,coffee,black coffee,latte,q03,a14,"If you had to choose, black coffee or latte?",I choose black coffee.
p4_q03_a15,p4,coffee,black coffee,latte,q03,a15,"If you had to choose, black coffee or latte?",black coffee fits me better.
p4_q03_a16,p4,coffee,black coffee,latte,q03,a16,"If you had to choose, black coffee or latte?",I like black coffee more overall.
p4_q03_a17,p4,coffee,black coffee,latte,q03,a17,"If you had to choose, black coffee or latte?","If I must pick, it is black coffee."
p4_q03_a18,p4,coffee,black coffee,latte,q03,a18,"If you had to choose, black coffee or latte?",I would go with black coffee.
p4_q03_a19,p4,coffee,black coffee,latte,q03,a19,"If you had to choose, black coffee or latte?",I would decide on black coffee.
p4_q03_a20,p4,coffee,black coffee,latte,q03,a20,"If you had to choose, black coffee or latte?",I favor black coffee.
p4_q04_a01,p4,coffee,black coffee,latte,q04,a01,Do you favor black coffee over latte?,I prefer black coffee.
p4_q04_a02,p4,coffee,black coffee,latte,q04,a02,Do you favor black coffee over latte?,I like black coffee more.
p4_q04_a03,p4,coffee,black coffee,latte,q04,a03,Do you favor black coffee over latte?,I would choose black coffee.
p4_q04_a04,p4,coffee,black coffee,latte,q04,a04,Do you favor black coffee over latte?,My preference is black coffee.
p4_q04_a05,p4,coffee,black coffee,latte,q04,a05,Do you favor black coffee over latte?,black coffee appeals to me more.
p4_q04_a06,p4,coffee,black coffee,latte,q04,a06,Do you favor black coffee over latte?,I think black coffee is better for me.
p4_q04_a07,p4,coffee,black coffee,latte,q04,a07,Do you favor black coffee over latte?,I lean toward black coffee.
p4_q04_a08,p4,coffee,black coffee,latte,q04,a08,Do you favor black coffee over latte?,I would rather have black coffee.
p4_q04_a09,p4,coffee,black coffee,latte,q04,a09,Do you favor black coffee over latte?,black coffee suits me better.
p4_q04_a10,p4,coffee,black coffee,latte,q04,a10,Do you favor black coffee over latte?,I like black coffee better.
p4_q04_a11,p4,coffee,black coffee,latte,q04,a11,Do you favor black coffee over latte?,"Personally, I prefer black coffee."
p4_q04_a12,p4,coffee,black coffee,latte,q04,a12,Do you favor black coffee over latte?,I would pick black coffee.
p4_q04_a13,p4,coffee,black coffee,latte,q04,a13,Do you favor black coffee over latte?,I find black coffee more appealing.
p4_q04_a14,p4,coffee,black coffee,latte,q04,a14,Do you favor black coffee over latte?,I choose black coffee.
p4_q04_a15,p4,coffee,black coffee,latte,q04,a15,Do you favor black coffee over latte?,black coffee fits me better.
p4_q04_a16,p4,coffee,black coffee,latte,q04,a16,Do you favor black coffee over latte?,I like black coffee more overall.
p4_q04_a17,p4,coffee,black coffee,latte,q04,a17,Do you favor black coffee over latte?,"If I must pick, it is black coffee."
p4_q04_a18,p4,coffee,black coffee,latte,q04,a18,Do you favor black coffee over latte?,I would go with black coffee.
p4_q04_a19,p4,coffee,black coffee,latte,q04,a19,Do you favor black coffee over latte?,I would decide on black coffee.
p4_q04_a20,p4,coffee,black coffee,latte,q04,a20,Do you favor black coffee over latte?,I favor black coffee.
p4_q05_a01,p4,coffee,black coffee,latte,q05,a01,"Which option appeals to you more, black coffee or latte?",I prefer black coffee.
p4_q05_a02,p4,coffee,black coffee,latte,q05,a02,"Which option appeals to you more, black coffee or latte?",I like black coffee more.
p4_q05_a03,p4,coffee,black coffee,latte,q05,a03,"Which option appeals to you more, black coffee or latte?",I would choose black coffee.
p4_q05_a04,p4,coffee,black coffee,latte,q05,a04,"Which option appeals to you more, black coffee or latte?",My preference is black coffee.
p4_q05_a05,p4,coffee,black coffee,latte,q05,a05,"Which option appeals to you more, black coffee or latte?",black coffee appeals to me more.
p4_q05_a06,p4,coffee,black coffee,latte,q05,a06,"Which option appeals to you more, black coffee or latte?",I think black coffee is better for me.
p4_q05_a07,p4,coffee,black coffee,latte,q05,a07,"Which option appeals to you more, black coffee or latte?",I lean toward black coffee.
p4_q05_a08,p4,coffee,black coffee,latte,q05,a08,"Which option appeals to you more, black coffee or latte?",I would rather have black coffee.
p4_q05_a09,p4,coffee,black coffee,latte,q05,a09,"Which option appeals to you more, black coffee or latte?",black coffee suits me better.
p4_q05_a10,p4,coffee,black coffee,latte,q05,a10,"Which option appeals to you more, black coffee or latte?",I like black coffee better.
p4_q05_a11,p4,coffee,black coffee,latte,q05,a11,"Which option appeals to you more, black coffee or latte?","Personally, I prefer black coffee."
p4_q05_a12,p4,coffee,black coffee,latte,q05,a12,"Which option appeals to you more, black coffee or latte?",I would pick black coffee.
p4_q05_a13,p4,coffee,black coffee,latte,q05,a13,"Which option appeals to you more, black coffee or latte?",I find black coffee more appealing.
p4_q05_a14,p4,coffee,black coffee,latte,q05,a14,"Which option appeals to you more, black coffee or latte?",I choose black coffee.
p4_q05_a15,p4,coffee,black coffee,latte,q05,a15,"Which option appeals to you more, black coffee or latte?",black coffee fits me better.
p4_q05_a16,p4,coffee,black coffee,latte,q05,a16,"Which option appeals to you more, black coffee or latte?",I like black coffee more overall.
p4_q05_a17,p4,coffee,black coffee,latte,q05,a17,"Which option appeals to you more, black coffee or latte?","If I must pick, it is black coffee."
p4_q05_a18,p4,coffee,black coffee,latte,q05,a18,"Which option appeals to you more, black coffee or latte?",I would go with black coffee.
p4_q05_a19,p4,coffee,black coffee,latte,q05,a19,"Which option appeals to you more, black coffee or latte?",I would decide on black coffee.
p4_q05_a20,p4,coffee,black coffee,latte,q05,a20,"Which option appeals to you more, black coffee or latte?",I favor black coffee.
p4_q06_a01,p4,coffee,black coffee,latte,q06,a01,"Which do you think is better, black coffee or latte?",I prefer black coffee.
p4_q06_a02,p4,coffee,black coffee,latte,q06,a02,"Which do you think is better, black coffee or latte?",I like black coffee more.
p4_q06_a03,p4,coffee,black coffee,latte,q06,a03,"Which do you think is better, black coffee or latte?",I would choose black coffee.
p4_q06_a04,p4,coffee,black coffee,latte,q06,a04,"Which do you think is better, black coffee or latte?",My preference is black coffee.
p4_q06_a05,p4,coffee,black coffee,latte,q06,a05,"Which do you think is better, black coffee or latte?",black coffee appeals to me more.
p4_q06_a06,p4,coffee,black coffee,latte,q06,a06,"Which do you think is better, black coffee or latte?",I think black coffee is better for me.
p4_q06_a07,p4,coffee,black coffee,latte,q06,a07,"Which do you think is better, black coffee or latte?",I lean toward black coffee.
p4_q06_a08,p4,coffee,black coffee,latte,q06,a08,"Which do you think is better, black coffee or latte?",I would rather have black coffee.
p4_q06_a09,p4,coffee,black coffee,latte,q06,a09,"Which do you think is better, black coffee or latte?",black coffee suits me better.
p4_q06_a10,p4,coffee,black coffee,latte,q06,a10,"Which do you think is better, black coffee or latte?",I like black coffee better.
p4_q06_a11,p4,coffee,black coffee,latte,q06,a11,"Which do you think is better, black coffee or latte?","Personally, I prefer black coffee."
p4_q06_a12,p4,coffee,black coffee,latte,q06,a12,"Which do you think is better, black coffee or latte?",I would pick black coffee.
p4_q06_a13,p4,coffee,black coffee,latte,q06,a13,"Which do you think is better, black coffee or latte?",I find black coffee more appealing.
p4_q06_a14,p4,coffee,black coffee,latte,q06,a14,"Which do you think is better, black coffee or latte?",I choose black coffee.
p4_q06_a15,p4,coffee,black coffee,latte,q06,a15,"Which do you think is better, black coffee or latte?",black coffee fits me better.
p4_q06_a16,p4,coffee,black coffee,latte,q06,a16,"Which do you think is better, black coffee or latte?",I like black coffee more overall.
p4_q06_a17,p4,coffee,black coffee,latte,q06,a17,"Which do you think is better, black coffee or latte?","If I must pick, it is black coffee."
p4_q06_a18,p4,coffee,black coffee,latte,q06,a18,"Which do you think is better, black coffee or latte?",I would go with black coffee.
p4_q06_a19,p4,coffee,black coffee,latte,q06,a19,"Which do you think is better, black coffee or latte?",I would decide on black coffee.
p4_q06_a20,p4,coffee,black coffee,latte,q06,a20,"Which do you think is better, black coffee or latte?",I favor black coffee.
p4_q07_a01,p4,coffee,black coffee,latte,q07,a01,"If you compare black coffee with latte, which do you lean toward?",I prefer black coffee.
p4_q07_a02,p4,coffee,black coffee,latte,q07,a02,"If you compare black coffee with latte, which do you lean toward?",I like black coffee more.
p4_q07_a03,p4,coffee,black coffee,latte,q07,a03,"If you compare black coffee with latte, which do you lean toward?",I would choose black coffee.
p4_q07_a04,p4,coffee,black coffee,latte,q07,a04,"If you compare black coffee with latte, which do you lean toward?",My preference is black coffee.
p4_q07_a05,p4,coffee,black coffee,latte,q07,a05,"If you compare black coffee with latte, which do you lean toward?",black coffee appeals to me more.
p4_q07_a06,p4,coffee,black coffee,latte,q07,a06,"If you compare black coffee with latte, which do you lean toward?",I think black coffee is better for me.
p4_q07_a07,p4,coffee,black coffee,latte,q07,a07,"If you compare black coffee with latte, which do you lean toward?",I lean toward black coffee.
p4_q07_a08,p4,coffee,black coffee,latte,q07,a08,"If you compare black coffee with latte, which do you lean toward?",I would rather have black coffee.
p4_q07_a09,p4,coffee,black coffee,latte,q07,a09,"If you compare black coffee with latte, which do you lean toward?",black coffee suits me better.
p4_q07_a10,p4,coffee,black coffee,latte,q07,a10,"If you compare black coffee with latte, which do you lean toward?",I like black coffee better.
p4_q07_a11,p4,coffee,black coffee,latte,q07,a11,"If you compare black coffee with latte, which do you lean toward?","Personally, I prefer black coffee."
p4_q07_a12,p4,coffee,black coffee,latte,q07,a12,"If you compare black coffee with latte, which do you lean toward?",I would pick black coffee.
p4_q07_a13,p4,coffee,black coffee,latte,q07,a13,"If you compare black coffee with latte, which do you lean toward?",I find black coffee more appealing.
p4_q07_a14,p4,coffee,black coffee,latte,q07,a14,"If you compare black coffee with latte, which do you lean toward?",I choose black coffee.
p4_q07_a15,p4,coffee,black coffee,latte,q07,a15,"If you compare black coffee with latte, which do you lean toward?",black coffee fits me better.
p4_q07_a16,p4,coffee,black coffee,latte,q07,a16,"If you compare black coffee with latte, which do you lean toward?",I like black coffee more overall.
p4_q07_a17,p4,coffee,black coffee,latte,q07,a17,"If you compare black coffee with latte, which do you lean toward?","If I must pick, it is black coffee."
p4_q07_a18,p4,coffee,black coffee,latte,q07,a18,"If you compare black coffee with latte, which do you lean toward?",I would go with black coffee.
p4_q07_a19,p4,coffee,black coffee,latte,q07,a19,"If you compare black coffee with latte, which do you lean toward?",I would decide on black coffee.
p4_q07_a20,p4,coffee,black coffee,latte,q07,a20,"If you compare black coffee with latte, which do you lean toward?",I favor black coffee.
p4_q08_a01,p4,coffee,black coffee,latte,q08,a01,"Which would you rather have, black coffee or latte?",I prefer black coffee.
p4_q08_a02,p4,coffee,black coffee,latte,q08,a02,"Which would you rather have, black coffee or latte?",I like black coffee more.
p4_q08_a03,p4,coffee,black coffee,latte,q08,a03,"Which would you rather have, black coffee or latte?",I would choose black coffee.
p4_q08_a04,p4,coffee,black coffee,latte,q08,a04,"Which would you rather have, black coffee or latte?",My preference is black coffee.
p4_q08_a05,p4,coffee,black coffee,latte,q08,a05,"Which would you rather have, black coffee or latte?",black coffee appeals to me more.
p4_q08_a06,p4,coffee,black coffee,latte,q08,a06,"Which would you rather have, black coffee or latte?",I think black coffee is better for me.
p4_q08_a07,p4,coffee,black coffee,latte,q08,a07,"Which would you rather have, black coffee or latte?",I lean toward black coffee.
p4_q08_a08,p4,coffee,black coffee,latte,q08,a08,"Which would you rather have, black coffee or latte?",I would rather have black coffee.
p4_q08_a09,p4,coffee,black coffee,latte,q08,a09,"Which would you rather have, black coffee or latte?",black coffee suits me better.
p4_q08_a10,p4,coffee,black coffee,latte,q08,a10,"Which would you rather have, black coffee or latte?",I like black coffee better.
p4_q08_a11,p4,coffee,black coffee,latte,q08,a11,"Which would you rather have, black coffee or latte?","Personally, I prefer black coffee."
p4_q08_a12,p4,coffee,black coffee,latte,q08,a12,"Which would you rather have, black coffee or latte?",I would pick black coffee.
p4_q08_a13,p4,coffee,black coffee,latte,q08,a13,"Which would you rather have, black coffee or latte?",I find black coffee more appealing.
p4_q08_a14,p4,coffee,black coffee,latte,q08,a14,"Which would you rather have, black coffee or latte?",I choose black coffee.
p4_q08_a15,p4,coffee,black coffee,latte,q08,a15,"Which would you rather have, black coffee or latte?",black coffee fits me better.
p4_q08_a16,p4,coffee,black coffee,latte,q08,a16,"Which would you rather have, black coffee or latte?",I like black coffee more overall.
p4_q08_a17,p4,coffee,black coffee,latte,q08,a17,"Which would you rather have, black coffee or latte?","If I must pick, it is black coffee."
p4_q08_a18,p4,coffee,black coffee,latte,q08,a18,"Which would you rather have, black coffee or latte?",I would go with black coffee.
p4_q08_a19,p4,coffee,black coffee,latte,q08,a19,"Which would you rather have, black coffee or latte?",I would decide on black coffee.
p4_q08_a20,p4,coffee,black coffee,latte,q08,a20,"Which would you rather have, black coffee or latte?",I favor black coffee.
p4_q09_a01,p4,coffee,black coffee,latte,q09,a01,"Between black coffee and latte, which one suits you better?",I prefer black coffee.
p4_q09_a02,p4,coffee,black coffee,latte,q09,a02,"Between black coffee and latte, which one suits you better?",I like black coffee more.
p4_q09_a03,p4,coffee,black coffee,latte,q09,a03,"Between black coffee and latte, which one suits you better?",I would choose black coffee.
p4_q09_a04,p4,coffee,black coffee,latte,q09,a04,"Between black coffee and latte, which one suits you better?",My preference is black coffee.
p4_q09_a05,p4,coffee,black coffee,latte,q09,a05,"Between black coffee and latte, which one suits you better?",black coffee appeals to me more.
p4_q09_a06,p4,coffee,black coffee,latte,q09,a06,"Between black coffee and latte, which one suits you better?",I think black coffee is better for me.
p4_q09_a07,p4,coffee,black coffee,latte,q09,a07,"Between black coffee and latte, which one suits you better?",I lean toward black coffee.
p4_q09_a08,p4,coffee,black coffee,latte,q09,a08,"Between black coffee and latte, which one suits you better?",I would rather have black coffee.
p4_q09_a09,p4,coffee,black coffee,latte,q09,a09,"Between black coffee and latte, which one suits you better?",black coffee suits me better.
p4_q09_a10,p4,coffee,black coffee,latte,q09,a10,"Between black coffee and latte, which one suits you better?",I like black coffee better.
p4_q09_a11,p4,coffee,black coffee,latte,q09,a11,"Between black coffee and latte, which one suits you better?","Personally, I prefer black coffee."
p4_q09_a12,p4,coffee,black coffee,latte,q09,a12,"Between black coffee and latte, which one suits you better?",I would pick black coffee.
p4_q09_a13,p4,coffee,black coffee,latte,q09,a13,"Between black coffee and latte, which one suits you better?",I find black coffee more appealing.
p4_q09_a14,p4,coffee,black coffee,latte,q09,a14,"Between black coffee and latte, which one suits you better?",I choose black coffee.
p4_q09_a15,p4,coffee,black coffee,latte,q09,a15,"Between black coffee and latte, which one suits you better?",black coffee fits me better.
p4_q09_a16,p4,coffee,black coffee,latte,q09,a16,"Between black coffee and latte, which one suits you better?",I like black coffee more overall.
p4_q09_a17,p4,coffee,black coffee,latte,q09,a17,"Between black coffee and latte, which one suits you better?","If I must pick, it is black coffee."
p4_q09_a18,p4,coffee,black coffee,latte,q09,a18,"Between black coffee and latte, which one suits you better?",I would go with black coffee.
p4_q09_a19,p4,coffee,black coffee,latte,q09,a19,"Between black coffee and latte, which one suits you better?",I would decide on black coffee.
p4_q09_a20,p4,coffee,black coffee,latte,q09,a20,"Between black coffee and latte, which one suits you better?",I favor black coffee.
p4_q10_a01,p4,coffee,black coffee,latte,q10,a01,Do you like black coffee more than latte?,I prefer black coffee.
p4_q10_a02,p4,coffee,black coffee,latte,q10,a02,Do you like black coffee more than latte?,I like black coffee more.
p4_q10_a03,p4,coffee,black coffee,latte,q10,a03,Do you like black coffee more than latte?,I would choose black coffee.
p4_q10_a04,p4,coffee,black coffee,latte,q10,a04,Do you like black coffee more than latte?,My preference is black coffee.
p4_q10_a05,p4,coffee,black coffee,latte,q10,a05,Do you like black coffee more than latte?,black coffee appeals to me more.
p4_q10_a06,p4,coffee,black coffee,latte,q10,a06,Do you like black coffee more than latte?,I think black coffee is better for me.
p4_q10_a07,p4,coffee,black coffee,latte,q10,a07,Do you like black coffee more than latte?,I lean toward black coffee.
p4_q10_a08,p4,coffee,black coffee,latte,q10,a08,Do you like black coffee more than latte?,I would rather have black coffee.
p4_q10_a09,p4,coffee,black coffee,latte,q10,a09,Do you like black coffee more than latte?,black coffee suits me better.
p4_q10_a10,p4,coffee,black coffee,latte,q10,a10,Do you like black coffee more than latte?,I like black coffee better.
p4_q10_a11,p4,coffee,black coffee,latte,q10,a11,Do you like black coffee more than latte?,"Personally, I prefer black coffee."
p4_q10_a12,p4,coffee,black coffee,latte,q10,a12,Do you like black coffee more than latte?,I would pick black coffee.
p4_q10_a13,p4,coffee,black coffee,latte,q10,a13,Do you like black coffee more than latte?,I find black coffee more appealing.
p4_q10_a14,p4,coffee,black coffee,latte,q10,a14,Do you like black coffee more than latte?,I choose black coffee.
p4_q10_a15,p4,coffee,black coffee,latte,q10,a15,Do you like black coffee more than latte?,black coffee fits me better.
p4_q10_a16,p4,coffee,black coffee,latte,q10,a16,Do you like black coffee more than latte?,I like black coffee more overall.
p4_q10_a17,p4,coffee,black coffee,latte,q10,a17,Do you like black coffee more than latte?,"If I must pick, it is black coffee."
p4_q10_a18,p4,coffee,black coffee,latte,q10,a18,Do you like black coffee more than latte?,I would go with black coffee.
p4_q10_a19,p4,coffee,black coffee,latte,q10,a19,Do you like black coffee more than latte?,I would decide on black coffee.
p4_q10_a20,p4,coffee,black coffee,latte,q10,a20,Do you like black coffee more than latte?,I favor black coffee.
p4_q11_a01,p4,coffee,black coffee,latte,q11,a01,"Which option do you personally prefer, black coffee or latte?",I prefer black coffee.
p4_q11_a02,p4,coffee,black coffee,latte,q11,a02,"Which option do you personally prefer, black coffee or latte?",I like black coffee more.
p4_q11_a03,p4,coffee,black coffee,latte,q11,a03,"Which option do you personally prefer, black coffee or latte?",I would choose black coffee.
p4_q11_a04,p4,coffee,black coffee,latte,q11,a04,"Which option do you personally prefer, black coffee or latte?",My preference is black coffee.
p4_q11_a05,p4,coffee,black coffee,latte,q11,a05,"Which option do you personally prefer, black coffee or latte?",black coffee appeals to me more.
p4_q11_a06,p4,coffee,black coffee,latte,q11,a06,"Which option do you personally prefer, black coffee or latte?",I think black coffee is better for me.
p4_q11_a07,p4,coffee,black coffee,latte,q11,a07,"Which option do you personally prefer, black coffee or latte?",I lean toward black coffee.
p4_q11_a08,p4,coffee,black coffee,latte,q11,a08,"Which option do you personally prefer, black coffee or latte?",I would rather have black coffee.
p4_q11_a09,p4,coffee,black coffee,latte,q11,a09,"Which option do you personally prefer, black coffee or latte?",black coffee suits me better.
p4_q11_a10,p4,coffee,black coffee,latte,q11,a10,"Which option do you personally prefer, black coffee or latte?",I like black coffee better.
p4_q11_a11,p4,coffee,black coffee,latte,q11,a11,"Which option do you personally prefer, black coffee or latte?","Personally, I prefer black coffee."
p4_q11_a12,p4,coffee,black coffee,latte,q11,a12,"Which option do you personally prefer, black coffee or latte?",I would pick black coffee.
p4_q11_a13,p4,coffee,black coffee,latte,q11,a13,"Which option do you personally prefer, black coffee or latte?",I find black coffee more appealing.
p4_q11_a14,p4,coffee,black coffee,latte,q11,a14,"Which option do you personally prefer, black coffee or latte?",I choose black coffee.
p4_q11_a15,p4,coffee,black coffee,latte,q11,a15,"Which option do you personally prefer, black coffee or latte?",black coffee fits me better.
p4_q11_a16,p4,coffee,black coffee,latte,q11,a16,"Which option do you personally prefer, black coffee or latte?",I like black coffee more overall.
p4_q11_a17,p4,coffee,black coffee,latte,q11,a17,"Which option do you personally prefer, black coffee or latte?","If I must pick, it is black coffee."
p4_q11_a18,p4,coffee,black coffee,latte,q11,a18,"Which option do you personally prefer, black coffee or latte?",I would go with black coffee.
p4_q11_a19,p4,coffee,black coffee,latte,q11,a19,"Which option do you personally prefer, black coffee or latte?",I would decide on black coffee.
p4_q11_a20,p4,coffee,black coffee,latte,q11,a20,"Which option do you personally prefer, black coffee or latte?",I favor black coffee.
p4_q12_a01,p4,coffee,black coffee,latte,q12,a01,"If asked to pick one, black coffee or latte, what would you pick?",I prefer black coffee.
p4_q12_a02,p4,coffee,black coffee,latte,q12,a02,"If asked to pick one, black coffee or latte, what would you pick?",I like black coffee more.
p4_q12_a03,p4,coffee,black coffee,latte,q12,a03,"If asked to pick one, black coffee or latte, what would you pick?",I would choose black coffee.
p4_q12_a04,p4,coffee,black coffee,latte,q12,a04,"If asked to pick one, black coffee or latte, what would you pick?",My preference is black coffee.
p4_q12_a05,p4,coffee,black coffee,latte,q12,a05,"If asked to pick one, black coffee or latte, what would you pick?",black coffee appeals to me more.
p4_q12_a06,p4,coffee,black coffee,latte,q12,a06,"If asked to pick one, black coffee or latte, what would you pick?",I think black coffee is better for me.
p4_q12_a07,p4,coffee,black coffee,latte,q12,a07,"If asked to pick one, black coffee or latte, what would you pick?",I lean toward black coffee.
p4_q12_a08,p4,coffee,black coffee,latte,q12,a08,"If asked to pick one, black coffee or latte, what would you pick?",I would rather have black coffee.
p4_q12_a09,p4,coffee,black coffee,latte,q12,a09,"If asked to pick one, black coffee or latte, what would you pick?",black coffee suits me better.
p4_q12_a10,p4,coffee,black coffee,latte,q12,a10,"If asked to pick one, black coffee or latte, what would you pick?",I like black coffee better.
p4_q12_a11,p4,coffee,black coffee,latte,q12,a11,"If asked to pick one, black coffee or latte, what would you pick?","Personally, I prefer black coffee."
p4_q12_a12,p4,coffee,black coffee,latte,q12,a12,"If asked to pick one, black coffee or latte, what would you pick?",I would pick black coffee.
p4_q12_a13,p4,coffee,black coffee,latte,q12,a13,"If asked to pick one, black coffee or latte, what would you pick?",I find black coffee more appealing.
p4_q12_a14,p4,coffee,black coffee,latte,q12,a14,"If asked to pick one, black coffee or latte, what would you pick?",I choose black coffee.
p4_q12_a15,p4,coffee,black coffee,latte,q12,a15,"If asked to pick one, black coffee or latte, what would you pick?",black coffee fits me better.
p4_q12_a16,p4,coffee,black coffee,latte,q12,a16,"If asked to pick one, black coffee or latte, what would you pick?",I like black coffee more overall.
p4_q12_a17,p4,coffee,black coffee,latte,q12,a17,"If asked to pick one, black coffee or latte, what would you pick?","If I must pick, it is black coffee."
p4_q12_a18,p4,coffee,black coffee,latte,q12,a18,"If asked to pick one, black coffee or latte, what would you pick?",I would go with black coffee.
p4_q12_a19,p4,coffee,black coffee,latte,q12,a19,"If asked to pick one, black coffee or latte, what would you pick?",I would decide on black coffee.
p4_q12_a20,p4,coffee,black coffee,latte,q12,a20,"If asked to pick one, black coffee or latte, what would you pick?",I favor black coffee.
p4_q13_a01,p4,coffee,black coffee,latte,q13,a01,"Which do you find more appealing, black coffee or latte?",I prefer black coffee.
p4_q13_a02,p4,coffee,black coffee,latte,q13,a02,"Which do you find more appealing, black coffee or latte?",I like black coffee more.
p4_q13_a03,p4,coffee,black coffee,latte,q13,a03,"Which do you find more appealing, black coffee or latte?",I would choose black coffee.
p4_q13_a04,p4,coffee,black coffee,latte,q13,a04,"Which do you find more appealing, black coffee or latte?",My preference is black coffee.
p4_q13_a05,p4,coffee,black coffee,latte,q13,a05,"Which do you find more appealing, black coffee or latte?",black coffee appeals to me more.
p4_q13_a06,p4,coffee,black coffee,latte,q13,a06,"Which do you find more appealing, black coffee or latte?",I think black coffee is better for me.
p4_q13_a07,p4,coffee,black coffee,latte,q13,a07,"Which do you find more appealing, black coffee or latte?",I lean toward black coffee.
p4_q13_a08,p4,coffee,black coffee,latte,q13,a08,"Which do you find more appealing, black coffee or latte?",I would rather have black coffee.
p4_q13_a09,p4,coffee,black coffee,latte,q13,a09,"Which do you find more appealing, black coffee or latte?",black coffee suits me better.
p4_q13_a10,p4,coffee,black coffee,latte,q13,a10,"Which do you find more appealing, black coffee or latte?",I like black coffee better.
p4_q13_a11,p4,coffee,black coffee,latte,q13,a11,"Which do you find more appealing, black coffee or latte?","Personally, I prefer black coffee."
p4_q13_a12,p4,coffee,black coffee,latte,q13,a12,"Which do you find more appealing, black coffee or latte?",I would pick black coffee.
p4_q13_a13,p4,coffee,black coffee,latte,q13,a13,"Which do you find more appealing, black coffee or latte?",I find black coffee more appealing.
p4_q13_a14,p4,coffee,black coffee,latte,q13,a14,"Which do you find more appealing, black coffee or latte?",I choose black coffee.
p4_q13_a15,p4,coffee,black coffee,latte,q13,a15,"Which do you find more appealing, black coffee or latte?",black coffee fits me better.
p4_q13_a16,p4,coffee,black coffee,latte,q13,a16,"Which do you find more appealing, black coffee or latte?",I like black coffee more overall.
p4_q13_a17,p4,coffee,black coffee,latte,q13,a17,"Which do you find more appealing, black coffee or latte?","If I must pick, it is black coffee."
p4_q13_a18,p4,coffee,black coffee,latte,q13,a18,"Which do you find more appealing, black coffee or latte?",I would go with black coffee.
p4_q13_a19,p4,coffee,black coffee,latte,q13,a19,"Which do you find more appealing, black coffee or latte?",I would decide on black coffee.
p4_q13_a20,p4,coffee,black coffee,latte,q13,a20,"Which do you find more appealing, black coffee or latte?",I favor black coffee.
p4_q14_a01,p4,coffee,black coffee,latte,q14,a01,"When choosing between black coffee and latte, which do you choose?",I prefer black coffee.
p4_q14_a02,p4,coffee,black coffee,latte,q14,a02,"When choosing between black coffee and latte, which do you choose?",I like black coffee more.
p4_q14_a03,p4,coffee,black coffee,latte,q14,a03,"When choosing between black coffee and latte, which do you choose?",I would choose black coffee.
p4_q14_a04,p4,coffee,black coffee,latte,q14,a04,"When choosing between black coffee and latte, which do you choose?",My preference is black coffee.
p4_q14_a05,p4,coffee,black coffee,latte,q14,a05,"When choosing between black coffee and latte, which do you choose?",black coffee appeals to me more.
p4_q14_a06,p4,coffee,black coffee,latte,q14,a06,"When choosing between black coffee and latte, which do you choose?",I think black coffee is better for me.
p4_q14_a07,p4,coffee,black coffee,latte,q14,a07,"When choosing between black coffee and latte, which do you choose?",I lean toward black coffee.
p4_q14_a08,p4,coffee,black coffee,latte,q14,a08,"When choosing between black coffee and latte, which do you choose?",I would rather have black coffee.
p4_q14_a09,p4,coffee,black coffee,latte,q14,a09,"When choosing between black coffee and latte, which do you choose?",black coffee suits me better.
p4_q14_a10,p4,coffee,black coffee,latte,q14,a10,"When choosing between black coffee and latte, which do you choose?",I like black coffee better.
p4_q14_a11,p4,coffee,black coffee,latte,q14,a11,"When choosing between black coffee and latte, which do you choose?","Personally, I prefer black coffee."
p4_q14_a12,p4,coffee,black coffee,latte,q14,a12,"When choosing between black coffee and latte, which do you choose?",I would pick black coffee.
p4_q14_a13,p4,coffee,black coffee,latte,q14,a13,"When choosing between black coffee and latte, which do you choose?",I find black coffee more appealing.
p4_q14_a14,p4,coffee,black coffee,latte,q14,a14,"When choosing between black coffee and latte, which do you choose?",I choose black coffee.
p4_q14_a15,p4,coffee,black coffee,latte,q14,a15,"When choosing between black coffee and latte, which do you choose?",black coffee fits me better.
p4_q14_a16,p4,coffee,black coffee,latte,q14,a16,"When choosing between black coffee and latte, which do you choose?",I like black coffee more overall.
p4_q14_a17,p4,coffee,black coffee,latte,q14,a17,"When choosing between black coffee and latte, which do you choose?","If I must pick, it is black coffee."
p4_q14_a18,p4,coffee,black coffee,latte,q14,a18,"When choosing between black coffee and latte, which do you choose?",I would go with black coffee.
p4_q14_a19,p4,coffee,black coffee,latte,q14,a19,"When choosing between black coffee and latte, which do you choose?",I would decide on black coffee.
p4_q14_a20,p4,coffee,black coffee,latte,q14,a20,"When choosing between black coffee and latte, which do you choose?",I favor black coffee.
p4_q15_a01,p4,coffee,black coffee,latte,q15,a01,"Which option do you think fits you better, black coffee or latte?",I prefer black coffee.
p4_q15_a02,p4,coffee,black coffee,latte,q15,a02,"Which option do you think fits you better, black coffee or latte?",I like black coffee more.
p4_q15_a03,p4,coffee,black coffee,latte,q15,a03,"Which option do you think fits you better, black coffee or latte?",I would choose black coffee.
p4_q15_a04,p4,coffee,black coffee,latte,q15,a04,"Which option do you think fits you better, black coffee or latte?",My preference is black coffee.
p4_q15_a05,p4,coffee,black coffee,latte,q15,a05,"Which option do you think fits you better, black coffee or latte?",black coffee appeals to me more.
p4_q15_a06,p4,coffee,black coffee,latte,q15,a06,"Which option do you think fits you better, black coffee or latte?",I think black coffee is better for me.
p4_q15_a07,p4,coffee,black coffee,latte,q15,a07,"Which option do you think fits you better, black coffee or latte?",I lean toward black coffee.
p4_q15_a08,p4,coffee,black coffee,latte,q15,a08,"Which option do you think fits you better, black coffee or latte?",I would rather have black coffee.
p4_q15_a09,p4,coffee,black coffee,latte,q15,a09,"Which option do you think fits you better, black coffee or latte?",black coffee suits me better.
p4_q15_a10,p4,coffee,black coffee,latte,q15,a10,"Which option do you think fits you better, black coffee or latte?",I like black coffee better.
p4_q15_a11,p4,coffee,black coffee,latte,q15,a11,"Which option do you think fits you better, black coffee or latte?","Personally, I prefer black coffee."
p4_q15_a12,p4,coffee,black coffee,latte,q15,a12,"Which option do you think fits you better, black coffee or latte?",I would pick black coffee.
p4_q15_a13,p4,coffee,black coffee,latte,q15,a13,"Which option do you think fits you better, black coffee or latte?",I find black coffee more appealing.
p4_q15_a14,p4,coffee,black coffee,latte,q15,a14,"Which option do you think fits you better, black coffee or latte?",I choose black coffee.
p4_q15_a15,p4,coffee,black coffee,latte,q15,a15,"Which option do you think fits you better, black coffee or latte?",black coffee fits me better.
p4_q15_a16,p4,coffee,black coffee,latte,q15,a16,"Which option do you think fits you better, black coffee or latte?",I like black coffee more overall.
p4_q15_a17,p4,coffee,black coffee,latte,q15,a17,"Which option do you think fits you better, black coffee or latte?","If I must pick, it is black coffee."
p4_q15_a18,p4,coffee,black coffee,latte,q15,a18,"Which option do you think fits you better, black coffee or latte?",I would go with black coffee.
p4_q15_a19,p4,coffee,black coffee,latte,q15,a19,"Which option do you think fits you better, black coffee or latte?",I would decide on black coffee.
p4_q15_a20,p4,coffee,black coffee,latte,q15,a20,"Which option do you think fits you better, black coffee or latte?",I favor black coffee.
p4_q16_a01,p4,coffee,black coffee,latte,q16,a01,"Out of black coffee and latte, which do you like better?",I prefer black coffee.
p4_q16_a02,p4,coffee,black coffee,latte,q16,a02,"Out of black coffee and latte, which do you like better?",I like black coffee more.
p4_q16_a03,p4,coffee,black coffee,latte,q16,a03,"Out of black coffee and latte, which do you like better?",I would choose black coffee.
p4_q16_a04,p4,coffee,black coffee,latte,q16,a04,"Out of black coffee and latte, which do you like better?",My preference is black coffee.
p4_q16_a05,p4,coffee,black coffee,latte,q16,a05,"Out of black coffee and latte, which do you like better?",black coffee appeals to me more.
p4_q16_a06,p4,coffee,black coffee,latte,q16,a06,"Out of black coffee and latte, which do you like better?",I think black coffee is better for me.
p4_q16_a07,p4,coffee,black coffee,latte,q16,a07,"Out of black coffee and latte, which do you like better?",I lean toward black coffee.
p4_q16_a08,p4,coffee,black coffee,latte,q16,a08,"Out of black coffee and latte, which do you like better?",I would rather have black coffee.
p4_q16_a09,p4,coffee,black coffee,latte,q16,a09,"Out of black coffee and latte, which do you like better?",black coffee suits me better.
p4_q16_a10,p4,coffee,black coffee,latte,q16,a10,"Out of black coffee and latte, which do you like better?",I like black coffee better.
p4_q16_a11,p4,coffee,black coffee,latte,q16,a11,"Out of black coffee and latte, which do you like better?","Personally, I prefer black coffee."
p4_q16_a12,p4,coffee,black coffee,latte,q16,a12,"Out of black coffee and latte, which do you like better?",I would pick black coffee.
p4_q16_a13,p4,coffee,black coffee,latte,q16,a13,"Out of black coffee and latte, which do you like better?",I find black coffee more appealing.
p4_q16_a14,p4,coffee,black coffee,latte,q16,a14,"Out of black coffee and latte, which do you like better?",I choose black coffee.
p4_q16_a15,p4,coffee,black coffee,latte,q16,a15,"Out of black coffee and latte, which do you like better?",black coffee fits me better.
p4_q16_a16,p4,coffee,black coffee,latte,q16,a16,"Out of black coffee and latte, which do you like better?",I like black coffee more overall.
p4_q16_a17,p4,coffee,black coffee,latte,q16,a17,"Out of black coffee and latte, which do you like better?","If I must pick, it is black coffee."
p4_q16_a18,p4,coffee,black coffee,latte,q16,a18,"Out of black coffee and latte, which do you like better?",I would go with black coffee.
p4_q16_a19,p4,coffee,black coffee,latte,q16,a19,"Out of black coffee and latte, which do you like better?",I would decide on black coffee.
p4_q16_a20,p4,coffee,black coffee,latte,q16,a20,"Out of black coffee and latte, which do you like better?",I favor black coffee.
p4_q17_a01,p4,coffee,black coffee,latte,q17,a01,Do you have a preference between black coffee and latte?,I prefer black coffee.
p4_q17_a02,p4,coffee,black coffee,latte,q17,a02,Do you have a preference between black coffee and latte?,I like black coffee more.
p4_q17_a03,p4,coffee,black coffee,latte,q17,a03,Do you have a preference between black coffee and latte?,I would choose black coffee.
p4_q17_a04,p4,coffee,black coffee,latte,q17,a04,Do you have a preference between black coffee and latte?,My preference is black coffee.
p4_q17_a05,p4,coffee,black coffee,latte,q17,a05,Do you have a preference between black coffee and latte?,black coffee appeals to me more.
p4_q17_a06,p4,coffee,black coffee,latte,q17,a06,Do you have a preference between black coffee and latte?,I think black coffee is better for me.
p4_q17_a07,p4,coffee,black coffee,latte,q17,a07,Do you have a preference between black coffee and latte?,I lean toward black coffee.
p4_q17_a08,p4,coffee,black coffee,latte,q17,a08,Do you have a preference between black coffee and latte?,I would rather have black coffee.
p4_q17_a09,p4,coffee,black coffee,latte,q17,a09,Do you have a preference between black coffee and latte?,black coffee suits me better.
p4_q17_a10,p4,coffee,black coffee,latte,q17,a10,Do you have a preference between black coffee and latte?,I like black coffee better.
p4_q17_a11,p4,coffee,black coffee,latte,q17,a11,Do you have a preference between black coffee and latte?,"Personally, I prefer black coffee."
p4_q17_a12,p4,coffee,black coffee,latte,q17,a12,Do you have a preference between black coffee and latte?,I would pick black coffee.
p4_q17_a13,p4,coffee,black coffee,latte,q17,a13,Do you have a preference between black coffee and latte?,I find black coffee more appealing.
p4_q17_a14,p4,coffee,black coffee,latte,q17,a14,Do you have a preference between black coffee and latte?,I choose black coffee.
p4_q17_a15,p4,coffee,black coffee,latte,q17,a15,Do you have a preference between black coffee and latte?,black coffee fits me better.
p4_q17_a16,p4,coffee,black coffee,latte,q17,a16,Do you have a preference between black coffee and latte?,I like black coffee more overall.
p4_q17_a17,p4,coffee,black coffee,latte,q17,a17,Do you have a preference between black coffee and latte?,"If I must pick, it is black coffee."
p4_q17_a18,p4,coffee,black coffee,latte,q17,a18,Do you have a preference between black coffee and latte?,I would go with black coffee.
p4_q17_a19,p4,coffee,black coffee,latte,q17,a19,Do you have a preference between black coffee and latte?,I would decide on black coffee.
p4_q17_a20,p4,coffee,black coffee,latte,q17,a20,Do you have a preference between black coffee and latte?,I favor black coffee.
p4_q18_a01,p4,coffee,black coffee,latte,q18,a01,"Which one would you go with, black coffee or latte?",I prefer black coffee.
p4_q18_a02,p4,coffee,black coffee,latte,q18,a02,"Which one would you go with, black coffee or latte?",I like black coffee more.
p4_q18_a03,p4,coffee,black coffee,latte,q18,a03,"Which one would you go with, black coffee or latte?",I would choose black coffee.
p4_q18_a04,p4,coffee,black coffee,latte,q18,a04,"Which one would you go with, black coffee or latte?",My preference is black coffee.
p4_q18_a05,p4,coffee,black coffee,latte,q18,a05,"Which one would you go with, black coffee or latte?",black coffee appeals to me more.
p4_q18_a06,p4,coffee,black coffee,latte,q18,a06,"Which one would you go with, black coffee or latte?",I think black coffee is better for me.
p4_q18_a07,p4,coffee,black coffee,latte,q18,a07,"Which one would you go with, black coffee or latte?",I lean toward black coffee.
p4_q18_a08,p4,coffee,black coffee,latte,q18,a08,"Which one would you go with, black coffee or latte?",I would rather have black coffee.
p4_q18_a09,p4,coffee,black coffee,latte,q18,a09,"Which one would you go with, black coffee or latte?",black coffee suits me better.
p4_q18_a10,p4,coffee,black coffee,latte,q18,a10,"Which one would you go with, black coffee or latte?",I like black coffee better.
p4_q18_a11,p4,coffee,black coffee,latte,q18,a11,"Which one would you go with, black coffee or latte?","Personally, I prefer black coffee."
p4_q18_a12,p4,coffee,black coffee,latte,q18,a12,"Which one would you go with, black coffee or latte?",I would pick black coffee.
p4_q18_a13,p4,coffee,black coffee,latte,q18,a13,"Which one would you go with, black coffee or latte?",I find black coffee more appealing.
p4_q18_a14,p4,coffee,black coffee,latte,q18,a14,"Which one would you go with, black coffee or latte?",I choose black coffee.
p4_q18_a15,p4,coffee,black coffee,latte,q18,a15,"Which one would you go with, black coffee or latte?",black coffee fits me better.
p4_q18_a16,p4,coffee,black coffee,latte,q18,a16,"Which one would you go with, black coffee or latte?",I like black coffee more overall.
p4_q18_a17,p4,coffee,black coffee,latte,q18,a17,"Which one would you go with, black coffee or latte?","If I must pick, it is black coffee."
p4_q18_a18,p4,coffee,black coffee,latte,q18,a18,"Which one would you go with, black coffee or latte?",I would go with black coffee.
p4_q18_a19,p4,coffee,black coffee,latte,q18,a19,"Which one would you go with, black coffee or latte?",I would decide on black coffee.
p4_q18_a20,p4,coffee,black coffee,latte,q18,a20,"Which one would you go with, black coffee or latte?",I favor black coffee.
p4_q19_a01,p4,coffee,black coffee,latte,q19,a01,"If you were to decide between black coffee and latte, which would it be?",I prefer black coffee.
p4_q19_a02,p4,coffee,black coffee,latte,q19,a02,"If you were to decide between black coffee and latte, which would it be?",I like black coffee more.
p4_q19_a03,p4,coffee,black coffee,latte,q19,a03,"If you were to decide between black coffee and latte, which would it be?",I would choose black coffee.
p4_q19_a04,p4,coffee,black coffee,latte,q19,a04,"If you were to decide between black coffee and latte, which would it be?",My preference is black coffee.
p4_q19_a05,p4,coffee,black coffee,latte,q19,a05,"If you were to decide between black coffee and latte, which would it be?",black coffee appeals to me more.
p4_q19_a06,p4,coffee,black coffee,latte,q19,a06,"If you were to decide between black coffee and latte, which would it be?",I think black coffee is better for me.
p4_q19_a07,p4,coffee,black coffee,latte,q19,a07,"If you were to decide between black coffee and latte, which would it be?",I lean toward black coffee.
p4_q19_a08,p4,coffee,black coffee,latte,q19,a08,"If you were to decide between black coffee and latte, which would it be?",I would rather have black coffee.
p4_q19_a09,p4,coffee,black coffee,latte,q19,a09,"If you were to decide between black coffee and latte, which would it be?",black coffee suits me better.
p4_q19_a10,p4,coffee,black coffee,latte,q19,a10,"If you were to decide between black coffee and latte, which would it be?",I like black coffee better.
p4_q19_a11,p4,coffee,black coffee,latte,q19,a11,"If you were to decide between black coffee and latte, which would it be?","Personally, I prefer black coffee."
p4_q19_a12,p4,coffee,black coffee,latte,q19,a12,"If you were to decide between black coffee and latte, which would it be?",I would pick black coffee.
p4_q19_a13,p4,coffee,black coffee,latte,q19,a13,"If you were to decide between black coffee and latte, which would it be?",I find black coffee more appealing.
p4_q19_a14,p4,coffee,black coffee,latte,q19,a14,"If you were to decide between black coffee and latte, which would it be?",I choose black coffee.
p4_q19_a15,p4,coffee,black coffee,latte,q19,a15,"If you were to decide between black coffee and latte, which would it be?",black coffee fits me better.
p4_q19_a16,p4,coffee,black coffee,latte,q19,a16,"If you were to decide between black coffee and latte, which would it be?",I like black coffee more overall.
p4_q19_a17,p4,coffee,black coffee,latte,q19,a17,"If you were to decide between black coffee and latte, which would it be?","If I must pick, it is black coffee."
p4_q19_a18,p4,coffee,black coffee,latte,q19,a18,"If you were to decide between black coffee and latte, which would it be?",I would go with black coffee.
p4_q19_a19,p4,coffee,black coffee,latte,q19,a19,"If you were to decide between black coffee and latte, which would it be?",I would decide on black coffee.
p4_q19_a20,p4,coffee,black coffee,latte,q19,a20,"If you were to decide between black coffee and latte, which would it be?",I favor black coffee.
p4_q20_a01,p4,coffee,black coffee,latte,q20,a01,"Which of the two do you favor more, black coffee or latte?",I prefer black coffee.
p4_q20_a02,p4,coffee,black coffee,latte,q20,a02,"Which of the two do you favor more, black coffee or latte?",I like black coffee more.
p4_q20_a03,p4,coffee,black coffee,latte,q20,a03,"Which of the two do you favor more, black coffee or latte?",I would choose black coffee.
p4_q20_a04,p4,coffee,black coffee,latte,q20,a04,"Which of the two do you favor more, black coffee or latte?",My preference is black coffee.
p4_q20_a05,p4,coffee,black coffee,latte,q20,a05,"Which of the two do you favor more, black coffee or latte?",black coffee appeals to me more.
p4_q20_a06,p4,coffee,black coffee,latte,q20,a06,"Which of the two do you favor more, black coffee or latte?",I think black coffee is better for me.
p4_q20_a07,p4,coffee,black coffee,latte,q20,a07,"Which of the two do you favor more, black coffee or latte?",I lean toward black coffee.
p4_q20_a08,p4,coffee,black coffee,latte,q20,a08,"Which of the two do you favor more, black coffee or latte?",I would rather have black coffee.
p4_q20_a09,p4,coffee,black coffee,latte,q20,a09,"Which of the two do you favor more, black coffee or latte?",black coffee suits me better.
p4_q20_a10,p4,coffee,black coffee,latte,q20,a10,"Which of the two do you favor more, black coffee or latte?",I like black coffee better.
p4_q20_a11,p4,coffee,black coffee,latte,q20,a11,"Which of the two do you favor more, black coffee or latte?","Personally, I prefer black coffee."
p4_q20_a12,p4,coffee,black coffee,latte,q20,a12,"Which of the two do you favor more, black coffee or latte?",I would pick black coffee.
p4_q20_a13,p4,coffee,black coffee,latte,q20,a13,"Which of the two do you favor more, black coffee or latte?",I find black coffee more appealing.
p4_q20_a14,p4,coffee,black coffee,latte,q20,a14,"Which of the two do you favor more, black coffee or latte?",I choose black coffee.
p4_q20_a15,p4,coffee,black coffee,latte,q20,a15,"Which of the two do you favor more, black coffee or latte?",black coffee fits me better.
p4_q20_a16,p4,coffee,black coffee,latte,q20,a16,"Which of the two do you favor more, black coffee or latte?",I like black coffee more overall.
p4_q20_a17,p4,coffee,black coffee,latte,q20,a17,"Which of the two do you favor more, black coffee or latte?","If I must pick, it is black coffee."
p4_q20_a18,p4,coffee,black coffee,latte,q20,a18,"Which of the two do you favor more, black coffee or latte?",I would go with black coffee.
p4_q20_a19,p4,coffee,black coffee,latte,q20,a19,"Which of the two do you favor more, black coffee or latte?",I would decide on black coffee.
p4_q20_a20,p4,coffee,black coffee,latte,q20,a20,"Which of the two do you favor more, black coffee or latte?",I favor black coffee.
p5_q01_a01,p5,spice,extreme heat,mild,q01,a01,"Which do you like more, extreme heat or mild?",I prefer extreme heat.
p5_q01_a02,p5,spice,extreme heat,mild,q01,a02,"Which do you like more, extreme heat or mild?",I like extreme heat more.
p5_q01_a03,p5,spice,extreme heat,mild,q01,a03,"Which do you like more, extreme heat or mild?",I would choose extreme heat.
p5_q01_a04,p5,spice,extreme heat,mild,q01,a04,"Which do you like more, extreme heat or mild?",My preference is extreme heat.
p5_q01_a05,p5,spice,extreme heat,mild,q01,a05,"Which do you like more, extreme heat or mild?",extreme heat appeals to me more.
p5_q01_a06,p5,spice,extreme heat,mild,q01,a06,"Which do you like more, extreme heat or mild?",I think extreme heat is better for me.
p5_q01_a07,p5,spice,extreme heat,mild,q01,a07,"Which do you like more, extreme heat or mild?",I lean toward extreme heat.
p5_q01_a08,p5,spice,extreme heat,mild,q01,a08,"Which do you like more, extreme heat or mild?",I would rather have extreme heat.
p5_q01_a09,p5,spice,extreme heat,mild,q01,a09,"Which do you like more, extreme heat or mild?",extreme heat suits me better.
p5_q01_a10,p5,spice,extreme heat,mild,q01,a10,"Which do you like more, extreme heat or mild?",I like extreme heat better.
p5_q01_a11,p5,spice,extreme heat,mild,q01,a11,"Which do you like more, extreme heat or mild?","Personally, I prefer extreme heat."
p5_q01_a12,p5,spice,extreme heat,mild,q01,a12,"Which do you like more, extreme heat or mild?",I would pick extreme heat.
p5_q01_a13,p5,spice,extreme heat,mild,q01,a13,"Which do you like more, extreme heat or mild?",I find extreme heat more appealing.
p5_q01_a14,p5,spice,extreme heat,mild,q01,a14,"Which do you like more, extreme heat or mild?",I choose extreme heat.
p5_q01_a15,p5,spice,extreme heat,mild,q01,a15,"Which do you like more, extreme heat or mild?",extreme heat fits me better.
p5_q01_a16,p5,spice,extreme heat,mild,q01,a16,"Which do you like more, extreme heat or mild?",I like extreme heat more overall.
p5_q01_a17,p5,spice,extreme heat,mild,q01,a17,"Which do you like more, extreme heat or mild?","If I must pick, it is extreme heat."
p5_q01_a18,p5,spice,extreme heat,mild,q01,a18,"Which do you like more, extreme heat or mild?",I would go with extreme heat.
p5_q01_a19,p5,spice,extreme heat,mild,q01,a19,"Which do you like more, extreme heat or mild?",I would decide on extreme heat.
p5_q01_a20,p5,spice,extreme heat,mild,q01,a20,"Which do you like more, extreme heat or mild?",I favor extreme heat.
p5_q02_a01,p5,spice,extreme heat,mild,q02,a01,"Between extreme heat and mild, which one do you prefer?",I prefer extreme heat.
p5_q02_a02,p5,spice,extreme heat,mild,q02,a02,"Between extreme heat and mild, which one do you prefer?",I like extreme heat more.
p5_q02_a03,p5,spice,extreme heat,mild,q02,a03,"Between extreme heat and mild, which one do you prefer?",I would choose extreme heat.
p5_q02_a04,p5,spice,extreme heat,mild,q02,a04,"Between extreme heat and mild, which one do you prefer?",My preference is extreme heat.
p5_q02_a05,p5,spice,extreme heat,mild,q02,a05,"Between extreme heat and mild, which one do you prefer?",extreme heat appeals to me more.
p5_q02_a06,p5,spice,extreme heat,mild,q02,a06,"Between extreme heat and mild, which one do you prefer?",I think extreme heat is better for me.
p5_q02_a07,p5,spice,extreme heat,mild,q02,a07,"Between extreme heat and mild, which one do you prefer?",I lean toward extreme heat.
p5_q02_a08,p5,spice,extreme heat,mild,q02,a08,"Between extreme heat and mild, which one do you prefer?",I would rather have extreme heat.
p5_q02_a09,p5,spice,extreme heat,mild,q02,a09,"Between extreme heat and mild, which one do you prefer?",extreme heat suits me better.
p5_q02_a10,p5,spice,extreme heat,mild,q02,a10,"Between extreme heat and mild, which one do you prefer?",I like extreme heat better.
p5_q02_a11,p5,spice,extreme heat,mild,q02,a11,"Between extreme heat and mild, which one do you prefer?","Personally, I prefer extreme heat."
p5_q02_a12,p5,spice,extreme heat,mild,q02,a12,"Between extreme heat and mild, which one do you prefer?",I would pick extreme heat.
p5_q02_a13,p5,spice,extreme heat,mild,q02,a13,"Between extreme heat and mild, which one do you prefer?",I find extreme heat more appealing.
p5_q02_a14,p5,spice,extreme heat,mild,q02,a14,"Between extreme heat and mild, which one do you prefer?",I choose extreme heat.
p5_q02_a15,p5,spice,extreme heat,mild,q02,a15,"Between extreme heat and mild, which one do you prefer?",extreme heat fits me better.
p5_q02_a16,p5,spice,extreme heat,mild,q02,a16,"Between extreme heat and mild, which one do you prefer?",I like extreme heat more overall.
p5_q02_a17,p5,spice,extreme heat,mild,q02,a17,"Between extreme heat and mild, which one do you prefer?","If I must pick, it is extreme heat."
p5_q02_a18,p5,spice,extreme heat,mild,q02,a18,"Between extreme heat and mild, which one do you prefer?",I would go with extreme heat.
p5_q02_a19,p5,spice,extreme heat,mild,q02,a19,"Between extreme heat and mild, which one do you prefer?",I would decide on extreme heat.
p5_q02_a20,p5,spice,extreme heat,mild,q02,a20,"Between extreme heat and mild, which one do you prefer?",I favor extreme heat.
p5_q03_a01,p5,spice,extreme heat,mild,q03,a01,"If you had to choose, extreme heat or mild?",I prefer extreme heat.
p5_q03_a02,p5,spice,extreme heat,mild,q03,a02,"If you had to choose, extreme heat or mild?",I like extreme heat more.
p5_q03_a03,p5,spice,extreme heat,mild,q03,a03,"If you had to choose, extreme heat or mild?",I would choose extreme heat.
p5_q03_a04,p5,spice,extreme heat,mild,q03,a04,"If you had to choose, extreme heat or mild?",My preference is extreme heat.
p5_q03_a05,p5,spice,extreme heat,mild,q03,a05,"If you had to choose, extreme heat or mild?",extreme heat appeals to me more.
p5_q03_a06,p5,spice,extreme heat,mild,q03,a06,"If you had to choose, extreme heat or mild?",I think extreme heat is better for me.
p5_q03_a07,p5,spice,extreme heat,mild,q03,a07,"If you had to choose, extreme heat or mild?",I lean toward extreme heat.
p5_q03_a08,p5,spice,extreme heat,mild,q03,a08,"If you had to choose, extreme heat or mild?",I would rather have extreme heat.
p5_q03_a09,p5,spice,extreme heat,mild,q03,a09,"If you had to choose, extreme heat or mild?",extreme heat suits me better.
p5_q03_a10,p5,spice,extreme heat,mild,q03,a10,"If you had to choose, extreme heat or mild?",I like extreme heat better.
p5_q03_a11,p5,spice,extreme heat,mild,q03,a11,"If you had to choose, extreme heat or mild?","Personally, I prefer extreme heat."
p5_q03_a12,p5,spice,extreme heat,mild,q03,a12,"If you had to choose, extreme heat or mild?",I would pick extreme heat.
p5_q03_a13,p5,spice,extreme heat,mild,q03,a13,"If you had to choose, extreme heat or mild?",I find extreme heat more appealing.
p5_q03_a14,p5,spice,extreme heat,mild,q03,a14,"If you had to choose, extreme heat or mild?",I choose extreme heat.
p5_q03_a15,p5,spice,extreme heat,mild,q03,a15,"If you had to choose, extreme heat or mild?",extreme heat fits me better.
p5_q03_a16,p5,spice,extreme heat,mild,q03,a16,"If you had to choose, extreme heat or mild?",I like extreme heat more overall.
p5_q03_a17,p5,spice,extreme heat,mild,q03,a17,"If you had to choose, extreme heat or mild?","If I must pick, it is extreme heat."
p5_q03_a18,p5,spice,extreme heat,mild,q03,a18,"If you had to choose, extreme heat or mild?",I would go with extreme heat.
p5_q03_a19,p5,spice,extreme heat,mild,q03,a19,"If you had to choose, extreme heat or mild?",I would decide on extreme heat.
p5_q03_a20,p5,spice,extreme heat,mild,q03,a20,"If you had to choose, extreme heat or mild?",I favor extreme heat.
p5_q04_a01,p5,spice,extreme heat,mild,q04,a01,Do you favor extreme heat over mild?,I prefer extreme heat.
p5_q04_a02,p5,spice,extreme heat,mild,q04,a02,Do you favor extreme heat over mild?,I like extreme heat more.
p5_q04_a03,p5,spice,extreme heat,mild,q04,a03,Do you favor extreme heat over mild?,I would choose extreme heat.
p5_q04_a04,p5,spice,extreme heat,mild,q04,a04,Do you favor extreme heat over mild?,My preference is extreme heat.
p5_q04_a05,p5,spice,extreme heat,mild,q04,a05,Do you favor extreme heat over mild?,extreme heat appeals to me more.
p5_q04_a06,p5,spice,extreme heat,mild,q04,a06,Do you favor extreme heat over mild?,I think extreme heat is better for me.
p5_q04_a07,p5,spice,extreme heat,mild,q04,a07,Do you favor extreme heat over mild?,I lean toward extreme heat.
p5_q04_a08,p5,spice,extreme heat,mild,q04,a08,Do you favor extreme heat over mild?,I would rather have extreme heat.
p5_q04_a09,p5,spice,extreme heat,mild,q04,a09,Do you favor extreme heat over mild?,extreme heat suits me better.
p5_q04_a10,p5,spice,extreme heat,mild,q04,a10,Do you favor extreme heat over mild?,I like extreme heat better.
p5_q04_a11,p5,spice,extreme heat,mild,q04,a11,Do you favor extreme heat over mild?,"Personally, I prefer extreme heat."
p5_q04_a12,p5,spice,extreme heat,mild,q04,a12,Do you favor extreme heat over mild?,I would pick extreme heat.
p5_q04_a13,p5,spice,extreme heat,mild,q04,a13,Do you favor extreme heat over mild?,I find extreme heat more appealing.
p5_q04_a14,p5,spice,extreme heat,mild,q04,a14,Do you favor extreme heat over mild?,I choose extreme heat.
p5_q04_a15,p5,spice,extreme heat,mild,q04,a15,Do you favor extreme heat over mild?,extreme heat fits me better.
p5_q04_a16,p5,spice,extreme heat,mild,q04,a16,Do you favor extreme heat over mild?,I like extreme heat more overall.
p5_q04_a17,p5,spice,extreme heat,mild,q04,a17,Do you favor extreme heat over mild?,"If I must pick, it is extreme heat."
p5_q04_a18,p5,spice,extreme heat,mild,q04,a18,Do you favor extreme heat over mild?,I would go with extreme heat.
p5_q04_a19,p5,spice,extreme heat,mild,q04,a19,Do you favor extreme heat over mild?,I would decide on extreme heat.
p5_q04_a20,p5,spice,extreme heat,mild,q04,a20,Do you favor extreme heat over mild?,I favor extreme heat.
p5_q05_a01,p5,spice,extreme heat,mild,q05,a01,"Which option appeals to you more, extreme heat or mild?",I prefer extreme heat.
p5_q05_a02,p5,spice,extreme heat,mild,q05,a02,"Which option appeals to you more, extreme heat or mild?",I like extreme heat more.
p5_q05_a03,p5,spice,extreme heat,mild,q05,a03,"Which option appeals to you more, extreme heat or mild?",I would choose extreme heat.
p5_q05_a04,p5,spice,extreme heat,mild,q05,a04,"Which option appeals to you more, extreme heat or mild?",My preference is extreme heat.
p5_q05_a05,p5,spice,extreme heat,mild,q05,a05,"Which option appeals to you more, extreme heat or mild?",extreme heat appeals to me more.
p5_q05_a06,p5,spice,extreme heat,mild,q05,a06,"Which option appeals to you more, extreme heat or mild?",I think extreme heat is better for me.
p5_q05_a07,p5,spice,extreme heat,mild,q05,a07,"Which option appeals to you more, extreme heat or mild?",I lean toward extreme heat.
p5_q05_a08,p5,spice,extreme heat,mild,q05,a08,"Which option appeals to you more, extreme heat or mild?",I would rather have extreme heat.
p5_q05_a09,p5,spice,extreme heat,mild,q05,a09,"Which option appeals to you more, extreme heat or mild?",extreme heat suits me better.
p5_q05_a10,p5,spice,extreme heat,mild,q05,a10,"Which option appeals to you more, extreme heat or mild?",I like extreme heat better.
p5_q05_a11,p5,spice,extreme heat,mild,q05,a11,"Which option appeals to you more, extreme heat or mild?","Personally, I prefer extreme heat."
p5_q05_a12,p5,spice,extreme heat,mild,q05,a12,"Which option appeals to you more, extreme heat or mild?",I would pick extreme heat.
p5_q05_a13,p5,spice,extreme heat,mild,q05,a13,"Which option appeals to you more, extreme heat or mild?",I find extreme heat more appealing.
p5_q05_a14,p5,spice,extreme heat,mild,q05,a14,"Which option appeals to you more, extreme heat or mild?",I choose extreme heat.
p5_q05_a15,p5,spice,extreme heat,mild,q05,a15,"Which option appeals to you more, extreme heat or mild?",extreme heat fits me better.
p5_q05_a16,p5,spice,extreme heat,mild,q05,a16,"Which option appeals to you more, extreme heat or mild?",I like extreme heat more overall.
p5_q05_a17,p5,spice,extreme heat,mild,q05,a17,"Which option appeals to you more, extreme heat or mild?","If I must pick, it is extreme heat."
p5_q05_a18,p5,spice,extreme heat,mild,q05,a18,"Which option appeals to you more, extreme heat or mild?",I would go with extreme heat.
p5_q05_a19,p5,spice,extreme heat,mild,q05,a19,"Which option appeals to you more, extreme heat or mild?",I would decide on extreme heat.
p5_q05_a20,p5,spice,extreme heat,mild,q05,a20,"Which option appeals to you more, extreme heat or mild?",I favor extreme heat.
p5_q06_a01,p5,spice,extreme heat,mild,q06,a01,"Which do you think is better, extreme heat or mild?",I prefer extreme heat.
p5_q06_a02,p5,spice,extreme heat,mild,q06,a02,"Which do you think is better, extreme heat or mild?",I like extreme heat more.
p5_q06_a03,p5,spice,extreme heat,mild,q06,a03,"Which do you think is better, extreme heat or mild?",I would choose extreme heat.
p5_q06_a04,p5,spice,extreme heat,mild,q06,a04,"Which do you think is better, extreme heat or mild?",My preference is extreme heat.
p5_q06_a05,p5,spice,extreme heat,mild,q06,a05,"Which do you think is better, extreme heat or mild?",extreme heat appeals to me more.
p5_q06_a06,p5,spice,extreme heat,mild,q06,a06,"Which do you think is better, extreme heat or mild?",I think extreme heat is better for me.
p5_q06_a07,p5,spice,extreme heat,mild,q06,a07,"Which do you think is better, extreme heat or mild?",I lean toward extreme heat.
p5_q06_a08,p5,spice,extreme heat,mild,q06,a08,"Which do you think is better, extreme heat or mild?",I would rather have extreme heat.
p5_q06_a09,p5,spice,extreme heat,mild,q06,a09,"Which do you think is better, extreme heat or mild?",extreme heat suits me better.
p5_q06_a10,p5,spice,extreme heat,mild,q06,a10,"Which do you think is better, extreme heat or mild?",I like extreme heat better.
p5_q06_a11,p5,spice,extreme heat,mild,q06,a11,"Which do you think is better, extreme heat or mild?","Personally, I prefer extreme heat."
p5_q06_a12,p5,spice,extreme heat,mild,q06,a12,"Which do you think is better, extreme heat or mild?",I would pick extreme heat.
p5_q06_a13,p5,spice,extreme heat,mild,q06,a13,"Which do you think is better, extreme heat or mild?",I find extreme heat more appealing.
p5_q06_a14,p5,spice,extreme heat,mild,q06,a14,"Which do you think is better, extreme heat or mild?",I choose extreme heat.
p5_q06_a15,p5,spice,extreme heat,mild,q06,a15,"Which do you think is better, extreme heat or mild?",extreme heat fits me better.
p5_q06_a16,p5,spice,extreme heat,mild,q06,a16,"Which do you think is better, extreme heat or mild?",I like extreme heat more overall.
p5_q06_a17,p5,spice,extreme heat,mild,q06,a17,"Which do you think is better, extreme heat or mild?","If I must pick, it is extreme heat."
p5_q06_a18,p5,spice,extreme heat,mild,q06,a18,"Which do you think is better, extreme heat or mild?",I would go with extreme heat.
p5_q06_a19,p5,spice,extreme heat,mild,q06,a19,"Which do you think is better, extreme heat or mild?",I would decide on extreme heat.
p5_q06_a20,p5,spice,extreme heat,mild,q06,a20,"Which do you think is better, extreme heat or mild?",I favor extreme heat.
p5_q07_a01,p5,spice,extreme heat,mild,q07,a01,"If you compare extreme heat with mild, which do you lean toward?",I prefer extreme heat.
p5_q07_a02,p5,spice,extreme heat,mild,q07,a02,"If you compare extreme heat with mild, which do you lean toward?",I like extreme heat more.
p5_q07_a03,p5,spice,extreme heat,mild,q07,a03,"If you compare extreme heat with mild, which do you lean toward?",I would choose extreme heat.
p5_q07_a04,p5,spice,extreme heat,mild,q07,a04,"If you compare extreme heat with mild, which do you lean toward?",My preference is extreme heat.
p5_q07_a05,p5,spice,extreme heat,mild,q07,a05,"If you compare extreme heat with mild, which do you lean toward?",extreme heat appeals to me more.
p5_q07_a06,p5,spice,extreme heat,mild,q07,a06,"If you compare extreme heat with mild, which do you lean toward?",I think extreme heat is better for me.
p5_q07_a07,p5,spice,extreme heat,mild,q07,a07,"If you compare extreme heat with mild, which do you lean toward?",I lean toward extreme heat.
p5_q07_a08,p5,spice,extreme heat,mild,q07,a08,"If you compare extreme heat with mild, which do you lean toward?",I would rather have extreme heat.
p5_q07_a09,p5,spice,extreme heat,mild,q07,a09,"If you compare extreme heat with mild, which do you lean toward?",extreme heat suits me better.
p5_q07_a10,p5,spice,extreme heat,mild,q07,a10,"If you compare extreme heat with mild, which do you lean toward?",I like extreme heat better.
p5_q07_a11,p5,spice,extreme heat,mild,q07,a11,"If you compare extreme heat with mild, which do you lean toward?","Personally, I prefer extreme heat."
p5_q07_a12,p5,spice,extreme heat,mild,q07,a12,"If you compare extreme heat with mild, which do you lean toward?",I would pick extreme heat.
p5_q07_a13,p5,spice,extreme heat,mild,q07,a13,"If you compare extreme heat with mild, which do you lean toward?",I find extreme heat more appealing.
p5_q07_a14,p5,spice,extreme heat,mild,q07,a14,"If you compare extreme heat with mild, which do you lean toward?",I choose extreme heat.
p5_q07_a15,p5,spice,extreme heat,mild,q07,a15,"If you compare extreme heat with mild, which do you lean toward?",extreme heat fits me better.
p5_q07_a16,p5,spice,extreme heat,mild,q07,a16,"If you compare extreme heat with mild, which do you lean toward?",I like extreme heat more overall.
p5_q07_a17,p5,spice,extreme heat,mild,q07,a17,"If you compare extreme heat with mild, which do you lean toward?","If I must pick, it is extreme heat."
p5_q07_a18,p5,spice,extreme heat,mild,q07,a18,"If you compare extreme heat with mild, which do you lean toward?",I would go with extreme heat.
p5_q07_a19,p5,spice,extreme heat,mild,q07,a19,"If you compare extreme heat with mild, which do you lean toward?",I would decide on extreme heat.
p5_q07_a20,p5,spice,extreme heat,mild,q07,a20,"If you compare extreme heat with mild, which do you lean toward?",I favor extreme heat.
p5_q08_a01,p5,spice,extreme heat,mild,q08,a01,"Which would you rather have, extreme heat or mild?",I prefer extreme heat.
p5_q08_a02,p5,spice,extreme heat,mild,q08,a02,"Which would you rather have, extreme heat or mild?",I like extreme heat more.
p5_q08_a03,p5,spice,extreme heat,mild,q08,a03,"Which would you rather have, extreme heat or mild?",I would choose extreme heat.
p5_q08_a04,p5,spice,extreme heat,mild,q08,a04,"Which would you rather have, extreme heat or mild?",My preference is extreme heat.
p5_q08_a05,p5,spice,extreme heat,mild,q08,a05,"Which would you rather have, extreme heat or mild?",extreme heat appeals to me more.
p5_q08_a06,p5,spice,extreme heat,mild,q08,a06,"Which would you rather have, extreme heat or mild?",I think extreme heat is better for me.
p5_q08_a07,p5,spice,extreme heat,mild,q08,a07,"Which would you rather have, extreme heat or mild?",I lean toward extreme heat.
p5_q08_a08,p5,spice,extreme heat,mild,q08,a08,"Which would you rather have, extreme heat or mild?",I would rather have extreme heat.
p5_q08_a09,p5,spice,extreme heat,mild,q08,a09,"Which would you rather have, extreme heat or mild?",extreme heat suits me better.
p5_q08_a10,p5,spice,extreme heat,mild,q08,a10,"Which would you rather have, extreme heat or mild?",I like extreme heat better.
p5_q08_a11,p5,spice,extreme heat,mild,q08,a11,"Which would you rather have, extreme heat or mild?","Personally, I prefer extreme heat."
p5_q08_a12,p5,spice,extreme heat,mild,q08,a12,"Which would you rather have, extreme heat or mild?",I would pick extreme heat.
p5_q08_a13,p5,spice,extreme heat,mild,q08,a13,"Which would you rather have, extreme heat or mild?",I find extreme heat more appealing.
p5_q08_a14,p5,spice,extreme heat,mild,q08,a14,"Which would you rather have, extreme heat or mild?",I choose extreme heat.
p5_q08_a15,p5,spice,extreme heat,mild,q08,a15,"Which would you rather have, extreme heat or mild?",extreme heat fits me better.
p5_q08_a16,p5,spice,extreme heat,mild,q08,a16,"Which would you rather have, extreme heat or mild?",I like extreme heat more overall.
p5_q08_a17,p5,spice,extreme heat,mild,q08,a17,"Which would you rather have, extreme heat or mild?","If I must pick, it is extreme heat."
p5_q08_a18,p5,spice,extreme heat,mild,q08,a18,"Which would you rather have, extreme heat or mild?",I would go with extreme heat.
p5_q08_a19,p5,spice,extreme heat,mild,q08,a19,"Which would you rather have, extreme heat or mild?",I would decide on extreme heat.
p5_q08_a20,p5,spice,extreme heat,mild,q08,a20,"Which would you rather have, extreme heat or mild?",I favor extreme heat.
p5_q09_a01,p5,spice,extreme heat,mild,q09,a01,"Between extreme heat and mild, which one suits you better?",I prefer extreme heat.
p5_q09_a02,p5,spice,extreme heat,mild,q09,a02,"Between extreme heat and mild, which one suits you better?",I like extreme heat more.
p5_q09_a03,p5,spice,extreme heat,mild,q09,a03,"Between extreme heat and mild, which one suits you better?",I would choose extreme heat.
p5_q09_a04,p5,spice,extreme heat,mild,q09,a04,"Between extreme heat and mild, which one suits you better?",My preference is extreme heat.
p5_q09_a05,p5,spice,extreme heat,mild,q09,a05,"Between extreme heat and mild, which one suits you better?",extreme heat appeals to me more.
p5_q09_a06,p5,spice,extreme heat,mild,q09,a06,"Between extreme heat and mild, which one suits you better?",I think extreme heat is better for me.
p5_q09_a07,p5,spice,extreme heat,mild,q09,a07,"Between extreme heat and mild, which one suits you better?",I lean toward extreme heat.
p5_q09_a08,p5,spice,extreme heat,mild,q09,a08,"Between extreme heat and mild, which one suits you better?",I would rather have extreme heat.
p5_q09_a09,p5,spice,extreme heat,mild,q09,a09,"Between extreme heat and mild, which one suits you better?",extreme heat suits me better.
p5_q09_a10,p5,spice,extreme heat,mild,q09,a10,"Between extreme heat and mild, which one suits you better?",I like extreme heat better.
p5_q09_a11,p5,spice,extreme heat,mild,q09,a11,"Between extreme heat and mild, which one suits you better?","Personally, I prefer extreme heat."
p5_q09_a12,p5,spice,extreme heat,mild,q09,a12,"Between extreme heat and mild, which one suits you better?",I would pick extreme heat.
p5_q09_a13,p5,spice,extreme heat,mild,q09,a13,"Between extreme heat and mild, which one suits you better?",I find extreme heat more appealing.
p5_q09_a14,p5,spice,extreme heat,mild,q09,a14,"Between extreme heat and mild, which one suits you better?",I choose extreme heat.
p5_q09_a15,p5,spice,extreme heat,mild,q09,a15,"Between extreme heat and mild, which one suits you better?",extreme heat fits me better.
p5_q09_a16,p5,spice,extreme heat,mild,q09,a16,"Between extreme heat and mild, which one suits you better?",I like extreme heat more overall.
p5_q09_a17,p5,spice,extreme heat,mild,q09,a17,"Between extreme heat and mild, which one suits you better?","If I must pick, it is extreme heat."
p5_q09_a18,p5,spice,extreme heat,mild,q09,a18,"Between extreme heat and mild, which one suits you better?",I would go with extreme heat.
p5_q09_a19,p5,spice,extreme heat,mild,q09,a19,"Between extreme heat and mild, which one suits you better?",I would decide on extreme heat.
p5_q09_a20,p5,spice,extreme heat,mild,q09,a20,"Between extreme heat and mild, which one suits you better?",I favor extreme heat.
p5_q10_a01,p5,spice,extreme heat,mild,q10,a01,Do you like extreme heat more than mild?,I prefer extreme heat.
p5_q10_a02,p5,spice,extreme heat,mild,q10,a02,Do you like extreme heat more than mild?,I like extreme heat more.
p5_q10_a03,p5,spice,extreme heat,mild,q10,a03,Do you like extreme heat more than mild?,I would choose extreme heat.
p5_q10_a04,p5,spice,extreme heat,mild,q10,a04,Do you like extreme heat more than mild?,My preference is extreme heat.
p5_q10_a05,p5,spice,extreme heat,mild,q10,a05,Do you like extreme heat more than mild?,extreme heat appeals to me more.
p5_q10_a06,p5,spice,extreme heat,mild,q10,a06,Do you like extreme heat more than mild?,I think extreme heat is better for me.
p5_q10_a07,p5,spice,extreme heat,mild,q10,a07,Do you like extreme heat more than mild?,I lean toward extreme heat.
p5_q10_a08,p5,spice,extreme heat,mild,q10,a08,Do you like extreme heat more than mild?,I would rather have extreme heat.
p5_q10_a09,p5,spice,extreme heat,mild,q10,a09,Do you like extreme heat more than mild?,extreme heat suits me better.
p5_q10_a10,p5,spice,extreme heat,mild,q10,a10,Do you like extreme heat more than mild?,I like extreme heat better.
p5_q10_a11,p5,spice,extreme heat,mild,q10,a11,Do you like extreme heat more than mild?,"Personally, I prefer extreme heat."
p5_q10_a12,p5,spice,extreme heat,mild,q10,a12,Do you like extreme heat more than mild?,I would pick extreme heat.
p5_q10_a13,p5,spice,extreme heat,mild,q10,a13,Do you like extreme heat more than mild?,I find extreme heat more appealing.
p5_q10_a14,p5,spice,extreme heat,mild,q10,a14,Do you like extreme heat more than mild?,I choose extreme heat.
p5_q10_a15,p5,spice,extreme heat,mild,q10,a15,Do you like extreme heat more than mild?,extreme heat fits me better.
p5_q10_a16,p5,spice,extreme heat,mild,q10,a16,Do you like extreme heat more than mild?,I like extreme heat more overall.
p5_q10_a17,p5,spice,extreme heat,mild,q10,a17,Do you like extreme heat more than mild?,"If I must pick, it is extreme heat."
p5_q10_a18,p5,spice,extreme heat,mild,q10,a18,Do you like extreme heat more than mild?,I would go with extreme heat.
p5_q10_a19,p5,spice,extreme heat,mild,q10,a19,Do you like extreme heat more than mild?,I would decide on extreme heat.
p5_q10_a20,p5,spice,extreme heat,mild,q10,a20,Do you like extreme heat more than mild?,I favor extreme heat.
p5_q11_a01,p5,spice,extreme heat,mild,q11,a01,"Which option do you personally prefer, extreme heat or mild?",I prefer extreme heat.
p5_q11_a02,p5,spice,extreme heat,mild,q11,a02,"Which option do you personally prefer, extreme heat or mild?",I like extreme heat more.
p5_q11_a03,p5,spice,extreme heat,mild,q11,a03,"Which option do you personally prefer, extreme heat or mild?",I would choose extreme heat.
p5_q11_a04,p5,spice,extreme heat,mild,q11,a04,"Which option do you personally prefer, extreme heat or mild?",My preference is extreme heat.
p5_q11_a05,p5,spice,extreme heat,mild,q11,a05,"Which option do you personally prefer, extreme heat or mild?",extreme heat appeals to me more.
p5_q11_a06,p5,spice,extreme heat,mild,q11,a06,"Which option do you personally prefer, extreme heat or mild?",I think extreme heat is better for me.
p5_q11_a07,p5,spice,extreme heat,mild,q11,a07,"Which option do you personally prefer, extreme heat or mild?",I lean toward extreme heat.
p5_q11_a08,p5,spice,extreme heat,mild,q11,a08,"Which option do you personally prefer, extreme heat or mild?",I would rather have extreme heat.
p5_q11_a09,p5,spice,extreme heat,mild,q11,a09,"Which option do you personally prefer, extreme heat or mild?",extreme heat suits me better.
p5_q11_a10,p5,spice,extreme heat,mild,q11,a10,"Which option do you personally prefer, extreme heat or mild?",I like extreme heat better.
p5_q11_a11,p5,spice,extreme heat,mild,q11,a11,"Which option do you personally prefer, extreme heat or mild?","Personally, I prefer extreme heat."
p5_q11_a12,p5,spice,extreme heat,mild,q11,a12,"Which option do you personally prefer, extreme heat or mild?",I would pick extreme heat.
p5_q11_a13,p5,spice,extreme heat,mild,q11,a13,"Which option do you personally prefer, extreme heat or mild?",I find extreme heat more appealing.
p5_q11_a14,p5,spice,extreme heat,mild,q11,a14,"Which option do you personally prefer, extreme heat or mild?",I choose extreme heat.
p5_q11_a15,p5,spice,extreme heat,mild,q11,a15,"Which option do you personally prefer, extreme heat or mild?",extreme heat fits me better.
p5_q11_a16,p5,spice,extreme heat,mild,q11,a16,"Which option do you personally prefer, extreme heat or mild?",I like extreme heat more overall.
p5_q11_a17,p5,spice,extreme heat,mild,q11,a17,"Which option do you personally prefer, extreme heat or mild?","If I must pick, it is extreme heat."
p5_q11_a18,p5,spice,extreme heat,mild,q11,a18,"Which option do you personally prefer, extreme heat or mild?",I would go with extreme heat.
p5_q11_a19,p5,spice,extreme heat,mild,q11,a19,"Which option do you personally prefer, extreme heat or mild?",I would decide on extreme heat.
p5_q11_a20,p5,spice,extreme heat,mild,q11,a20,"Which option do you personally prefer, extreme heat or mild?",I favor extreme heat.
p5_q12_a01,p5,spice,extreme heat,mild,q12,a01,"If asked to pick one, extreme heat or mild, what would you pick?",I prefer extreme heat.
p5_q12_a02,p5,spice,extreme heat,mild,q12,a02,"If asked to pick one, extreme heat or mild, what would you pick?",I like extreme heat more.
p5_q12_a03,p5,spice,extreme heat,mild,q12,a03,"If asked to pick one, extreme heat or mild, what would you pick?",I would choose extreme heat.
p5_q12_a04,p5,spice,extreme heat,mild,q12,a04,"If asked to pick one, extreme heat or mild, what would you pick?",My preference is extreme heat.
p5_q12_a05,p5,spice,extreme heat,mild,q12,a05,"If asked to pick one, extreme heat or mild, what would you pick?",extreme heat appeals to me more.
p5_q12_a06,p5,spice,extreme heat,mild,q12,a06,"If asked to pick one, extreme heat or mild, what would you pick?",I think extreme heat is better for me.
p5_q12_a07,p5,spice,extreme heat,mild,q12,a07,"If asked to pick one, extreme heat or mild, what would you pick?",I lean toward extreme heat.
p5_q12_a08,p5,spice,extreme heat,mild,q12,a08,"If asked to pick one, extreme heat or mild, what would you pick?",I would rather have extreme heat.
p5_q12_a09,p5,spice,extreme heat,mild,q12,a09,"If asked to pick one, extreme heat or mild, what would you pick?",extreme heat suits me better.
p5_q12_a10,p5,spice,extreme heat,mild,q12,a10,"If asked to pick one, extreme heat or mild, what would you pick?",I like extreme heat better.
p5_q12_a11,p5,spice,extreme heat,mild,q12,a11,"If asked to pick one, extreme heat or mild, what would you pick?","Personally, I prefer extreme heat."
p5_q12_a12,p5,spice,extreme heat,mild,q12,a12,"If asked to pick one, extreme heat or mild, what would you pick?",I would pick extreme heat.
p5_q12_a13,p5,spice,extreme heat,mild,q12,a13,"If asked to pick one, extreme heat or mild, what would you pick?",I find extreme heat more appealing.
p5_q12_a14,p5,spice,extreme heat,mild,q12,a14,"If asked to pick one, extreme heat or mild, what would you pick?",I choose extreme heat.
p5_q12_a15,p5,spice,extreme heat,mild,q12,a15,"If asked to pick one, extreme heat or mild, what would you pick?",extreme heat fits me better.
p5_q12_a16,p5,spice,extreme heat,mild,q12,a16,"If asked to pick one, extreme heat or mild, what would you pick?",I like extreme heat more overall.
p5_q12_a17,p5,spice,extreme heat,mild,q12,a17,"If asked to pick one, extreme heat or mild, what would you pick?","If I must pick, it is extreme heat."
p5_q12_a18,p5,spice,extreme heat,mild,q12,a18,"If asked to pick one, extreme heat or mild, what would you pick?",I would go with extreme heat.
p5_q12_a19,p5,spice,extreme heat,mild,q12,a19,"If asked to pick one, extreme heat or mild, what would you pick?",I would decide on extreme heat.
p5_q12_a20,p5,spice,extreme heat,mild,q12,a20,"If asked to pick one, extreme heat or mild, what would you pick?",I favor extreme heat.
p5_q13_a01,p5,spice,extreme heat,mild,q13,a01,"Which do you find more appealing, extreme heat or mild?",I prefer extreme heat.
p5_q13_a02,p5,spice,extreme heat,mild,q13,a02,"Which do you find more appealing, extreme heat or mild?",I like extreme heat more.
p5_q13_a03,p5,spice,extreme heat,mild,q13,a03,"Which do you find more appealing, extreme heat or mild?",I would choose extreme heat.
p5_q13_a04,p5,spice,extreme heat,mild,q13,a04,"Which do you find more appealing, extreme heat or mild?",My preference is extreme heat.
p5_q13_a05,p5,spice,extreme heat,mild,q13,a05,"Which do you find more appealing, extreme heat or mild?",extreme heat appeals to me more.
p5_q13_a06,p5,spice,extreme heat,mild,q13,a06,"Which do you find more appealing, extreme heat or mild?",I think extreme heat is better for me.
p5_q13_a07,p5,spice,extreme heat,mild,q13,a07,"Which do you find more appealing, extreme heat or mild?",I lean toward extreme heat.
p5_q13_a08,p5,spice,extreme heat,mild,q13,a08,"Which do you find more appealing, extreme heat or mild?",I would rather have extreme heat.
p5_q13_a09,p5,spice,extreme heat,mild,q13,a09,"Which do you find more appealing, extreme heat or mild?",extreme heat suits me better.
p5_q13_a10,p5,spice,extreme heat,mild,q13,a10,"Which do you find more appealing, extreme heat or mild?",I like extreme heat better.
p5_q13_a11,p5,spice,extreme heat,mild,q13,a11,"Which do you find more appealing, extreme heat or mild?","Personally, I prefer extreme heat."
p5_q13_a12,p5,spice,extreme heat,mild,q13,a12,"Which do you find more appealing, extreme heat or mild?",I would pick extreme heat.
p5_q13_a13,p5,spice,extreme heat,mild,q13,a13,"Which do you find more appealing, extreme heat or mild?",I find extreme heat more appealing.
p5_q13_a14,p5,spice,extreme heat,mild,q13,a14,"Which do you find more appealing, extreme heat or mild?",I choose extreme heat.
p5_q13_a15,p5,spice,extreme heat,mild,q13,a15,"Which do you find more appealing, extreme heat or mild?",extreme heat fits me better.
p5_q13_a16,p5,spice,extreme heat,mild,q13,a16,"Which do you find more appealing, extreme heat or mild?",I like extreme heat more overall.
p5_q13_a17,p5,spice,extreme heat,mild,q13,a17,"Which do you find more appealing, extreme heat or mild?","If I must pick, it is extreme heat."
p5_q13_a18,p5,spice,extreme heat,mild,q13,a18,"Which do you find more appealing, extreme heat or mild?",I would go with extreme heat.
p5_q13_a19,p5,spice,extreme heat,mild,q13,a19,"Which do you find more appealing, extreme heat or mild?",I would decide on extreme heat.
p5_q13_a20,p5,spice,extreme heat,mild,q13,a20,"Which do you find more appealing, extreme heat or mild?",I favor extreme heat.
p5_q14_a01,p5,spice,extreme heat,mild,q14,a01,"When choosing between extreme heat and mild, which do you choose?",I prefer extreme heat.
p5_q14_a02,p5,spice,extreme heat,mild,q14,a02,"When choosing between extreme heat and mild, which do you choose?",I like extreme heat more.
p5_q14_a03,p5,spice,extreme heat,mild,q14,a03,"When choosing between extreme heat and mild, which do you choose?",I would choose extreme heat.
p5_q14_a04,p5,spice,extreme heat,mild,q14,a04,"When choosing between extreme heat and mild, which do you choose?",My preference is extreme heat.
p5_q14_a05,p5,spice,extreme heat,mild,q14,a05,"When choosing between extreme heat and mild, which do you choose?",extreme heat appeals to me more.
p5_q14_a06,p5,spice,extreme heat,mild,q14,a06,"When choosing between extreme heat and mild, which do you choose?",I think extreme heat is better for me.
p5_q14_a07,p5,spice,extreme heat,mild,q14,a07,"When choosing between extreme heat and mild, which do you choose?",I lean toward extreme heat.
p5_q14_a08,p5,spice,extreme heat,mild,q14,a08,"When choosing between extreme heat and mild, which do you choose?",I would rather have extreme heat.
p5_q14_a09,p5,spice,extreme heat,mild,q14,a09,"When choosing between extreme heat and mild, which do you choose?",extreme heat suits me better.
p5_q14_a10,p5,spice,extreme heat,mild,q14,a10,"When choosing between extreme heat and mild, which do you choose?",I like extreme heat better.
p5_q14_a11,p5,spice,extreme heat,mild,q14,a11,"When choosing between extreme heat and mild, which do you choose?","Personally, I prefer extreme heat."
p5_q14_a12,p5,spice,extreme heat,mild,q14,a12,"When choosing between extreme heat and mild, which do you choose?",I would pick extreme heat.
p5_q14_a13,p5,spice,extreme heat,mild,q14,a13,"When choosing between extreme heat and mild, which do you choose?",I find extreme heat more appealing.
p5_q14_a14,p5,spice,extreme heat,mild,q14,a14,"When choosing between extreme heat and mild, which do you choose?",I choose extreme heat.
p5_q14_a15,p5,spice,extreme heat,mild,q14,a15,"When choosing between extreme heat and mild, which do you choose?",extreme heat fits me better.
p5_q14_a16,p5,spice,extreme heat,mild,q14,a16,"When choosing between extreme heat and mild, which do you choose?",I like extreme heat more overall.
p5_q14_a17,p5,spice,extreme heat,mild,q14,a17,"When choosing between extreme heat and mild, which do you choose?","If I must pick, it is extreme heat."
p5_q14_a18,p5,spice,extreme heat,mild,q14,a18,"When choosing between extreme heat and mild, which do you choose?",I would go with extreme heat.
p5_q14_a19,p5,spice,extreme heat,mild,q14,a19,"When choosing between extreme heat and mild, which do you choose?",I would decide on extreme heat.
p5_q14_a20,p5,spice,extreme heat,mild,q14,a20,"When choosing between extreme heat and mild, which do you choose?",I favor extreme heat.
p5_q15_a01,p5,spice,extreme heat,mild,q15,a01,"Which option do you think fits you better, extreme heat or mild?",I prefer extreme heat.
p5_q15_a02,p5,spice,extreme heat,mild,q15,a02,"Which option do you think fits you better, extreme heat or mild?",I like extreme heat more.
p5_q15_a03,p5,spice,extreme heat,mild,q15,a03,"Which option do you think fits you better, extreme heat or mild?",I would choose extreme heat.
p5_q15_a04,p5,spice,extreme heat,mild,q15,a04,"Which option do you think fits you better, extreme heat or mild?",My preference is extreme heat.
p5_q15_a05,p5,spice,extreme heat,mild,q15,a05,"Which option do you think fits you better, extreme heat or mild?",extreme heat appeals to me more.
p5_q15_a06,p5,spice,extreme heat,mild,q15,a06,"Which option do you think fits you better, extreme heat or mild?",I think extreme heat is better for me.
p5_q15_a07,p5,spice,extreme heat,mild,q15,a07,"Which option do you think fits you better, extreme heat or mild?",I lean toward extreme heat.
p5_q15_a08,p5,spice,extreme heat,mild,q15,a08,"Which option do you think fits you better, extreme heat or mild?",I would rather have extreme heat.
p5_q15_a09,p5,spice,extreme heat,mild,q15,a09,"Which option do you think fits you better, extreme heat or mild?",extreme heat suits me better.
p5_q15_a10,p5,spice,extreme heat,mild,q15,a10,"Which option do you think fits you better, extreme heat or mild?",I like extreme heat better.
p5_q15_a11,p5,spice,extreme heat,mild,q15,a11,"Which option do you think fits you better, extreme heat or mild?","Personally, I prefer extreme heat."
p5_q15_a12,p5,spice,extreme heat,mild,q15,a12,"Which option do you think fits you better, extreme heat or mild?",I would pick extreme heat.
p5_q15_a13,p5,spice,extreme heat,mild,q15,a13,"Which option do you think fits you better, extreme heat or mild?",I find extreme heat more appealing.
p5_q15_a14,p5,spice,extreme heat,mild,q15,a14,"Which option do you think fits you better, extreme heat or mild?",I choose extreme heat.
p5_q15_a15,p5,spice,extreme heat,mild,q15,a15,"Which option do you think fits you better, extreme heat or mild?",extreme heat fits me better.
p5_q15_a16,p5,spice,extreme heat,mild,q15,a16,"Which option do you think fits you better, extreme heat or mild?",I like extreme heat more overall.
p5_q15_a17,p5,spice,extreme heat,mild,q15,a17,"Which option do you think fits you better, extreme heat or mild?","If I must pick, it is extreme heat."
p5_q15_a18,p5,spice,extreme heat,mild,q15,a18,"Which option do you think fits you better, extreme heat or mild?",I would go with extreme heat.
p5_q15_a19,p5,spice,extreme heat,mild,q15,a19,"Which option do you think fits you better, extreme heat or mild?",I would decide on extreme heat.
p5_q15_a20,p5,spice,extreme heat,mild,q15,a20,"Which option do you think fits you better, extreme heat or mild?",I favor extreme heat.
p5_q16_a01,p5,spice,extreme heat,mild,q16,a01,"Out of extreme heat and mild, which do you like better?",I prefer extreme heat.
p5_q16_a02,p5,spice,extreme heat,mild,q16,a02,"Out of extreme heat and mild, which do you like better?",I like extreme heat more.
p5_q16_a03,p5,spice,extreme heat,mild,q16,a03,"Out of extreme heat and mild, which do you like better?",I would choose extreme heat.
p5_q16_a04,p5,spice,extreme heat,mild,q16,a04,"Out of extreme heat and mild, which do you like better?",My preference is extreme heat.
p5_q16_a05,p5,spice,extreme heat,mild,q16,a05,"Out of extreme heat and mild, which do you like better?",extreme heat appeals to me more.
p5_q16_a06,p5,spice,extreme heat,mild,q16,a06,"Out of extreme heat and mild, which do you like better?",I think extreme heat is better for me.
p5_q16_a07,p5,spice,extreme heat,mild,q16,a07,"Out of extreme heat and mild, which do you like better?",I lean toward extreme heat.
p5_q16_a08,p5,spice,extreme heat,mild,q16,a08,"Out of extreme heat and mild, which do you like better?",I would rather have extreme heat.
p5_q16_a09,p5,spice,extreme heat,mild,q16,a09,"Out of extreme heat and mild, which do you like better?",extreme heat suits me better.
p5_q16_a10,p5,spice,extreme heat,mild,q16,a10,"Out of extreme heat and mild, which do you like better?",I like extreme heat better.
p5_q16_a11,p5,spice,extreme heat,mild,q16,a11,"Out of extreme heat and mild, which do you like better?","Personally, I prefer extreme heat."
p5_q16_a12,p5,spice,extreme heat,mild,q16,a12,"Out of extreme heat and mild, which do you like better?",I would pick extreme heat.
p5_q16_a13,p5,spice,extreme heat,mild,q16,a13,"Out of extreme heat and mild, which do you like better?",I find extreme heat more appealing.
p5_q16_a14,p5,spice,extreme heat,mild,q16,a14,"Out of extreme heat and mild, which do you like better?",I choose extreme heat.
p5_q16_a15,p5,spice,extreme heat,mild,q16,a15,"Out of extreme heat and mild, which do you like better?",extreme heat fits me better.
p5_q16_a16,p5,spice,extreme heat,mild,q16,a16,"Out of extreme heat and mild, which do you like better?",I like extreme heat more overall.
p5_q16_a17,p5,spice,extreme heat,mild,q16,a17,"Out of extreme heat and mild, which do you like better?","If I must pick, it is extreme heat."
p5_q16_a18,p5,spice,extreme heat,mild,q16,a18,"Out of extreme heat and mild, which do you like better?",I would go with extreme heat.
p5_q16_a19,p5,spice,extreme heat,mild,q16,a19,"Out of extreme heat and mild, which do you like better?",I would decide on extreme heat.
p5_q16_a20,p5,spice,extreme heat,mild,q16,a20,"Out of extreme heat and mild, which do you like better?",I favor extreme heat.
p5_q17_a01,p5,spice,extreme heat,mild,q17,a01,Do you have a preference between extreme heat and mild?,I prefer extreme heat.
p5_q17_a02,p5,spice,extreme heat,mild,q17,a02,Do you have a preference between extreme heat and mild?,I like extreme heat more.
p5_q17_a03,p5,spice,extreme heat,mild,q17,a03,Do you have a preference between extreme heat and mild?,I would choose extreme heat.
p5_q17_a04,p5,spice,extreme heat,mild,q17,a04,Do you have a preference between extreme heat and mild?,My preference is extreme heat.
p5_q17_a05,p5,spice,extreme heat,mild,q17,a05,Do you have a preference between extreme heat and mild?,extreme heat appeals to me more.
p5_q17_a06,p5,spice,extreme heat,mild,q17,a06,Do you have a preference between extreme heat and mild?,I think extreme heat is better for me.
p5_q17_a07,p5,spice,extreme heat,mild,q17,a07,Do you have a preference between extreme heat and mild?,I lean toward extreme heat.
p5_q17_a08,p5,spice,extreme heat,mild,q17,a08,Do you have a preference between extreme heat and mild?,I would rather have extreme heat.
p5_q17_a09,p5,spice,extreme heat,mild,q17,a09,Do you have a preference between extreme heat and mild?,extreme heat suits me better.
p5_q17_a10,p5,spice,extreme heat,mild,q17,a10,Do you have a preference between extreme heat and mild?,I like extreme heat better.
p5_q17_a11,p5,spice,extreme heat,mild,q17,a11,Do you have a preference between extreme heat and mild?,"Personally, I prefer extreme heat."
p5_q17_a12,p5,spice,extreme heat,mild,q17,a12,Do you have a preference between extreme heat and mild?,I would pick extreme heat.
p5_q17_a13,p5,spice,extreme heat,mild,q17,a13,Do you have a preference between extreme heat and mild?,I find extreme heat more appealing.
p5_q17_a14,p5,spice,extreme heat,mild,q17,a14,Do you have a preference between extreme heat and mild?,I choose extreme heat.
p5_q17_a15,p5,spice,extreme heat,mild,q17,a15,Do you have a preference between extreme heat and mild?,extreme heat fits me better.
p5_q17_a16,p5,spice,extreme heat,mild,q17,a16,Do you have a preference between extreme heat and mild?,I like extreme heat more overall.
p5_q17_a17,p5,spice,extreme heat,mild,q17,a17,Do you have a preference between extreme heat and mild?,"If I must pick, it is extreme heat."
p5_q17_a18,p5,spice,extreme heat,mild,q17,a18,Do you have a preference between extreme heat and mild?,I would go with extreme heat.
p5_q17_a19,p5,spice,extreme heat,mild,q17,a19,Do you have a preference between extreme heat and mild?,I would decide on extreme heat.
p5_q17_a20,p5,spice,extreme heat,mild,q17,a20,Do you have a preference between extreme heat and mild?,I favor extreme heat.
p5_q18_a01,p5,spice,extreme heat,mild,q18,a01,"Which one would you go with, extreme heat or mild?",I prefer extreme heat.
p5_q18_a02,p5,spice,extreme heat,mild,q18,a02,"Which one would you go with, extreme heat or mild?",I like extreme heat more.
p5_q18_a03,p5,spice,extreme heat,mild,q18,a03,"Which one would you go with, extreme heat or mild?",I would choose extreme heat.
p5_q18_a04,p5,spice,extreme heat,mild,q18,a04,"Which one would you go with, extreme heat or mild?",My preference is extreme heat.
p5_q18_a05,p5,spice,extreme heat,mild,q18,a05,"Which one would you go with, extreme heat or mild?",extreme heat appeals to me more.
p5_q18_a06,p5,spice,extreme heat,mild,q18,a06,"Which one would you go with, extreme heat or mild?",I think extreme heat is better for me.
p5_q18_a07,p5,spice,extreme heat,mild,q18,a07,"Which one would you go with, extreme heat or mild?",I lean toward extreme heat.
p5_q18_a08,p5,spice,extreme heat,mild,q18,a08,"Which one would you go with, extreme heat or mild?",I would rather have extreme heat.
p5_q18_a09,p5,spice,extreme heat,mild,q18,a09,"Which one would you go with, extreme heat or mild?",extreme heat suits me better.
p5_q18_a10,p5,spice,extreme heat,mild,q18,a10,"Which one would you go with, extreme heat or mild?",I like extreme heat better.
p5_q18_a11,p5,spice,extreme heat,mild,q18,a11,"Which one would you go with, extreme heat or mild?","Personally, I prefer extreme heat."
p5_q18_a12,p5,spice,extreme heat,mild,q18,a12,"Which one would you go with, extreme heat or mild?",I would pick extreme heat.
p5_q18_a13,p5,spice,extreme heat,mild,q18,a13,"Which one would you go with, extreme heat or mild?",I find extreme heat more appealing.
p5_q18_a14,p5,spice,extreme heat,mild,q18,a14,"Which one would you go with, extreme heat or mild?",I choose extreme heat.
p5_q18_a15,p5,spice,extreme heat,mild,q18,a15,"Which one would you go with, extreme heat or mild?",extreme heat fits me better.
p5_q18_a16,p5,spice,extreme heat,mild,q18,a16,"Which one would you go with, extreme heat or mild?",I like extreme heat more overall.
p5_q18_a17,p5,spice,extreme heat,mild,q18,a17,"Which one would you go with, extreme heat or mild?","If I must pick, it is extreme heat."
p5_q18_a18,p5,spice,extreme heat,mild,q18,a18,"Which one would you go with, extreme heat or mild?",I would go with extreme heat.
p5_q18_a19,p5,spice,extreme heat,mild,q18,a19,"Which one would you go with, extreme heat or mild?",I would decide on extreme heat.
p5_q18_a20,p5,spice,extreme heat,mild,q18,a20,"Which one would you go with, extreme heat or mild?",I favor extreme heat.
p5_q19_a01,p5,spice,extreme heat,mild,q19,a01,"If you were to decide between extreme heat and mild, which would it be?",I prefer extreme heat.
p5_q19_a02,p5,spice,extreme heat,mild,q19,a02,"If you were to decide between extreme heat and mild, which would it be?",I like extreme heat more.
p5_q19_a03,p5,spice,extreme heat,mild,q19,a03,"If you were to decide between extreme heat and mild, which would it be?",I would choose extreme heat.
p5_q19_a04,p5,spice,extreme heat,mild,q19,a04,"If you were to decide between extreme heat and mild, which would it be?",My preference is extreme heat.
p5_q19_a05,p5,spice,extreme heat,mild,q19,a05,"If you were to decide between extreme heat and mild, which would it be?",extreme heat appeals to me more.
p5_q19_a06,p5,spice,extreme heat,mild,q19,a06,"If you were to decide between extreme heat and mild, which would it be?",I think extreme heat is better for me.
p5_q19_a07,p5,spice,extreme heat,mild,q19,a07,"If you were to decide between extreme heat and mild, which would it be?",I lean toward extreme heat.
p5_q19_a08,p5,spice,extreme heat,mild,q19,a08,"If you were to decide between extreme heat and mild, which would it be?",I would rather have extreme heat.
p5_q19_a09,p5,spice,extreme heat,mild,q19,a09,"If you were to decide between extreme heat and mild, which would it be?",extreme heat suits me better.
p5_q19_a10,p5,spice,extreme heat,mild,q19,a10,"If you were to decide between extreme heat and mild, which would it be?",I like extreme heat better.
p5_q19_a11,p5,spice,extreme heat,mild,q19,a11,"If you were to decide between extreme heat and mild, which would it be?","Personally, I prefer extreme heat."
p5_q19_a12,p5,spice,extreme heat,mild,q19,a12,"If you were to decide between extreme heat and mild, which would it be?",I would pick extreme heat.
p5_q19_a13,p5,spice,extreme heat,mild,q19,a13,"If you were to decide between extreme heat and mild, which would it be?",I find extreme heat more appealing.
p5_q19_a14,p5,spice,extreme heat,mild,q19,a14,"If you were to decide between extreme heat and mild, which would it be?",I choose extreme heat.
p5_q19_a15,p5,spice,extreme heat,mild,q19,a15,"If you were to decide between extreme heat and mild, which would it be?",extreme heat fits me better.
p5_q19_a16,p5,spice,extreme heat,mild,q19,a16,"If you were to decide between extreme heat and mild, which would it be?",I like extreme heat more overall.
p5_q19_a17,p5,spice,extreme heat,mild,q19,a17,"If you were to decide between extreme heat and mild, which would it be?","If I must pick, it is extreme heat."
p5_q19_a18,p5,spice,extreme heat,mild,q19,a18,"If you were to decide between extreme heat and mild, which would it be?",I would go with extreme heat.
p5_q19_a19,p5,spice,extreme heat,mild,q19,a19,"If you were to decide between extreme heat and mild, which would it be?",I would decide on extreme heat.
p5_q19_a20,p5,spice,extreme heat,mild,q19,a20,"If you were to decide between extreme heat and mild, which would it be?",I favor extreme heat.
p5_q20_a01,p5,spice,extreme heat,mild,q20,a01,"Which of the two do you favor more, extreme heat or mild?",I prefer extreme heat.
p5_q20_a02,p5,spice,extreme heat,mild,q20,a02,"Which of the two do you favor more, extreme heat or mild?",I like extreme heat more.
p5_q20_a03,p5,spice,extreme heat,mild,q20,a03,"Which of the two do you favor more, extreme heat or mild?",I would choose extreme heat.
p5_q20_a04,p5,spice,extreme heat,mild,q20,a04,"Which of the two do you favor more, extreme heat or mild?",My preference is extreme heat.
p5_q20_a05,p5,spice,extreme heat,mild,q20,a05,"Which of the two do you favor more, extreme heat or mild?",extreme heat appeals to me more.
p5_q20_a06,p5,spice,extreme heat,mild,q20,a06,"Which of the two do you favor more, extreme heat or mild?",I think extreme heat is better for me.
p5_q20_a07,p5,spice,extreme heat,mild,q20,a07,"Which of the two do you favor more, extreme heat or mild?",I lean toward extreme heat.
p5_q20_a08,p5,spice,extreme heat,mild,q20,a08,"Which of the two do you favor more, extreme heat or mild?",I would rather have extreme heat.
p5_q20_a09,p5,spice,extreme heat,mild,q20,a09,"Which of the two do you favor more, extreme heat or mild?",extreme heat suits me better.
p5_q20_a10,p5,spice,extreme heat,mild,q20,a10,"Which of the two do you favor more, extreme heat or mild?",I like extreme heat better.
p5_q20_a11,p5,spice,extreme heat,mild,q20,a11,"Which of the two do you favor more, extreme heat or mild?","Personally, I prefer extreme heat."
p5_q20_a12,p5,spice,extreme heat,mild,q20,a12,"Which of the two do you favor more, extreme heat or mild?",I would pick extreme heat.
p5_q20_a13,p5,spice,extreme heat,mild,q20,a13,"Which of the two do you favor more, extreme heat or mild?",I find extreme heat more appealing.
p5_q20_a14,p5,spice,extreme heat,mild,q20,a14,"Which of the two do you favor more, extreme heat or mild?",I choose extreme heat.
p5_q20_a15,p5,spice,extreme heat,mild,q20,a15,"Which of the two do you favor more, extreme heat or mild?",extreme heat fits me better.
p5_q20_a16,p5,spice,extreme heat,mild,q20,a16,"Which of the two do you favor more, extreme heat or mild?",I like extreme heat more overall.
p5_q20_a17,p5,spice,extreme heat,mild,q20,a17,"Which of the two do you favor more, extreme heat or mild?","If I must pick, it is extreme heat."
p5_q20_a18,p5,spice,extreme heat,mild,q20,a18,"Which of the two do you favor more, extreme heat or mild?",I would go with extreme heat.
p5_q20_a19,p5,spice,extreme heat,mild,q20,a19,"Which of the two do you favor more, extreme heat or mild?",I would decide on extreme heat.
p5_q20_a20,p5,spice,extreme heat,mild,q20,a20,"Which of the two do you favor more, extreme heat or mild?",I favor extreme heat.
p6_q01_a01,p6,chocolate,white chocolate,dark chocolate,q01,a01,"Which do you like more, white chocolate or dark chocolate?",I prefer white chocolate.
p6_q01_a02,p6,chocolate,white chocolate,dark chocolate,q01,a02,"Which do you like more, white chocolate or dark chocolate?",I like white chocolate more.
p6_q01_a03,p6,chocolate,white chocolate,dark chocolate,q01,a03,"Which do you like more, white chocolate or dark chocolate?",I would choose white chocolate.
p6_q01_a04,p6,chocolate,white chocolate,dark chocolate,q01,a04,"Which do you like more, white chocolate or dark chocolate?",My preference is white chocolate.
p6_q01_a05,p6,chocolate,white chocolate,dark chocolate,q01,a05,"Which do you like more, white chocolate or dark chocolate?",white chocolate appeals to me more.
p6_q01_a06,p6,chocolate,white chocolate,dark chocolate,q01,a06,"Which do you like more, white chocolate or dark chocolate?",I think white chocolate is better for me.
p6_q01_a07,p6,chocolate,white chocolate,dark chocolate,q01,a07,"Which do you like more, white chocolate or dark chocolate?",I lean toward white chocolate.
p6_q01_a08,p6,chocolate,white chocolate,dark chocolate,q01,a08,"Which do you like more, white chocolate or dark chocolate?",I would rather have white chocolate.
p6_q01_a09,p6,chocolate,white chocolate,dark chocolate,q01,a09,"Which do you like more, white chocolate or dark chocolate?",white chocolate suits me better.
p6_q01_a10,p6,chocolate,white chocolate,dark chocolate,q01,a10,"Which do you like more, white chocolate or dark chocolate?",I like white chocolate better.
p6_q01_a11,p6,chocolate,white chocolate,dark chocolate,q01,a11,"Which do you like more, white chocolate or dark chocolate?","Personally, I prefer white chocolate."
p6_q01_a12,p6,chocolate,white chocolate,dark chocolate,q01,a12,"Which do you like more, white chocolate or dark chocolate?",I would pick white chocolate.
p6_q01_a13,p6,chocolate,white chocolate,dark chocolate,q01,a13,"Which do you like more, white chocolate or dark chocolate?",I find white chocolate more appealing.
p6_q01_a14,p6,chocolate,white chocolate,dark chocolate,q01,a14,"Which do you like more, white chocolate or dark chocolate?",I choose white chocolate.
p6_q01_a15,p6,chocolate,white chocolate,dark chocolate,q01,a15,"Which do you like more, white chocolate or dark chocolate?",white chocolate fits me better.
p6_q01_a16,p6,chocolate,white chocolate,dark chocolate,q01,a16,"Which do you like more, white chocolate or dark chocolate?",I like white chocolate more overall.
p6_q01_a17,p6,chocolate,white chocolate,dark chocolate,q01,a17,"Which do you like more, white chocolate or dark chocolate?","If I must pick, it is white chocolate."
p6_q01_a18,p6,chocolate,white chocolate,dark chocolate,q01,a18,"Which do you like more, white chocolate or dark chocolate?",I would go with white chocolate.
p6_q01_a19,p6,chocolate,white chocolate,dark chocolate,q01,a19,"Which do you like more, white chocolate or dark chocolate?",I would decide on white chocolate.
p6_q01_a20,p6,chocolate,white chocolate,dark chocolate,q01,a20,"Which do you like more, white chocolate or dark chocolate?",I favor white chocolate.
p6_q02_a01,p6,chocolate,white chocolate,dark chocolate,q02,a01,"Between white chocolate and dark chocolate, which one do you prefer?",I prefer white chocolate.
p6_q02_a02,p6,chocolate,white chocolate,dark chocolate,q02,a02,"Between white chocolate and dark chocolate, which one do you prefer?",I like white chocolate more.
p6_q02_a03,p6,chocolate,white chocolate,dark chocolate,q02,a03,"Between white chocolate and dark chocolate, which one do you prefer?",I would choose white chocolate.
p6_q02_a04,p6,chocolate,white chocolate,dark chocolate,q02,a04,"Between white chocolate and dark chocolate, which one do you prefer?",My preference is white chocolate.
p6_q02_a05,p6,chocolate,white chocolate,dark chocolate,q02,a05,"Between white chocolate and dark chocolate, which one do you prefer?",white chocolate appeals to me more.
p6_q02_a06,p6,chocolate,white chocolate,dark chocolate,q02,a06,"Between white chocolate and dark chocolate, which one do you prefer?",I think white chocolate is better for me.
p6_q02_a07,p6,chocolate,white chocolate,dark chocolate,q02,a07,"Between white chocolate and dark chocolate, which one do you prefer?",I lean toward white chocolate.
p6_q02_a08,p6,chocolate,white chocolate,dark chocolate,q02,a08,"Between white chocolate and dark chocolate, which one do you prefer?",I would rather have white chocolate.
p6_q02_a09,p6,chocolate,white chocolate,dark chocolate,q02,a09,"Between white chocolate and dark chocolate, which one do you prefer?",white chocolate suits me better.
p6_q02_a10,p6,chocolate,white chocolate,dark chocolate,q02,a10,"Between white chocolate and dark chocolate, which one do you prefer?",I like white chocolate better.
p6_q02_a11,p6,chocolate,white chocolate,dark chocolate,q02,a11,"Between white chocolate and dark chocolate, which one do you prefer?","Personally, I prefer white chocolate."
p6_q02_a12,p6,chocolate,white chocolate,dark chocolate,q02,a12,"Between white chocolate and dark chocolate, which one do you prefer?",I would pick white chocolate.
p6_q02_a13,p6,chocolate,white chocolate,dark chocolate,q02,a13,"Between white chocolate and dark chocolate, which one do you prefer?",I find white chocolate more appealing.
p6_q02_a14,p6,chocolate,white chocolate,dark chocolate,q02,a14,"Between white chocolate and dark chocolate, which one do you prefer?",I choose white chocolate.
p6_q02_a15,p6,chocolate,white chocolate,dark chocolate,q02,a15,"Between white chocolate and dark chocolate, which one do you prefer?",white chocolate fits me better.
p6_q02_a16,p6,chocolate,white chocolate,dark chocolate,q02,a16,"Between white chocolate and dark chocolate, which one do you prefer?",I like white chocolate more overall.
p6_q02_a17,p6,chocolate,white chocolate,dark chocolate,q02,a17,"Between white chocolate and dark chocolate, which one do you prefer?","If I must pick, it is white chocolate."
p6_q02_a18,p6,chocolate,white chocolate,dark chocolate,q02,a18,"Between white chocolate and dark chocolate, which one do you prefer?",I would go with white chocolate.
p6_q02_a19,p6,chocolate,white chocolate,dark chocolate,q02,a19,"Between white chocolate and dark chocolate, which one do you prefer?",I would decide on white chocolate.
p6_q02_a20,p6,chocolate,white chocolate,dark chocolate,q02,a20,"Between white chocolate and dark chocolate, which one do you prefer?",I favor white chocolate.
p6_q03_a01,p6,chocolate,white chocolate,dark chocolate,q03,a01,"If you had to choose, white chocolate or dark chocolate?",I prefer white chocolate.
p6_q03_a02,p6,chocolate,white chocolate,dark chocolate,q03,a02,"If you had to choose, white chocolate or dark chocolate?",I like white chocolate more.
p6_q03_a03,p6,chocolate,white chocolate,dark chocolate,q03,a03,"If you had to choose, white chocolate or dark chocolate?",I would choose white chocolate.
p6_q03_a04,p6,chocolate,white chocolate,dark chocolate,q03,a04,"If you had to choose, white chocolate or dark chocolate?",My preference is white chocolate.
p6_q03_a05,p6,chocolate,white chocolate,dark chocolate,q03,a05,"If you had to choose, white chocolate or dark chocolate?",white chocolate appeals to me more.
p6_q03_a06,p6,chocolate,white chocolate,dark chocolate,q03,a06,"If you had to choose, white chocolate or dark chocolate?",I think white chocolate is better for me.
p6_q03_a07,p6,chocolate,white chocolate,dark chocolate,q03,a07,"If you had to choose, white chocolate or dark chocolate?",I lean toward white chocolate.
p6_q03_a08,p6,chocolate,white chocolate,dark chocolate,q03,a08,"If you had to choose, white chocolate or dark chocolate?",I would rather have white chocolate.
p6_q03_a09,p6,chocolate,white chocolate,dark chocolate,q03,a09,"If you had to choose, white chocolate or dark chocolate?",white chocolate suits me better.
p6_q03_a10,p6,chocolate,white chocolate,dark chocolate,q03,a10,"If you had to choose, white chocolate or dark chocolate?",I like white chocolate better.
p6_q03_a11,p6,chocolate,white chocolate,dark chocolate,q03,a11,"If you had to choose, white chocolate or dark chocolate?","Personally, I prefer white chocolate."
p6_q03_a12,p6,chocolate,white chocolate,dark chocolate,q03,a12,"If you had to choose, white chocolate or dark chocolate?",I would pick white chocolate.
p6_q03_a13,p6,chocolate,white chocolate,dark chocolate,q03,a13,"If you had to choose, white chocolate or dark chocolate?",I find white chocolate more appealing.
p6_q03_a14,p6,chocolate,white chocolate,dark chocolate,q03,a14,"If you had to choose, white chocolate or dark chocolate?",I choose white chocolate.
p6_q03_a15,p6,chocolate,white chocolate,dark chocolate,q03,a15,"If you had to choose, white chocolate or dark chocolate?",white chocolate fits me better.
p6_q03_a16,p6,chocolate,white chocolate,dark chocolate,q03,a16,"If you had to choose, white chocolate or dark chocolate?",I like white chocolate more overall.
p6_q03_a17,p6,chocolate,white chocolate,dark chocolate,q03,a17,"If you had to choose, white chocolate or dark chocolate?","If I must pick, it is white chocolate."
p6_q03_a18,p6,chocolate,white chocolate,dark chocolate,q03,a18,"If you had to choose, white chocolate or dark chocolate?",I would go with white chocolate.
p6_q03_a19,p6,chocolate,white chocolate,dark chocolate,q03,a19,"If you had to choose, white chocolate or dark chocolate?",I would decide on white chocolate.
p6_q03_a20,p6,chocolate,white chocolate,dark chocolate,q03,a20,"If you had to choose, white chocolate or dark chocolate?",I favor white chocolate.
p6_q04_a01,p6,chocolate,white chocolate,dark chocolate,q04,a01,Do you favor white chocolate over dark chocolate?,I prefer white chocolate.
p6_q04_a02,p6,chocolate,white chocolate,dark chocolate,q04,a02,Do you favor white chocolate over dark chocolate?,I like white chocolate more.
p6_q04_a03,p6,chocolate,white chocolate,dark chocolate,q04,a03,Do you favor white chocolate over dark chocolate?,I would choose white chocolate.
p6_q04_a04,p6,chocolate,white chocolate,dark chocolate,q04,a04,Do you favor white chocolate over dark chocolate?,My preference is white chocolate.
p6_q04_a05,p6,chocolate,white chocolate,dark chocolate,q04,a05,Do you favor white chocolate over dark chocolate?,white chocolate appeals to me more.
p6_q04_a06,p6,chocolate,white chocolate,dark chocolate,q04,a06,Do you favor white chocolate over dark chocolate?,I think white chocolate is better for me.
p6_q04_a07,p6,chocolate,white chocolate,dark chocolate,q04,a07,Do you favor white chocolate over dark chocolate?,I lean toward white chocolate.
p6_q04_a08,p6,chocolate,white chocolate,dark chocolate,q04,a08,Do you favor white chocolate over dark chocolate?,I would rather have white chocolate.
p6_q04_a09,p6,chocolate,white chocolate,dark chocolate,q04,a09,Do you favor white chocolate over dark chocolate?,white chocolate suits me better.
p6_q04_a10,p6,chocolate,white chocolate,dark chocolate,q04,a10,Do you favor white chocolate over dark chocolate?,I like white chocolate better.
p6_q04_a11,p6,chocolate,white chocolate,dark chocolate,q04,a11,Do you favor white chocolate over dark chocolate?,"Personally, I prefer white chocolate."
p6_q04_a12,p6,chocolate,white chocolate,dark chocolate,q04,a12,Do you favor white chocolate over dark chocolate?,I would pick white chocolate.
p6_q04_a13,p6,chocolate,white chocolate,dark chocolate,q04,a13,Do you favor white chocolate over dark chocolate?,I find white chocolate more appealing.
p6_q04_a14,p6,chocolate,white chocolate,dark chocolate,q04,a14,Do you favor white chocolate over dark chocolate?,I choose white chocolate.
p6_q04_a15,p6,chocolate,white chocolate,dark chocolate,q04,a15,Do you favor white chocolate over dark chocolate?,white chocolate fits me better.
p6_q04_a16,p6,chocolate,white chocolate,dark chocolate,q04,a16,Do you favor white chocolate over dark chocolate?,I like white chocolate more overall.
p6_q04_a17,p6,chocolate,white chocolate,dark chocolate,q04,a17,Do you favor white chocolate over dark chocolate?,"If I must pick, it is white chocolate."
p6_q04_a18,p6,chocolate,white chocolate,dark chocolate,q04,a18,Do you favor white chocolate over dark chocolate?,I would go with white chocolate.
p6_q04_a19,p6,chocolate,white chocolate,dark chocolate,q04,a19,Do you favor white chocolate over dark chocolate?,I would decide on white chocolate.
p6_q04_a20,p6,chocolate,white chocolate,dark chocolate,q04,a20,Do you favor white chocolate over dark chocolate?,I favor white chocolate.
p6_q05_a01,p6,chocolate,white chocolate,dark chocolate,q05,a01,"Which option appeals to you more, white chocolate or dark chocolate?",I prefer white chocolate.
p6_q05_a02,p6,chocolate,white chocolate,dark chocolate,q05,a02,"Which option appeals to you more, white chocolate or dark chocolate?",I like white chocolate more.
p6_q05_a03,p6,chocolate,white chocolate,dark chocolate,q05,a03,"Which option appeals to you more, white chocolate or dark chocolate?",I would choose white chocolate.
p6_q05_a04,p6,chocolate,white chocolate,dark chocolate,q05,a04,"Which option appeals to you more, white chocolate or dark chocolate?",My preference is white chocolate.
p6_q05_a05,p6,chocolate,white chocolate,dark chocolate,q05,a05,"Which option appeals to you more, white chocolate or dark chocolate?",white chocolate appeals to me more.
p6_q05_a06,p6,chocolate,white chocolate,dark chocolate,q05,a06,"Which option appeals to you more, white chocolate or dark chocolate?",I think white chocolate is better for me.
p6_q05_a07,p6,chocolate,white chocolate,dark chocolate,q05,a07,"Which option appeals to you more, white chocolate or dark chocolate?",I lean toward white chocolate.
p6_q05_a08,p6,chocolate,white chocolate,dark chocolate,q05,a08,"Which option appeals to you more, white chocolate or dark chocolate?",I would rather have white chocolate.
p6_q05_a09,p6,chocolate,white chocolate,dark chocolate,q05,a09,"Which option appeals to you more, white chocolate or dark chocolate?",white chocolate suits me better.
p6_q05_a10,p6,chocolate,white chocolate,dark chocolate,q05,a10,"Which option appeals to you more, white chocolate or dark chocolate?",I like white chocolate better.
p6_q05_a11,p6,chocolate,white chocolate,dark chocolate,q05,a11,"Which option appeals to you more, white chocolate or dark chocolate?","Personally, I prefer white chocolate."
p6_q05_a12,p6,chocolate,white chocolate,dark chocolate,q05,a12,"Which option appeals to you more, white chocolate or dark chocolate?",I would pick white chocolate.
p6_q05_a13,p6,chocolate,white chocolate,dark chocolate,q05,a13,"Which option appeals to you more, white chocolate or dark chocolate?",I find white chocolate more appealing.
p6_q05_a14,p6,chocolate,white chocolate,dark chocolate,q05,a14,"Which option appeals to you more, white chocolate or dark chocolate?",I choose white chocolate.
p6_q05_a15,p6,chocolate,white chocolate,dark chocolate,q05,a15,"Which option appeals to you more, white chocolate or dark chocolate?",white chocolate fits me better.
p6_q05_a16,p6,chocolate,white chocolate,dark chocolate,q05,a16,"Which option appeals to you more, white chocolate or dark chocolate?",I like white chocolate more overall.
p6_q05_a17,p6,chocolate,white chocolate,dark chocolate,q05,a17,"Which option appeals to you more, white chocolate or dark chocolate?","If I must pick, it is white chocolate."
p6_q05_a18,p6,chocolate,white chocolate,dark chocolate,q05,a18,"Which option appeals to you more, white chocolate or dark chocolate?",I would go with white chocolate.
p6_q05_a19,p6,chocolate,white chocolate,dark chocolate,q05,a19,"Which option appeals to you more, white chocolate or dark chocolate?",I would decide on white chocolate.
p6_q05_a20,p6,chocolate,white chocolate,dark chocolate,q05,a20,"Which option appeals to you more, white chocolate or dark chocolate?",I favor white chocolate.
p6_q06_a01,p6,chocolate,white chocolate,dark chocolate,q06,a01,"Which do you think is better, white chocolate or dark chocolate?",I prefer white chocolate.
p6_q06_a02,p6,chocolate,white chocolate,dark chocolate,q06,a02,"Which do you think is better, white chocolate or dark chocolate?",I like white chocolate more.
p6_q06_a03,p6,chocolate,white chocolate,dark chocolate,q06,a03,"Which do you think is better, white chocolate or dark chocolate?",I would choose white chocolate.
p6_q06_a04,p6,chocolate,white chocolate,dark chocolate,q06,a04,"Which do you think is better, white chocolate or dark chocolate?",My preference is white chocolate.
p6_q06_a05,p6,chocolate,white chocolate,dark chocolate,q06,a05,"Which do you think is better, white chocolate or dark chocolate?",white chocolate appeals to me more.
p6_q06_a06,p6,chocolate,white chocolate,dark chocolate,q06,a06,"Which do you think is better, white chocolate or dark chocolate?",I think white chocolate is better for me.
p6_q06_a07,p6,chocolate,white chocolate,dark chocolate,q06,a07,"Which do you think is better, white chocolate or dark chocolate?",I lean toward white chocolate.
p6_q06_a08,p6,chocolate,white chocolate,dark chocolate,q06,a08,"Which do you think is better, white chocolate or dark chocolate?",I would rather have white chocolate.
p6_q06_a09,p6,chocolate,white chocolate,dark chocolate,q06,a09,"Which do you think is better, white chocolate or dark chocolate?",white chocolate suits me better.
p6_q06_a10,p6,chocolate,white chocolate,dark chocolate,q06,a10,"Which do you think is better, white chocolate or dark chocolate?",I like white chocolate better.
p6_q06_a11,p6,chocolate,white chocolate,dark chocolate,q06,a11,"Which do you think is better, white chocolate or dark chocolate?","Personally, I prefer white chocolate."
p6_q06_a12,p6,chocolate,white chocolate,dark chocolate,q06,a12,"Which do you think is better, white chocolate or dark chocolate?",I would pick white chocolate.
p6_q06_a13,p6,chocolate,white chocolate,dark chocolate,q06,a13,"Which do you think is better, white chocolate or dark chocolate?",I find white chocolate more appealing.
p6_q06_a14,p6,chocolate,white chocolate,dark chocolate,q06,a14,"Which do you think is better, white chocolate or dark chocolate?",I choose white chocolate.
p6_q06_a15,p6,chocolate,white chocolate,dark chocolate,q06,a15,"Which do you think is better, white chocolate or dark chocolate?",white chocolate fits me better.
p6_q06_a16,p6,chocolate,white chocolate,dark chocolate,q06,a16,"Which do you think is better, white chocolate or dark chocolate?",I like white chocolate more overall.
p6_q06_a17,p6,chocolate,white chocolate,dark chocolate,q06,a17,"Which do you think is better, white chocolate or dark chocolate?","If I must pick, it is white chocolate."
p6_q06_a18,p6,chocolate,white chocolate,dark chocolate,q06,a18,"Which do you think is better, white chocolate or dark chocolate?",I would go with white chocolate.
p6_q06_a19,p6,chocolate,white chocolate,dark chocolate,q06,a19,"Which do you think is better, white chocolate or dark chocolate?",I would decide on white chocolate.
p6_q06_a20,p6,chocolate,white chocolate,dark chocolate,q06,a20,"Which do you think is better, white chocolate or dark chocolate?",I favor white chocolate.
p6_q07_a01,p6,chocolate,white chocolate,dark chocolate,q07,a01,"If you compare white chocolate with dark chocolate, which do you lean toward?",I prefer white chocolate.
p6_q07_a02,p6,chocolate,white chocolate,dark chocolate,q07,a02,"If you compare white chocolate with dark chocolate, which do you lean toward?",I like white chocolate more.
p6_q07_a03,p6,chocolate,white chocolate,dark chocolate,q07,a03,"If you compare white chocolate with dark chocolate, which do you lean toward?",I would choose white chocolate.
p6_q07_a04,p6,chocolate,white chocolate,dark chocolate,q07,a04,"If you compare white chocolate with dark chocolate, which do you lean toward?",My preference is white chocolate.
p6_q07_a05,p6,chocolate,white chocolate,dark chocolate,q07,a05,"If you compare white chocolate with dark chocolate, which do you lean toward?",white chocolate appeals to me more.
p6_q07_a06,p6,chocolate,white chocolate,dark chocolate,q07,a06,"If you compare white chocolate with dark chocolate, which do you lean toward?",I think white chocolate is better for me.
p6_q07_a07,p6,chocolate,white chocolate,dark chocolate,q07,a07,"If you compare white chocolate with dark chocolate, which do you lean toward?",I lean toward white chocolate.
p6_q07_a08,p6,chocolate,white chocolate,dark chocolate,q07,a08,"If you compare white chocolate with dark chocolate, which do you lean toward?",I would rather have white chocolate.
p6_q07_a09,p6,chocolate,white chocolate,dark chocolate,q07,a09,"If you compare white chocolate with dark chocolate, which do you lean toward?",white chocolate suits me better.
p6_q07_a10,p6,chocolate,white chocolate,dark chocolate,q07,a10,"If you compare white chocolate with dark chocolate, which do you lean toward?",I like white chocolate better.
p6_q07_a11,p6,chocolate,white chocolate,dark chocolate,q07,a11,"If you compare white chocolate with dark chocolate, which do you lean toward?","Personally, I prefer white chocolate."
p6_q07_a12,p6,chocolate,white chocolate,dark chocolate,q07,a12,"If you compare white chocolate with dark chocolate, which do you lean toward?",I would pick white chocolate.
p6_q07_a13,p6,chocolate,white chocolate,dark chocolate,q07,a13,"If you compare white chocolate with dark chocolate, which do you lean toward?",I find white chocolate more appealing.
p6_q07_a14,p6,chocolate,white chocolate,dark chocolate,q07,a14,"If you compare white chocolate with dark chocolate, which do you lean toward?",I choose white chocolate.
p6_q07_a15,p6,chocolate,white chocolate,dark chocolate,q07,a15,"If you compare white chocolate with dark chocolate, which do you lean toward?",white chocolate fits me better.
p6_q07_a16,p6,chocolate,white chocolate,dark chocolate,q07,a16,"If you compare white chocolate with dark chocolate, which do you lean toward?",I like white chocolate more overall.
p6_q07_a17,p6,chocolate,white chocolate,dark chocolate,q07,a17,"If you compare white chocolate with dark chocolate, which do you lean toward?","If I must pick, it is white chocolate."
p6_q07_a18,p6,chocolate,white chocolate,dark chocolate,q07,a18,"If you compare white chocolate with dark chocolate, which do you lean toward?",I would go with white chocolate.
p6_q07_a19,p6,chocolate,white chocolate,dark chocolate,q07,a19,"If you compare white chocolate with dark chocolate, which do you lean toward?",I would decide on white chocolate.
p6_q07_a20,p6,chocolate,white chocolate,dark chocolate,q07,a20,"If you compare white chocolate with dark chocolate, which do you lean toward?",I favor white chocolate.
p6_q08_a01,p6,chocolate,white chocolate,dark chocolate,q08,a01,"Which would you rather have, white chocolate or dark chocolate?",I prefer white chocolate.
p6_q08_a02,p6,chocolate,white chocolate,dark chocolate,q08,a02,"Which would you rather have, white chocolate or dark chocolate?",I like white chocolate more.
p6_q08_a03,p6,chocolate,white chocolate,dark chocolate,q08,a03,"Which would you rather have, white chocolate or dark chocolate?",I would choose white chocolate.
p6_q08_a04,p6,chocolate,white chocolate,dark chocolate,q08,a04,"Which would you rather have, white chocolate or dark chocolate?",My preference is white chocolate.
p6_q08_a05,p6,chocolate,white chocolate,dark chocolate,q08,a05,"Which would you rather have, white chocolate or dark chocolate?",white chocolate appeals to me more.
p6_q08_a06,p6,chocolate,white chocolate,dark chocolate,q08,a06,"Which would you rather have, white chocolate or dark chocolate?",I think white chocolate is better for me.
p6_q08_a07,p6,chocolate,white chocolate,dark chocolate,q08,a07,"Which would you rather have, white chocolate or dark chocolate?",I lean toward white chocolate.
p6_q08_a08,p6,chocolate,white chocolate,dark chocolate,q08,a08,"Which would you rather have, white chocolate or dark chocolate?",I would rather have white chocolate.
p6_q08_a09,p6,chocolate,white chocolate,dark chocolate,q08,a09,"Which would you rather have, white chocolate or dark chocolate?",white chocolate suits me better.
p6_q08_a10,p6,chocolate,white chocolate,dark chocolate,q08,a10,"Which would you rather have, white chocolate or dark chocolate?",I like white chocolate better.
p6_q08_a11,p6,chocolate,white chocolate,dark chocolate,q08,a11,"Which would you rather have, white chocolate or dark chocolate?","Personally, I prefer white chocolate."
p6_q08_a12,p6,chocolate,white chocolate,dark chocolate,q08,a12,"Which would you rather have, white chocolate or dark chocolate?",I would pick white chocolate.
p6_q08_a13,p6,chocolate,white chocolate,dark chocolate,q08,a13,"Which would you rather have, white chocolate or dark chocolate?",I find white chocolate more appealing.
p6_q08_a14,p6,chocolate,white chocolate,dark chocolate,q08,a14,"Which would you rather have, white chocolate or dark chocolate?",I choose white chocolate.
p6_q08_a15,p6,chocolate,white chocolate,dark chocolate,q08,a15,"Which would you rather have, white chocolate or dark chocolate?",white chocolate fits me better.
p6_q08_a16,p6,chocolate,white chocolate,dark chocolate,q08,a16,"Which would you rather have, white chocolate or dark chocolate?",I like white chocolate more overall.
p6_q08_a17,p6,chocolate,white chocolate,dark chocolate,q08,a17,"Which would you rather have, white chocolate or dark chocolate?","If I must pick, it is white chocolate."
p6_q08_a18,p6,chocolate,white chocolate,dark chocolate,q08,a18,"Which would you rather have, white chocolate or dark chocolate?",I would go with white chocolate.
p6_q08_a19,p6,chocolate,white chocolate,dark chocolate,q08,a19,"Which would you rather have, white chocolate or dark chocolate?",I would decide on white chocolate.
p6_q08_a20,p6,chocolate,white chocolate,dark chocolate,q08,a20,"Which would you rather have, white chocolate or dark chocolate?",I favor white chocolate.
p6_q09_a01,p6,chocolate,white chocolate,dark chocolate,q09,a01,"Between white chocolate and dark chocolate, which one suits you better?",I prefer white chocolate.
p6_q09_a02,p6,chocolate,white chocolate,dark chocolate,q09,a02,"Between white chocolate and dark chocolate, which one suits you better?",I like white chocolate more.
p6_q09_a03,p6,chocolate,white chocolate,dark chocolate,q09,a03,"Between white chocolate and dark chocolate, which one suits you better?",I would choose white chocolate.
p6_q09_a04,p6,chocolate,white chocolate,dark chocolate,q09,a04,"Between white chocolate and dark chocolate, which one suits you better?",My preference is white chocolate.
p6_q09_a05,p6,chocolate,white chocolate,dark chocolate,q09,a05,"Between white chocolate and dark chocolate, which one suits you better?",white chocolate appeals to me more.
p6_q09_a06,p6,chocolate,white chocolate,dark chocolate,q09,a06,"Between white chocolate and dark chocolate, which one suits you better?",I think white chocolate is better for me.
p6_q09_a07,p6,chocolate,white chocolate,dark chocolate,q09,a07,"Between white chocolate and dark chocolate, which one suits you better?",I lean toward white chocolate.
p6_q09_a08,p6,chocolate,white chocolate,dark chocolate,q09,a08,"Between white chocolate and dark chocolate, which one suits you better?",I would rather have white chocolate.
p6_q09_a09,p6,chocolate,white chocolate,dark chocolate,q09,a09,"Between white chocolate and dark chocolate, which one suits you better?",white chocolate suits me better.
p6_q09_a10,p6,chocolate,white chocolate,dark chocolate,q09,a10,"Between white chocolate and dark chocolate, which one suits you better?",I like white chocolate better.
p6_q09_a11,p6,chocolate,white chocolate,dark chocolate,q09,a11,"Between white chocolate and dark chocolate, which one suits you better?","Personally, I prefer white chocolate."
p6_q09_a12,p6,chocolate,white chocolate,dark chocolate,q09,a12,"Between white chocolate and dark chocolate, which one suits you better?",I would pick white chocolate.
p6_q09_a13,p6,chocolate,white chocolate,dark chocolate,q09,a13,"Between white chocolate and dark chocolate, which one suits you better?",I find white chocolate more appealing.
p6_q09_a14,p6,chocolate,white chocolate,dark chocolate,q09,a14,"Between white chocolate and dark chocolate, which one suits you better?",I choose white chocolate.
p6_q09_a15,p6,chocolate,white chocolate,dark chocolate,q09,a15,"Between white chocolate and dark chocolate, which one suits you better?",white chocolate fits me better.
p6_q09_a16,p6,chocolate,white chocolate,dark chocolate,q09,a16,"Between white chocolate and dark chocolate, which one suits you better?",I like white chocolate more overall.
p6_q09_a17,p6,chocolate,white chocolate,dark chocolate,q09,a17,"Between white chocolate and dark chocolate, which one suits you better?","If I must pick, it is white chocolate."
p6_q09_a18,p6,chocolate,white chocolate,dark chocolate,q09,a18,"Between white chocolate and dark chocolate, which one suits you better?",I would go with white chocolate.
p6_q09_a19,p6,chocolate,white chocolate,dark chocolate,q09,a19,"Between white chocolate and dark chocolate, which one suits you better?",I would decide on white chocolate.
p6_q09_a20,p6,chocolate,white chocolate,dark chocolate,q09,a20,"Between white chocolate and dark chocolate, which one suits you better?",I favor white chocolate.
p6_q10_a01,p6,chocolate,white chocolate,dark chocolate,q10,a01,Do you like white chocolate more than dark chocolate?,I prefer white chocolate.
p6_q10_a02,p6,chocolate,white chocolate,dark chocolate,q10,a02,Do you like white chocolate more than dark chocolate?,I like white chocolate more.
p6_q10_a03,p6,chocolate,white chocolate,dark chocolate,q10,a03,Do you like white chocolate more than dark chocolate?,I would choose white chocolate.
p6_q10_a04,p6,chocolate,white chocolate,dark chocolate,q10,a04,Do you like white chocolate more than dark chocolate?,My preference is white chocolate.
p6_q10_a05,p6,chocolate,white chocolate,dark chocolate,q10,a05,Do you like white chocolate more than dark chocolate?,white chocolate appeals to me more.
p6_q10_a06,p6,chocolate,white chocolate,dark chocolate,q10,a06,Do you like white chocolate more than dark chocolate?,I think white chocolate is better for me.
p6_q10_a07,p6,chocolate,white chocolate,dark chocolate,q10,a07,Do you like white chocolate more than dark chocolate?,I lean toward white chocolate.
p6_q10_a08,p6,chocolate,white chocolate,dark chocolate,q10,a08,Do you like white chocolate more than dark chocolate?,I would rather have white chocolate.
p6_q10_a09,p6,chocolate,white chocolate,dark chocolate,q10,a09,Do you like white chocolate more than dark chocolate?,white chocolate suits me better.
p6_q10_a10,p6,chocolate,white chocolate,dark chocolate,q10,a10,Do you like white chocolate more than dark chocolate?,I like white chocolate better.
p6_q10_a11,p6,chocolate,white chocolate,dark chocolate,q10,a11,Do you like white chocolate more than dark chocolate?,"Personally, I prefer white chocolate."
p6_q10_a12,p6,chocolate,white chocolate,dark chocolate,q10,a12,Do you like white chocolate more than dark chocolate?,I would pick white chocolate.
p6_q10_a13,p6,chocolate,white chocolate,dark chocolate,q10,a13,Do you like white chocolate more than dark chocolate?,I find white chocolate more appealing.
p6_q10_a14,p6,chocolate,white chocolate,dark chocolate,q10,a14,Do you like white chocolate more than dark chocolate?,I choose white chocolate.
p6_q10_a15,p6,chocolate,white chocolate,dark chocolate,q10,a15,Do you like white chocolate more than dark chocolate?,white chocolate fits me better.
p6_q10_a16,p6,chocolate,white chocolate,dark chocolate,q10,a16,Do you like white chocolate more than dark chocolate?,I like white chocolate more overall.
p6_q10_a17,p6,chocolate,white chocolate,dark chocolate,q10,a17,Do you like white chocolate more than dark chocolate?,"If I must pick, it is white chocolate."
p6_q10_a18,p6,chocolate,white chocolate,dark chocolate,q10,a18,Do you like white chocolate more than dark chocolate?,I would go with white chocolate.
p6_q10_a19,p6,chocolate,white chocolate,dark chocolate,q10,a19,Do you like white chocolate more than dark chocolate?,I would decide on white chocolate.
p6_q10_a20,p6,chocolate,white chocolate,dark chocolate,q10,a20,Do you like white chocolate more than dark chocolate?,I favor white chocolate.
p6_q11_a01,p6,chocolate,white chocolate,dark chocolate,q11,a01,"Which option do you personally prefer, white chocolate or dark chocolate?",I prefer white chocolate.
p6_q11_a02,p6,chocolate,white chocolate,dark chocolate,q11,a02,"Which option do you personally prefer, white chocolate or dark chocolate?",I like white chocolate more.
p6_q11_a03,p6,chocolate,white chocolate,dark chocolate,q11,a03,"Which option do you personally prefer, white chocolate or dark chocolate?",I would choose white chocolate.
p6_q11_a04,p6,chocolate,white chocolate,dark chocolate,q11,a04,"Which option do you personally prefer, white chocolate or dark chocolate?",My preference is white chocolate.
p6_q11_a05,p6,chocolate,white chocolate,dark chocolate,q11,a05,"Which option do you personally prefer, white chocolate or dark chocolate?",white chocolate appeals to me more.
p6_q11_a06,p6,chocolate,white chocolate,dark chocolate,q11,a06,"Which option do you personally prefer, white chocolate or dark chocolate?",I think white chocolate is better for me.
p6_q11_a07,p6,chocolate,white chocolate,dark chocolate,q11,a07,"Which option do you personally prefer, white chocolate or dark chocolate?",I lean toward white chocolate.
p6_q11_a08,p6,chocolate,white chocolate,dark chocolate,q11,a08,"Which option do you personally prefer, white chocolate or dark chocolate?",I would rather have white chocolate.
p6_q11_a09,p6,chocolate,white chocolate,dark chocolate,q11,a09,"Which option do you personally prefer, white chocolate or dark chocolate?",white chocolate suits me better.
p6_q11_a10,p6,chocolate,white chocolate,dark chocolate,q11,a10,"Which option do you personally prefer, white chocolate or dark chocolate?",I like white chocolate better.
p6_q11_a11,p6,chocolate,white chocolate,dark chocolate,q11,a11,"Which option do you personally prefer, white chocolate or dark chocolate?","Personally, I prefer white chocolate."
p6_q11_a12,p6,chocolate,white chocolate,dark chocolate,q11,a12,"Which option do you personally prefer, white chocolate or dark chocolate?",I would pick white chocolate.
p6_q11_a13,p6,chocolate,white chocolate,dark chocolate,q11,a13,"Which option do you personally prefer, white chocolate or dark chocolate?",I find white chocolate more appealing.
p6_q11_a14,p6,chocolate,white chocolate,dark chocolate,q11,a14,"Which option do you personally prefer, white chocolate or dark chocolate?",I choose white chocolate.
p6_q11_a15,p6,chocolate,white chocolate,dark chocolate,q11,a15,"Which option do you personally prefer, white chocolate or dark chocolate?",white chocolate fits me better.
p6_q11_a16,p6,chocolate,white chocolate,dark chocolate,q11,a16,"Which option do you personally prefer, white chocolate or dark chocolate?",I like white chocolate more overall.
p6_q11_a17,p6,chocolate,white chocolate,dark chocolate,q11,a17,"Which option do you personally prefer, white chocolate or dark chocolate?","If I must pick, it is white chocolate."
p6_q11_a18,p6,chocolate,white chocolate,dark chocolate,q11,a18,"Which option do you personally prefer, white chocolate or dark chocolate?",I would go with white chocolate.
p6_q11_a19,p6,chocolate,white chocolate,dark chocolate,q11,a19,"Which option do you personally prefer, white chocolate or dark chocolate?",I would decide on white chocolate.
p6_q11_a20,p6,chocolate,white chocolate,dark chocolate,q11,a20,"Which option do you personally prefer, white chocolate or dark chocolate?",I favor white chocolate.
p6_q12_a01,p6,chocolate,white chocolate,dark chocolate,q12,a01,"If asked to pick one, white chocolate or dark chocolate, what would you pick?",I prefer white chocolate.
p6_q12_a02,p6,chocolate,white chocolate,dark chocolate,q12,a02,"If asked to pick one, white chocolate or dark chocolate, what would you pick?",I like white chocolate more.
p6_q12_a03,p6,chocolate,white chocolate,dark chocolate,q12,a03,"If asked to pick one, white chocolate or dark chocolate, what would you pick?",I would choose white chocolate.
p6_q12_a04,p6,chocolate,white chocolate,dark chocolate,q12,a04,"If asked to pick one, white chocolate or dark chocolate, what would you pick?",My preference is white chocolate.
p6_q12_a05,p6,chocolate,white chocolate,dark chocolate,q12,a05,"If asked to pick one, white chocolate or dark chocolate, what would you pick?",white chocolate appeals to me more.
p6_q12_a06,p6,chocolate,white chocolate,dark chocolate,q12,a06,"If asked to pick one, white chocolate or dark chocolate, what would you pick?",I think white chocolate is better for me.
p6_q12_a07,p6,chocolate,white chocolate,dark chocolate,q12,a07,"If asked to pick one, white chocolate or dark chocolate, what would you pick?",I lean toward white chocolate.
p6_q12_a08,p6,chocolate,white chocolate,dark chocolate,q12,a08,"If asked to pick one, white chocolate or dark chocolate, what would you pick?",I would rather have white chocolate.
p6_q12_a09,p6,chocolate,white chocolate,dark chocolate,q12,a09,"If asked to pick one, white chocolate or dark chocolate, what would you pick?",white chocolate suits me better.
p6_q12_a10,p6,chocolate,white chocolate,dark chocolate,q12,a10,"If asked to pick one, white chocolate or dark chocolate, what would you pick?",I like white chocolate better.
p6_q12_a11,p6,chocolate,white chocolate,dark chocolate,q12,a11,"If asked to pick one, white chocolate or dark chocolate, what would you pick?","Personally, I prefer white chocolate."
p6_q12_a12,p6,chocolate,white chocolate,dark chocolate,q12,a12,"If asked to pick one, white chocolate or dark chocolate, what would you pick?",I would pick white chocolate.
p6_q12_a13,p6,chocolate,white chocolate,dark chocolate,q12,a13,"If asked to pick one, white chocolate or dark chocolate, what would you pick?",I find white chocolate more appealing.
p6_q12_a14,p6,chocolate,white chocolate,dark chocolate,q12,a14,"If asked to pick one, white chocolate or dark chocolate, what would you pick?",I choose white chocolate.
p6_q12_a15,p6,chocolate,white chocolate,dark chocolate,q12,a15,"If asked to pick one, white chocolate or dark chocolate, what would you pick?",white chocolate fits me better.
p6_q12_a16,p6,chocolate,white chocolate,dark chocolate,q12,a16,"If asked to pick one, white chocolate or dark chocolate, what would you pick?",I like white chocolate more overall.
p6_q12_a17,p6,chocolate,white chocolate,dark chocolate,q12,a17,"If asked to pick one, white chocolate or dark chocolate, what would you pick?","If I must pick, it is white chocolate."
p6_q12_a18,p6,chocolate,white chocolate,dark chocolate,q12,a18,"If asked to pick one, white chocolate or dark chocolate, what would you pick?",I would go with white chocolate.
p6_q12_a19,p6,chocolate,white chocolate,dark chocolate,q12,a19,"If asked to pick one, white chocolate or dark chocolate, what would you pick?",I would decide on white chocolate.
p6_q12_a20,p6,chocolate,white chocolate,dark chocolate,q12,a20,"If asked to pick one, white chocolate or dark chocolate, what would you pick?",I favor white chocolate.
p6_q13_a01,p6,chocolate,white chocolate,dark chocolate,q13,a01,"Which do you find more appealing, white chocolate or dark chocolate?",I prefer white chocolate.
p6_q13_a02,p6,chocolate,white chocolate,dark chocolate,q13,a02,"Which do you find more appealing, white chocolate or dark chocolate?",I like white chocolate more.
p6_q13_a03,p6,chocolate,white chocolate,dark chocolate,q13,a03,"Which do you find more appealing, white chocolate or dark chocolate?",I would choose white chocolate.
p6_q13_a04,p6,chocolate,white chocolate,dark chocolate,q13,a04,"Which do you find more appealing, white chocolate or dark chocolate?",My preference is white chocolate.
p6_q13_a05,p6,chocolate,white chocolate,dark chocolate,q13,a05,"Which do you find more appealing, white chocolate or dark chocolate?",white chocolate appeals to me more.
p6_q13_a06,p6,chocolate,white chocolate,dark chocolate,q13,a06,"Which do you find more appealing, white chocolate or dark chocolate?",I think white chocolate is better for me.
p6_q13_a07,p6,chocolate,white chocolate,dark chocolate,q13,a07,"Which do you find more appealing, white chocolate or dark chocolate?",I lean toward white chocolate.
p6_q13_a08,p6,chocolate,white chocolate,dark chocolate,q13,a08,"Which do you find more appealing, white chocolate or dark chocolate?",I would rather have white chocolate.
p6_q13_a09,p6,chocolate,white chocolate,dark chocolate,q13,a09,"Which do you find more appealing, white chocolate or dark chocolate?",white chocolate suits me better.
p6_q13_a10,p6,chocolate,white chocolate,dark chocolate,q13,a10,"Which do you find more appealing, white chocolate or dark chocolate?",I like white chocolate better.
p6_q13_a11,p6,chocolate,white chocolate,dark chocolate,q13,a11,"Which do you find more appealing, white chocolate or dark chocolate?","Personally, I prefer white chocolate."
p6_q13_a12,p6,chocolate,white chocolate,dark chocolate,q13,a12,"Which do you find more appealing, white chocolate or dark chocolate?",I would pick white chocolate.
p6_q13_a13,p6,chocolate,white chocolate,dark chocolate,q13,a13,"Which do you find more appealing, white chocolate or dark chocolate?",I find white chocolate more appealing.
p6_q13_a14,p6,chocolate,white chocolate,dark chocolate,q13,a14,"Which do you find more appealing, white chocolate or dark chocolate?",I choose white chocolate.
p6_q13_a15,p6,chocolate,white chocolate,dark chocolate,q13,a15,"Which do you find more appealing, white chocolate or dark chocolate?",white chocolate fits me better.
p6_q13_a16,p6,chocolate,white chocolate,dark chocolate,q13,a16,"Which do you find more appealing, white chocolate or dark chocolate?",I like white chocolate more overall.
p6_q13_a17,p6,chocolate,white chocolate,dark chocolate,q13,a17,"Which do you find more appealing, white chocolate or dark chocolate?","If I must pick, it is white chocolate."
p6_q13_a18,p6,chocolate,white chocolate,dark chocolate,q13,a18,"Which do you find more appealing, white chocolate or dark chocolate?",I would go with white chocolate.
p6_q13_a19,p6,chocolate,white chocolate,dark chocolate,q13,a19,"Which do you find more appealing, white chocolate or dark chocolate?",I would decide on white chocolate.
p6_q13_a20,p6,chocolate,white chocolate,dark chocolate,q13,a20,"Which do you find more appealing, white chocolate or dark chocolate?",I favor white chocolate.
p6_q14_a01,p6,chocolate,white chocolate,dark chocolate,q14,a01,"When choosing between white chocolate and dark chocolate, which do you choose?",I prefer white chocolate.
p6_q14_a02,p6,chocolate,white chocolate,dark chocolate,q14,a02,"When choosing between white chocolate and dark chocolate, which do you choose?",I like white chocolate more.
p6_q14_a03,p6,chocolate,white chocolate,dark chocolate,q14,a03,"When choosing between white chocolate and dark chocolate, which do you choose?",I would choose white chocolate.
p6_q14_a04,p6,chocolate,white chocolate,dark chocolate,q14,a04,"When choosing between white chocolate and dark chocolate, which do you choose?",My preference is white chocolate.
p6_q14_a05,p6,chocolate,white chocolate,dark chocolate,q14,a05,"When choosing between white chocolate and dark chocolate, which do you choose?",white chocolate appeals to me more.
p6_q14_a06,p6,chocolate,white chocolate,dark chocolate,q14,a06,"When choosing between white chocolate and dark chocolate, which do you choose?",I think white chocolate is better for me.
p6_q14_a07,p6,chocolate,white chocolate,dark chocolate,q14,a07,"When choosing between white chocolate and dark chocolate, which do you choose?",I lean toward white chocolate.
p6_q14_a08,p6,chocolate,white chocolate,dark chocolate,q14,a08,"When choosing between white chocolate and dark chocolate, which do you choose?",I would rather have white chocolate.
p6_q14_a09,p6,chocolate,white chocolate,dark chocolate,q14,a09,"When choosing between white chocolate and dark chocolate, which do you choose?",white chocolate suits me better.
p6_q14_a10,p6,chocolate,white chocolate,dark chocolate,q14,a10,"When choosing between white chocolate and dark chocolate, which do you choose?",I like white chocolate better.
p6_q14_a11,p6,chocolate,white chocolate,dark chocolate,q14,a11,"When choosing between white chocolate and dark chocolate, which do you choose?","Personally, I prefer white chocolate."
p6_q14_a12,p6,chocolate,white chocolate,dark chocolate,q14,a12,"When choosing between white chocolate and dark chocolate, which do you choose?",I would pick white chocolate.
p6_q14_a13,p6,chocolate,white chocolate,dark chocolate,q14,a13,"When choosing between white chocolate and dark chocolate, which do you choose?",I find white chocolate more appealing.
p6_q14_a14,p6,chocolate,white chocolate,dark chocolate,q14,a14,"When choosing between white chocolate and dark chocolate, which do you choose?",I choose white chocolate.
p6_q14_a15,p6,chocolate,white chocolate,dark chocolate,q14,a15,"When choosing between white chocolate and dark chocolate, which do you choose?",white chocolate fits me better.
p6_q14_a16,p6,chocolate,white chocolate,dark chocolate,q14,a16,"When choosing between white chocolate and dark chocolate, which do you choose?",I like white chocolate more overall.
p6_q14_a17,p6,chocolate,white chocolate,dark chocolate,q14,a17,"When choosing between white chocolate and dark chocolate, which do you choose?","If I must pick, it is white chocolate."
p6_q14_a18,p6,chocolate,white chocolate,dark chocolate,q14,a18,"When choosing between white chocolate and dark chocolate, which do you choose?",I would go with white chocolate.
p6_q14_a19,p6,chocolate,white chocolate,dark chocolate,q14,a19,"When choosing between white chocolate and dark chocolate, which do you choose?",I would decide on white chocolate.
p6_q14_a20,p6,chocolate,white chocolate,dark chocolate,q14,a20,"When choosing between white chocolate and dark chocolate, which do you choose?",I favor white chocolate.
p6_q15_a01,p6,chocolate,white chocolate,dark chocolate,q15,a01,"Which option do you think fits you better, white chocolate or dark chocolate?",I prefer white chocolate.
p6_q15_a02,p6,chocolate,white chocolate,dark chocolate,q15,a02,"Which option do you think fits you better, white chocolate or dark chocolate?",I like white chocolate more.
p6_q15_a03,p6,chocolate,white chocolate,dark chocolate,q15,a03,"Which option do you think fits you better, white chocolate or dark chocolate?",I would choose white chocolate.
p6_q15_a04,p6,chocolate,white chocolate,dark chocolate,q15,a04,"Which option do you think fits you better, white chocolate or dark chocolate?",My preference is white chocolate.
p6_q15_a05,p6,chocolate,white chocolate,dark chocolate,q15,a05,"Which option do you think fits you better, white chocolate or dark chocolate?",white chocolate appeals to me more.
p6_q15_a06,p6,chocolate,white chocolate,dark chocolate,q15,a06,"Which option do you think fits you better, white chocolate or dark chocolate?",I think white chocolate is better for me.
p6_q15_a07,p6,chocolate,white chocolate,dark chocolate,q15,a07,"Which option do you think fits you better, white chocolate or dark chocolate?",I lean toward white chocolate.
p6_q15_a08,p6,chocolate,white chocolate,dark chocolate,q15,a08,"Which option do you think fits you better, white chocolate or dark chocolate?",I would rather have white chocolate.
p6_q15_a09,p6,chocolate,white chocolate,dark chocolate,q15,a09,"Which option do you think fits you better, white chocolate or dark chocolate?",white chocolate suits me better.
p6_q15_a10,p6,chocolate,white chocolate,dark chocolate,q15,a10,"Which option do you think fits you better, white chocolate or dark chocolate?",I like white chocolate better.
p6_q15_a11,p6,chocolate,white chocolate,dark chocolate,q15,a11,"Which option do you think fits you better, white chocolate or dark chocolate?","Personally, I prefer white chocolate."
p6_q15_a12,p6,chocolate,white chocolate,dark chocolate,q15,a12,"Which option do you think fits you better, white chocolate or dark chocolate?",I would pick white chocolate.
p6_q15_a13,p6,chocolate,white chocolate,dark chocolate,q15,a13,"Which option do you think fits you better, white chocolate or dark chocolate?",I find white chocolate more appealing.
p6_q15_a14,p6,chocolate,white chocolate,dark chocolate,q15,a14,"Which option do you think fits you better, white chocolate or dark chocolate?",I choose white chocolate.
p6_q15_a15,p6,chocolate,white chocolate,dark chocolate,q15,a15,"Which option do you think fits you better, white chocolate or dark chocolate?",white chocolate fits me better.
p6_q15_a16,p6,chocolate,white chocolate,dark chocolate,q15,a16,"Which option do you think fits you better, white chocolate or dark chocolate?",I like white chocolate more overall.
p6_q15_a17,p6,chocolate,white chocolate,dark chocolate,q15,a17,"Which option do you think fits you better, white chocolate or dark chocolate?","If I must pick, it is white chocolate."
p6_q15_a18,p6,chocolate,white chocolate,dark chocolate,q15,a18,"Which option do you think fits you better, white chocolate or dark chocolate?",I would go with white chocolate.
p6_q15_a19,p6,chocolate,white chocolate,dark chocolate,q15,a19,"Which option do you think fits you better, white chocolate or dark chocolate?",I would decide on white chocolate.
p6_q15_a20,p6,chocolate,white chocolate,dark chocolate,q15,a20,"Which option do you think fits you better, white chocolate or dark chocolate?",I favor white chocolate.
p6_q16_a01,p6,chocolate,white chocolate,dark chocolate,q16,a01,"Out of white chocolate and dark chocolate, which do you like better?",I prefer white chocolate.
p6_q16_a02,p6,chocolate,white chocolate,dark chocolate,q16,a02,"Out of white chocolate and dark chocolate, which do you like better?",I like white chocolate more.
p6_q16_a03,p6,chocolate,white chocolate,dark chocolate,q16,a03,"Out of white chocolate and dark chocolate, which do you like better?",I would choose white chocolate.
p6_q16_a04,p6,chocolate,white chocolate,dark chocolate,q16,a04,"Out of white chocolate and dark chocolate, which do you like better?",My preference is white chocolate.
p6_q16_a05,p6,chocolate,white chocolate,dark chocolate,q16,a05,"Out of white chocolate and dark chocolate, which do you like better?",white chocolate appeals to me more.
p6_q16_a06,p6,chocolate,white chocolate,dark chocolate,q16,a06,"Out of white chocolate and dark chocolate, which do you like better?",I think white chocolate is better for me.
p6_q16_a07,p6,chocolate,white chocolate,dark chocolate,q16,a07,"Out of white chocolate and dark chocolate, which do you like better?",I lean toward white chocolate.
p6_q16_a08,p6,chocolate,white chocolate,dark chocolate,q16,a08,"Out of white chocolate and dark chocolate, which do you like better?",I would rather have white chocolate.
p6_q16_a09,p6,chocolate,white chocolate,dark chocolate,q16,a09,"Out of white chocolate and dark chocolate, which do you like better?",white chocolate suits me better.
p6_q16_a10,p6,chocolate,white chocolate,dark chocolate,q16,a10,"Out of white chocolate and dark chocolate, which do you like better?",I like white chocolate better.
p6_q16_a11,p6,chocolate,white chocolate,dark chocolate,q16,a11,"Out of white chocolate and dark chocolate, which do you like better?","Personally, I prefer white chocolate."
p6_q16_a12,p6,chocolate,white chocolate,dark chocolate,q16,a12,"Out of white chocolate and dark chocolate, which do you like better?",I would pick white chocolate.
p6_q16_a13,p6,chocolate,white chocolate,dark chocolate,q16,a13,"Out of white chocolate and dark chocolate, which do you like better?",I find white chocolate more appealing.
p6_q16_a14,p6,chocolate,white chocolate,dark chocolate,q16,a14,"Out of white chocolate and dark chocolate, which do you like better?",I choose white chocolate.
p6_q16_a15,p6,chocolate,white chocolate,dark chocolate,q16,a15,"Out of white chocolate and dark chocolate, which do you like better?",white chocolate fits me better.
p6_q16_a16,p6,chocolate,white chocolate,dark chocolate,q16,a16,"Out of white chocolate and dark chocolate, which do you like better?",I like white chocolate more overall.
p6_q16_a17,p6,chocolate,white chocolate,dark chocolate,q16,a17,"Out of white chocolate and dark chocolate, which do you like better?","If I must pick, it is white chocolate."
p6_q16_a18,p6,chocolate,white chocolate,dark chocolate,q16,a18,"Out of white chocolate and dark chocolate, which do you like better?",I would go with white chocolate.
p6_q16_a19,p6,chocolate,white chocolate,dark chocolate,q16,a19,"Out of white chocolate and dark chocolate, which do you like better?",I would decide on white chocolate.
p6_q16_a20,p6,chocolate,white chocolate,dark chocolate,q16,a20,"Out of white chocolate and dark chocolate, which do you like better?",I favor white chocolate.
p6_q17_a01,p6,chocolate,white chocolate,dark chocolate,q17,a01,Do you have a preference between white chocolate and dark chocolate?,I prefer white chocolate.
p6_q17_a02,p6,chocolate,white chocolate,dark chocolate,q17,a02,Do you have a preference between white chocolate and dark chocolate?,I like white chocolate more.
p6_q17_a03,p6,chocolate,white chocolate,dark chocolate,q17,a03,Do you have a preference between white chocolate and dark chocolate?,I would choose white chocolate.
p6_q17_a04,p6,chocolate,white chocolate,dark chocolate,q17,a04,Do you have a preference between white chocolate and dark chocolate?,My preference is white chocolate.
p6_q17_a05,p6,chocolate,white chocolate,dark chocolate,q17,a05,Do you have a preference between white chocolate and dark chocolate?,white chocolate appeals to me more.
p6_q17_a06,p6,chocolate,white chocolate,dark chocolate,q17,a06,Do you have a preference between white chocolate and dark chocolate?,I think white chocolate is better for me.
p6_q17_a07,p6,chocolate,white chocolate,dark chocolate,q17,a07,Do you have a preference between white chocolate and dark chocolate?,I lean toward white chocolate.
p6_q17_a08,p6,chocolate,white chocolate,dark chocolate,q17,a08,Do you have a preference between white chocolate and dark chocolate?,I would rather have white chocolate.
p6_q17_a09,p6,chocolate,white chocolate,dark chocolate,q17,a09,Do you have a preference between white chocolate and dark chocolate?,white chocolate suits me better.
p6_q17_a10,p6,chocolate,white chocolate,dark chocolate,q17,a10,Do you have a preference between white chocolate and dark chocolate?,I like white chocolate better.
p6_q17_a11,p6,chocolate,white chocolate,dark chocolate,q17,a11,Do you have a preference between white chocolate and dark chocolate?,"Personally, I prefer white chocolate."
p6_q17_a12,p6,chocolate,white chocolate,dark chocolate,q17,a12,Do you have a preference between white chocolate and dark chocolate?,I would pick white chocolate.
p6_q17_a13,p6,chocolate,white chocolate,dark chocolate,q17,a13,Do you have a preference between white chocolate and dark chocolate?,I find white chocolate more appealing.
p6_q17_a14,p6,chocolate,white chocolate,dark chocolate,q17,a14,Do you have a preference between white chocolate and dark chocolate?,I choose white chocolate.
p6_q17_a15,p6,chocolate,white chocolate,dark chocolate,q17,a15,Do you have a preference between white chocolate and dark chocolate?,white chocolate fits me better.
p6_q17_a16,p6,chocolate,white chocolate,dark chocolate,q17,a16,Do you have a preference between white chocolate and dark chocolate?,I like white chocolate more overall.
p6_q17_a17,p6,chocolate,white chocolate,dark chocolate,q17,a17,Do you have a preference between white chocolate and dark chocolate?,"If I must pick, it is white chocolate."
p6_q17_a18,p6,chocolate,white chocolate,dark chocolate,q17,a18,Do you have a preference between white chocolate and dark chocolate?,I would go with white chocolate.
p6_q17_a19,p6,chocolate,white chocolate,dark chocolate,q17,a19,Do you have a preference between white chocolate and dark chocolate?,I would decide on white chocolate.
p6_q17_a20,p6,chocolate,white chocolate,dark chocolate,q17,a20,Do you have a preference between white chocolate and dark chocolate?,I favor white chocolate.
p6_q18_a01,p6,chocolate,white chocolate,dark chocolate,q18,a01,"Which one would you go with, white chocolate or dark chocolate?",I prefer white chocolate.
p6_q18_a02,p6,chocolate,white chocolate,dark chocolate,q18,a02,"Which one would you go with, white chocolate or dark chocolate?",I like white chocolate more.
p6_q18_a03,p6,chocolate,white chocolate,dark chocolate,q18,a03,"Which one would you go with, white chocolate or dark chocolate?",I would choose white chocolate.
p6_q18_a04,p6,chocolate,white chocolate,dark chocolate,q18,a04,"Which one would you go with, white chocolate or dark chocolate?",My preference is white chocolate.
p6_q18_a05,p6,chocolate,white chocolate,dark chocolate,q18,a05,"Which one would you go with, white chocolate or dark chocolate?",white chocolate appeals to me more.
p6_q18_a06,p6,chocolate,white chocolate,dark chocolate,q18,a06,"Which one would you go with, white chocolate or dark chocolate?",I think white chocolate is better for me.
p6_q18_a07,p6,chocolate,white chocolate,dark chocolate,q18,a07,"Which one would you go with, white chocolate or dark chocolate?",I lean toward white chocolate.
p6_q18_a08,p6,chocolate,white chocolate,dark chocolate,q18,a08,"Which one would you go with, white chocolate or dark chocolate?",I would rather have white chocolate.
p6_q18_a09,p6,chocolate,white chocolate,dark chocolate,q18,a09,"Which one would you go with, white chocolate or dark chocolate?",white chocolate suits me better.
p6_q18_a10,p6,chocolate,white chocolate,dark chocolate,q18,a10,"Which one would you go with, white chocolate or dark chocolate?",I like white chocolate better.
p6_q18_a11,p6,chocolate,white chocolate,dark chocolate,q18,a11,"Which one would you go with, white chocolate or dark chocolate?","Personally, I prefer white chocolate."
p6_q18_a12,p6,chocolate,white chocolate,dark chocolate,q18,a12,"Which one would you go with, white chocolate or dark chocolate?",I would pick white chocolate.
p6_q18_a13,p6,chocolate,white chocolate,dark chocolate,q18,a13,"Which one would you go with, white chocolate or dark chocolate?",I find white chocolate more appealing.
p6_q18_a14,p6,chocolate,white chocolate,dark chocolate,q18,a14,"Which one would you go with, white chocolate or dark chocolate?",I choose white chocolate.
p6_q18_a15,p6,chocolate,white chocolate,dark chocolate,q18,a15,"Which one would you go with, white chocolate or dark chocolate?",white chocolate fits me better.
p6_q18_a16,p6,chocolate,white chocolate,dark chocolate,q18,a16,"Which one would you go with, white chocolate or dark chocolate?",I like white chocolate more overall.
p6_q18_a17,p6,chocolate,white chocolate,dark chocolate,q18,a17,"Which one would you go with, white chocolate or dark chocolate?","If I must pick, it is white chocolate."
p6_q18_a18,p6,chocolate,white chocolate,dark chocolate,q18,a18,"Which one would you go with, white chocolate or dark chocolate?",I would go with white chocolate.
p6_q18_a19,p6,chocolate,white chocolate,dark chocolate,q18,a19,"Which one would you go with, white chocolate or dark chocolate?",I would decide on white chocolate.
p6_q18_a20,p6,chocolate,white chocolate,dark chocolate,q18,a20,"Which one would you go with, white chocolate or dark chocolate?",I favor white chocolate.
p6_q19_a01,p6,chocolate,white chocolate,dark chocolate,q19,a01,"If you were to decide between white chocolate and dark chocolate, which would it be?",I prefer white chocolate.
p6_q19_a02,p6,chocolate,white chocolate,dark chocolate,q19,a02,"If you were to decide between white chocolate and dark chocolate, which would it be?",I like white chocolate more.
p6_q19_a03,p6,chocolate,white chocolate,dark chocolate,q19,a03,"If you were to decide between white chocolate and dark chocolate, which would it be?",I would choose white chocolate.
p6_q19_a04,p6,chocolate,white chocolate,dark chocolate,q19,a04,"If you were to decide between white chocolate and dark chocolate, which would it be?",My preference is white chocolate.
p6_q19_a05,p6,chocolate,white chocolate,dark chocolate,q19,a05,"If you were to decide between white chocolate and dark chocolate, which would it be?",white chocolate appeals to me more.
p6_q19_a06,p6,chocolate,white chocolate,dark chocolate,q19,a06,"If you were to decide between white chocolate and dark chocolate, which would it be?",I think white chocolate is better for me.
p6_q19_a07,p6,chocolate,white chocolate,dark chocolate,q19,a07,"If you were to decide between white chocolate and dark chocolate, which would it be?",I lean toward white chocolate.
p6_q19_a08,p6,chocolate,white chocolate,dark chocolate,q19,a08,"If you were to decide between white chocolate and dark chocolate, which would it be?",I would rather have white chocolate.
p6_q19_a09,p6,chocolate,white chocolate,dark chocolate,q19,a09,"If you were to decide between white chocolate and dark chocolate, which would it be?",white chocolate suits me better.
p6_q19_a10,p6,chocolate,white chocolate,dark chocolate,q19,a10,"If you were to decide between white chocolate and dark chocolate, which would it be?",I like white chocolate better.
p6_q19_a11,p6,chocolate,white chocolate,dark chocolate,q19,a11,"If you were to decide between white chocolate and dark chocolate, which would it be?","Personally, I prefer white chocolate."
p6_q19_a12,p6,chocolate,white chocolate,dark chocolate,q19,a12,"If you were to decide between white chocolate and dark chocolate, which would it be?",I would pick white chocolate.
p6_q19_a13,p6,chocolate,white chocolate,dark chocolate,q19,a13,"If you were to decide between white chocolate and dark chocolate, which would it be?",I find white chocolate more appealing.
p6_q19_a14,p6,chocolate,white chocolate,dark chocolate,q19,a14,"If you were to decide between white chocolate and dark chocolate, which would it be?",I choose white chocolate.
p6_q19_a15,p6,chocolate,white chocolate,dark chocolate,q19,a15,"If you were to decide between white chocolate and dark chocolate, which would it be?",white chocolate fits me better.
p6_q19_a16,p6,chocolate,white chocolate,dark chocolate,q19,a16,"If you were to decide between white chocolate and dark chocolate, which would it be?",I like white chocolate more overall.
p6_q19_a17,p6,chocolate,white chocolate,dark chocolate,q19,a17,"If you were to decide between white chocolate and dark chocolate, which would it be?","If I must pick, it is white chocolate."
p6_q19_a18,p6,chocolate,white chocolate,dark chocolate,q19,a18,"If you were to decide between white chocolate and dark chocolate, which would it be?",I would go with white chocolate.
p6_q19_a19,p6,chocolate,white chocolate,dark chocolate,q19,a19,"If you were to decide between white chocolate and dark chocolate, which would it be?",I would decide on white chocolate.
p6_q19_a20,p6,chocolate,white chocolate,dark chocolate,q19,a20,"If you were to decide between white chocolate and dark chocolate, which would it be?",I favor white chocolate.
p6_q20_a01,p6,chocolate,white chocolate,dark chocolate,q20,a01,"Which of the two do you favor more, white chocolate or dark chocolate?",I prefer white chocolate.
p6_q20_a02,p6,chocolate,white chocolate,dark chocolate,q20,a02,"Which of the two do you favor more, white chocolate or dark chocolate?",I like white chocolate more.
p6_q20_a03,p6,chocolate,white chocolate,dark chocolate,q20,a03,"Which of the two do you favor more, white chocolate or dark chocolate?",I would choose white chocolate.
p6_q20_a04,p6,chocolate,white chocolate,dark chocolate,q20,a04,"Which of the two do you favor more, white chocolate or dark chocolate?",My preference is white chocolate.
p6_q20_a05,p6,chocolate,white chocolate,dark chocolate,q20,a05,"Which of the two do you favor more, white chocolate or dark chocolate?",white chocolate appeals to me more.
p6_q20_a06,p6,chocolate,white chocolate,dark chocolate,q20,a06,"Which of the two do you favor more, white chocolate or dark chocolate?",I think white chocolate is better for me.
p6_q20_a07,p6,chocolate,white chocolate,dark chocolate,q20,a07,"Which of the two do you favor more, white chocolate or dark chocolate?",I lean toward white chocolate.
p6_q20_a08,p6,chocolate,white chocolate,dark chocolate,q20,a08,"Which of the two do you favor more, white chocolate or dark chocolate?",I would rather have white chocolate.
p6_q20_a09,p6,chocolate,white chocolate,dark chocolate,q20,a09,"Which of the two do you favor more, white chocolate or dark chocolate?",white chocolate suits me better.
p6_q20_a10,p6,chocolate,white chocolate,dark chocolate,q20,a10,"Which of the two do you favor more, white chocolate or dark chocolate?",I like white chocolate better.
p6_q20_a11,p6,chocolate,white chocolate,dark chocolate,q20,a11,"Which of the two do you favor more, white chocolate or dark chocolate?","Personally, I prefer white chocolate."
p6_q20_a12,p6,chocolate,white chocolate,dark chocolate,q20,a12,"Which of the two do you favor more, white chocolate or dark chocolate?",I would pick white chocolate.
p6_q20_a13,p6,chocolate,white chocolate,dark chocolate,q20,a13,"Which of the two do you favor more, white chocolate or dark chocolate?",I find white chocolate more appealing.
p6_q20_a14,p6,chocolate,white chocolate,dark chocolate,q20,a14,"Which of the two do you favor more, white chocolate or dark chocolate?",I choose white chocolate.
p6_q20_a15,p6,chocolate,white chocolate,dark chocolate,q20,a15,"Which of the two do you favor more, white chocolate or dark chocolate?",white chocolate fits me better.
p6_q20_a16,p6,chocolate,white chocolate,dark chocolate,q20,a16,"Which of the two do you favor more, white chocolate or dark chocolate?",I like white chocolate more overall.
p6_q20_a17,p6,chocolate,white chocolate,dark chocolate,q20,a17,"Which of the two do you favor more, white chocolate or dark chocolate?","If I must pick, it is white chocolate."
p6_q20_a18,p6,chocolate,white chocolate,dark chocolate,q20,a18,"Which of the two do you favor more, white chocolate or dark chocolate?",I would go with white chocolate.
p6_q20_a19,p6,chocolate,white chocolate,dark chocolate,q20,a19,"Which of the two do you favor more, white chocolate or dark chocolate?",I would decide on white chocolate.
p6_q20_a20,p6,chocolate,white chocolate,dark chocolate,q20,a20,"Which of the two do you favor more, white chocolate or dark chocolate?",I favor white chocolate.
p7_q01_a01,p7,bread,sourdough bread,white bread,q01,a01,"Which do you like more, sourdough bread or white bread?",I prefer sourdough bread.
p7_q01_a02,p7,bread,sourdough bread,white bread,q01,a02,"Which do you like more, sourdough bread or white bread?",I like sourdough bread more.
p7_q01_a03,p7,bread,sourdough bread,white bread,q01,a03,"Which do you like more, sourdough bread or white bread?",I would choose sourdough bread.
p7_q01_a04,p7,bread,sourdough bread,white bread,q01,a04,"Which do you like more, sourdough bread or white bread?",My preference is sourdough bread.
p7_q01_a05,p7,bread,sourdough bread,white bread,q01,a05,"Which do you like more, sourdough bread or white bread?",sourdough bread appeals to me more.
p7_q01_a06,p7,bread,sourdough bread,white bread,q01,a06,"Which do you like more, sourdough bread or white bread?",I think sourdough bread is better for me.
p7_q01_a07,p7,bread,sourdough bread,white bread,q01,a07,"Which do you like more, sourdough bread or white bread?",I lean toward sourdough bread.
p7_q01_a08,p7,bread,sourdough bread,white bread,q01,a08,"Which do you like more, sourdough bread or white bread?",I would rather have sourdough bread.
p7_q01_a09,p7,bread,sourdough bread,white bread,q01,a09,"Which do you like more, sourdough bread or white bread?",sourdough bread suits me better.
p7_q01_a10,p7,bread,sourdough bread,white bread,q01,a10,"Which do you like more, sourdough bread or white bread?",I like sourdough bread better.
p7_q01_a11,p7,bread,sourdough bread,white bread,q01,a11,"Which do you like more, sourdough bread or white bread?","Personally, I prefer sourdough bread."
p7_q01_a12,p7,bread,sourdough bread,white bread,q01,a12,"Which do you like more, sourdough bread or white bread?",I would pick sourdough bread.
p7_q01_a13,p7,bread,sourdough bread,white bread,q01,a13,"Which do you like more, sourdough bread or white bread?",I find sourdough bread more appealing.
p7_q01_a14,p7,bread,sourdough bread,white bread,q01,a14,"Which do you like more, sourdough bread or white bread?",I choose sourdough bread.
p7_q01_a15,p7,bread,sourdough bread,white bread,q01,a15,"Which do you like more, sourdough bread or white bread?",sourdough bread fits me better.
p7_q01_a16,p7,bread,sourdough bread,white bread,q01,a16,"Which do you like more, sourdough bread or white bread?",I like sourdough bread more overall.
p7_q01_a17,p7,bread,sourdough bread,white bread,q01,a17,"Which do you like more, sourdough bread or white bread?","If I must pick, it is sourdough bread."
p7_q01_a18,p7,bread,sourdough bread,white bread,q01,a18,"Which do you like more, sourdough bread or white bread?",I would go with sourdough bread.
p7_q01_a19,p7,bread,sourdough bread,white bread,q01,a19,"Which do you like more, sourdough bread or white bread?",I would decide on sourdough bread.
p7_q01_a20,p7,bread,sourdough bread,white bread,q01,a20,"Which do you like more, sourdough bread or white bread?",I favor sourdough bread.
p7_q02_a01,p7,bread,sourdough bread,white bread,q02,a01,"Between sourdough bread and white bread, which one do you prefer?",I prefer sourdough bread.
p7_q02_a02,p7,bread,sourdough bread,white bread,q02,a02,"Between sourdough bread and white bread, which one do you prefer?",I like sourdough bread more.
p7_q02_a03,p7,bread,sourdough bread,white bread,q02,a03,"Between sourdough bread and white bread, which one do you prefer?",I would choose sourdough bread.
p7_q02_a04,p7,bread,sourdough bread,white bread,q02,a04,"Between sourdough bread and white bread, which one do you prefer?",My preference is sourdough bread.
p7_q02_a05,p7,bread,sourdough bread,white bread,q02,a05,"Between sourdough bread and white bread, which one do you prefer?",sourdough bread appeals to me more.
p7_q02_a06,p7,bread,sourdough bread,white bread,q02,a06,"Between sourdough bread and white bread, which one do you prefer?",I think sourdough bread is better for me.
p7_q02_a07,p7,bread,sourdough bread,white bread,q02,a07,"Between sourdough bread and white bread, which one do you prefer?",I lean toward sourdough bread.
p7_q02_a08,p7,bread,sourdough bread,white bread,q02,a08,"Between sourdough bread and white bread, which one do you prefer?",I would rather have sourdough bread.
p7_q02_a09,p7,bread,sourdough bread,white bread,q02,a09,"Between sourdough bread and white bread, which one do you prefer?",sourdough bread suits me better.
p7_q02_a10,p7,bread,sourdough bread,white bread,q02,a10,"Between sourdough bread and white bread, which one do you prefer?",I like sourdough bread better.
p7_q02_a11,p7,bread,sourdough bread,white bread,q02,a11,"Between sourdough bread and white bread, which one do you prefer?","Personally, I prefer sourdough bread."
p7_q02_a12,p7,bread,sourdough bread,white bread,q02,a12,"Between sourdough bread and white bread, which one do you prefer?",I would pick sourdough bread.
p7_q02_a13,p7,bread,sourdough bread,white bread,q02,a13,"Between sourdough bread and white bread, which one do you prefer?",I find sourdough bread more appealing.
p7_q02_a14,p7,bread,sourdough bread,white bread,q02,a14,"Between sourdough bread and white bread, which one do you prefer?",I choose sourdough bread.
p7_q02_a15,p7,bread,sourdough bread,white bread,q02,a15,"Between sourdough bread and white bread, which one do you prefer?",sourdough bread fits me better.
p7_q02_a16,p7,bread,sourdough bread,white bread,q02,a16,"Between sourdough bread and white bread, which one do you prefer?",I like sourdough bread more overall.
p7_q02_a17,p7,bread,sourdough bread,white bread,q02,a17,"Between sourdough bread and white bread, which one do you prefer?","If I must pick, it is sourdough bread."
p7_q02_a18,p7,bread,sourdough bread,white bread,q02,a18,"Between sourdough bread and white bread, which one do you prefer?",I would go with sourdough bread.
p7_q02_a19,p7,bread,sourdough bread,white bread,q02,a19,"Between sourdough bread and white bread, which one do you prefer?",I would decide on sourdough bread.
p7_q02_a20,p7,bread,sourdough bread,white bread,q02,a20,"Between sourdough bread and white bread, which one do you prefer?",I favor sourdough bread.
p7_q03_a01,p7,bread,sourdough bread,white bread,q03,a01,"If you had to choose, sourdough bread or white bread?",I prefer sourdough bread.
p7_q03_a02,p7,bread,sourdough bread,white bread,q03,a02,"If you had to choose, sourdough bread or white bread?",I like sourdough bread more.
p7_q03_a03,p7,bread,sourdough bread,white bread,q03,a03,"If you had to choose, sourdough bread or white bread?",I would choose sourdough bread.
p7_q03_a04,p7,bread,sourdough bread,white bread,q03,a04,"If you had to choose, sourdough bread or white bread?",My preference is sourdough bread.
p7_q03_a05,p7,bread,sourdough bread,white bread,q03,a05,"If you had to choose, sourdough bread or white bread?",sourdough bread appeals to me more.
p7_q03_a06,p7,bread,sourdough bread,white bread,q03,a06,"If you had to choose, sourdough bread or white bread?",I think sourdough bread is better for me.
p7_q03_a07,p7,bread,sourdough bread,white bread,q03,a07,"If you had to choose, sourdough bread or white bread?",I lean toward sourdough bread.
p7_q03_a08,p7,bread,sourdough bread,white bread,q03,a08,"If you had to choose, sourdough bread or white bread?",I would rather have sourdough bread.
p7_q03_a09,p7,bread,sourdough bread,white bread,q03,a09,"If you had to choose, sourdough bread or white bread?",sourdough bread suits me better.
p7_q03_a10,p7,bread,sourdough bread,white bread,q03,a10,"If you had to choose, sourdough bread or white bread?",I like sourdough bread better.
p7_q03_a11,p7,bread,sourdough bread,white bread,q03,a11,"If you had to choose, sourdough bread or white bread?","Personally, I prefer sourdough bread."
p7_q03_a12,p7,bread,sourdough bread,white bread,q03,a12,"If you had to choose, sourdough bread or white bread?",I would pick sourdough bread.
p7_q03_a13,p7,bread,sourdough bread,white bread,q03,a13,"If you had to choose, sourdough bread or white bread?",I find sourdough bread more appealing.
p7_q03_a14,p7,bread,sourdough bread,white bread,q03,a14,"If you had to choose, sourdough bread or white bread?",I choose sourdough bread.
p7_q03_a15,p7,bread,sourdough bread,white bread,q03,a15,"If you had to choose, sourdough bread or white bread?",sourdough bread fits me better.
p7_q03_a16,p7,bread,sourdough bread,white bread,q03,a16,"If you had to choose, sourdough bread or white bread?",I like sourdough bread more overall.
p7_q03_a17,p7,bread,sourdough bread,white bread,q03,a17,"If you had to choose, sourdough bread or white bread?","If I must pick, it is sourdough bread."
p7_q03_a18,p7,bread,sourdough bread,white bread,q03,a18,"If you had to choose, sourdough bread or white bread?",I would go with sourdough bread.
p7_q03_a19,p7,bread,sourdough bread,white bread,q03,a19,"If you had to choose, sourdough bread or white bread?",I would decide on sourdough bread.
p7_q03_a20,p7,bread,sourdough bread,white bread,q03,a20,"If you had to choose, sourdough bread or white bread?",I favor sourdough bread.
p7_q04_a01,p7,bread,sourdough bread,white bread,q04,a01,Do you favor sourdough bread over white bread?,I prefer sourdough bread.
p7_q04_a02,p7,bread,sourdough bread,white bread,q04,a02,Do you favor sourdough bread over white bread?,I like sourdough bread more.
p7_q04_a03,p7,bread,sourdough bread,white bread,q04,a03,Do you favor sourdough bread over white bread?,I would choose sourdough bread.
p7_q04_a04,p7,bread,sourdough bread,white bread,q04,a04,Do you favor sourdough bread over white bread?,My preference is sourdough bread.
p7_q04_a05,p7,bread,sourdough bread,white bread,q04,a05,Do you favor sourdough bread over white bread?,sourdough bread appeals to me more.
p7_q04_a06,p7,bread,sourdough bread,white bread,q04,a06,Do you favor sourdough bread over white bread?,I think sourdough bread is better for me.
p7_q04_a07,p7,bread,sourdough bread,white bread,q04,a07,Do you favor sourdough bread over white bread?,I lean toward sourdough bread.
p7_q04_a08,p7,bread,sourdough bread,white bread,q04,a08,Do you favor sourdough bread over white bread?,I would rather have sourdough bread.
p7_q04_a09,p7,bread,sourdough bread,white bread,q04,a09,Do you favor sourdough bread over white bread?,sourdough bread suits me better.
p7_q04_a10,p7,bread,sourdough bread,white bread,q04,a10,Do you favor sourdough bread over white bread?,I like sourdough bread better.
p7_q04_a11,p7,bread,sourdough bread,white bread,q04,a11,Do you favor sourdough bread over white bread?,"Personally, I prefer sourdough bread."
p7_q04_a12,p7,bread,sourdough bread,white bread,q04,a12,Do you favor sourdough bread over white bread?,I would pick sourdough bread.
p7_q04_a13,p7,bread,sourdough bread,white bread,q04,a13,Do you favor sourdough bread over white bread?,I find sourdough bread more appealing.
p7_q04_a14,p7,bread,sourdough bread,white bread,q04,a14,Do you favor sourdough bread over white bread?,I choose sourdough bread.
p7_q04_a15,p7,bread,sourdough bread,white bread,q04,a15,Do you favor sourdough bread over white bread?,sourdough bread fits me better.
p7_q04_a16,p7,bread,sourdough bread,white bread,q04,a16,Do you favor sourdough bread over white bread?,I like sourdough bread more overall.
p7_q04_a17,p7,bread,sourdough bread,white bread,q04,a17,Do you favor sourdough bread over white bread?,"If I must pick, it is sourdough bread."
p7_q04_a18,p7,bread,sourdough bread,white bread,q04,a18,Do you favor sourdough bread over white bread?,I would go with sourdough bread.
p7_q04_a19,p7,bread,sourdough bread,white bread,q04,a19,Do you favor sourdough bread over white bread?,I would decide on sourdough bread.
p7_q04_a20,p7,bread,sourdough bread,white bread,q04,a20,Do you favor sourdough bread over white bread?,I favor sourdough bread.
p7_q05_a01,p7,bread,sourdough bread,white bread,q05,a01,"Which option appeals to you more, sourdough bread or white bread?",I prefer sourdough bread.
p7_q05_a02,p7,bread,sourdough bread,white bread,q05,a02,"Which option appeals to you more, sourdough bread or white bread?",I like sourdough bread more.
p7_q05_a03,p7,bread,sourdough bread,white bread,q05,a03,"Which option appeals to you more, sourdough bread or white bread?",I would choose sourdough bread.
p7_q05_a04,p7,bread,sourdough bread,white bread,q05,a04,"Which option appeals to you more, sourdough bread or white bread?",My preference is sourdough bread.
p7_q05_a05,p7,bread,sourdough bread,white bread,q05,a05,"Which option appeals to you more, sourdough bread or white bread?",sourdough bread appeals to me more.
p7_q05_a06,p7,bread,sourdough bread,white bread,q05,a06,"Which option appeals to you more, sourdough bread or white bread?",I think sourdough bread is better for me.
p7_q05_a07,p7,bread,sourdough bread,white bread,q05,a07,"Which option appeals to you more, sourdough bread or white bread?",I lean toward sourdough bread.
p7_q05_a08,p7,bread,sourdough bread,white bread,q05,a08,"Which option appeals to you more, sourdough bread or white bread?",I would rather have sourdough bread.
p7_q05_a09,p7,bread,sourdough bread,white bread,q05,a09,"Which option appeals to you more, sourdough bread or white bread?",sourdough bread suits me better.
p7_q05_a10,p7,bread,sourdough bread,white bread,q05,a10,"Which option appeals to you more, sourdough bread or white bread?",I like sourdough bread better.
p7_q05_a11,p7,bread,sourdough bread,white bread,q05,a11,"Which option appeals to you more, sourdough bread or white bread?","Personally, I prefer sourdough bread."
p7_q05_a12,p7,bread,sourdough bread,white bread,q05,a12,"Which option appeals to you more, sourdough bread or white bread?",I would pick sourdough bread.
p7_q05_a13,p7,bread,sourdough bread,white bread,q05,a13,"Which option appeals to you more, sourdough bread or white bread?",I find sourdough bread more appealing.
p7_q05_a14,p7,bread,sourdough bread,white bread,q05,a14,"Which option appeals to you more, sourdough bread or white bread?",I choose sourdough bread.
p7_q05_a15,p7,bread,sourdough bread,white bread,q05,a15,"Which option appeals to you more, sourdough bread or white bread?",sourdough bread fits me better.
p7_q05_a16,p7,bread,sourdough bread,white bread,q05,a16,"Which option appeals to you more, sourdough bread or white bread?",I like sourdough bread more overall.
p7_q05_a17,p7,bread,sourdough bread,white bread,q05,a17,"Which option appeals to you more, sourdough bread or white bread?","If I must pick, it is sourdough bread."
p7_q05_a18,p7,bread,sourdough bread,white bread,q05,a18,"Which option appeals to you more, sourdough bread or white bread?",I would go with sourdough bread.
p7_q05_a19,p7,bread,sourdough bread,white bread,q05,a19,"Which option appeals to you more, sourdough bread or white bread?",I would decide on sourdough bread.
p7_q05_a20,p7,bread,sourdough bread,white bread,q05,a20,"Which option appeals to you more, sourdough bread or white bread?",I favor sourdough bread.
p7_q06_a01,p7,bread,sourdough bread,white bread,q06,a01,"Which do you think is better, sourdough bread or white bread?",I prefer sourdough bread.
p7_q06_a02,p7,bread,sourdough bread,white bread,q06,a02,"Which do you think is better, sourdough bread or white bread?",I like sourdough bread more.
p7_q06_a03,p7,bread,sourdough bread,white bread,q06,a03,"Which do you think is better, sourdough bread or white bread?",I would choose sourdough bread.
p7_q06_a04,p7,bread,sourdough bread,white bread,q06,a04,"Which do you think is better, sourdough bread or white bread?",My preference is sourdough bread.
p7_q06_a05,p7,bread,sourdough bread,white bread,q06,a05,"Which do you think is better, sourdough bread or white bread?",sourdough bread appeals to me more.
p7_q06_a06,p7,bread,sourdough bread,white bread,q06,a06,"Which do you think is better, sourdough bread or white bread?",I think sourdough bread is better for me.
p7_q06_a07,p7,bread,sourdough bread,white bread,q06,a07,"Which do you think is better, sourdough bread or white bread?",I lean toward sourdough bread.
p7_q06_a08,p7,bread,sourdough bread,white bread,q06,a08,"Which do you think is better, sourdough bread or white bread?",I would rather have sourdough bread.
p7_q06_a09,p7,bread,sourdough bread,white bread,q06,a09,"Which do you think is better, sourdough bread or white bread?",sourdough bread suits me better.
p7_q06_a10,p7,bread,sourdough bread,white bread,q06,a10,"Which do you think is better, sourdough bread or white bread?",I like sourdough bread better.
p7_q06_a11,p7,bread,sourdough bread,white bread,q06,a11,"Which do you think is better, sourdough bread or white bread?","Personally, I prefer sourdough bread."
p7_q06_a12,p7,bread,sourdough bread,white bread,q06,a12,"Which do you think is better, sourdough bread or white bread?",I would pick sourdough bread.
p7_q06_a13,p7,bread,sourdough bread,white bread,q06,a13,"Which do you think is better, sourdough bread or white bread?",I find sourdough bread more appealing.
p7_q06_a14,p7,bread,sourdough bread,white bread,q06,a14,"Which do you think is better, sourdough bread or white bread?",I choose sourdough bread.
p7_q06_a15,p7,bread,sourdough bread,white bread,q06,a15,"Which do you think is better, sourdough bread or white bread?",sourdough bread fits me better.
p7_q06_a16,p7,bread,sourdough bread,white bread,q06,a16,"Which do you think is better, sourdough bread or white bread?",I like sourdough bread more overall.
p7_q06_a17,p7,bread,sourdough bread,white bread,q06,a17,"Which do you think is better, sourdough bread or white bread?","If I must pick, it is sourdough bread."
p7_q06_a18,p7,bread,sourdough bread,white bread,q06,a18,"Which do you think is better, sourdough bread or white bread?",I would go with sourdough bread.
p7_q06_a19,p7,bread,sourdough bread,white bread,q06,a19,"Which do you think is better, sourdough bread or white bread?",I would decide on sourdough bread.
p7_q06_a20,p7,bread,sourdough bread,white bread,q06,a20,"Which do you think is better, sourdough bread or white bread?",I favor sourdough bread.
p7_q07_a01,p7,bread,sourdough bread,white bread,q07,a01,"If you compare sourdough bread with white bread, which do you lean toward?",I prefer sourdough bread.
p7_q07_a02,p7,bread,sourdough bread,white bread,q07,a02,"If you compare sourdough bread with white bread, which do you lean toward?",I like sourdough bread more.
p7_q07_a03,p7,bread,sourdough bread,white bread,q07,a03,"If you compare sourdough bread with white bread, which do you lean toward?",I would choose sourdough bread.
p7_q07_a04,p7,bread,sourdough bread,white bread,q07,a04,"If you compare sourdough bread with white bread, which do you lean toward?",My preference is sourdough bread.
p7_q07_a05,p7,bread,sourdough bread,white bread,q07,a05,"If you compare sourdough bread with white bread, which do you lean toward?",sourdough bread appeals to me more.
p7_q07_a06,p7,bread,sourdough bread,white bread,q07,a06,"If you compare sourdough bread with white bread, which do you lean toward?",I think sourdough bread is better for me.
p7_q07_a07,p7,bread,sourdough bread,white bread,q07,a07,"If you compare sourdough bread with white bread, which do you lean toward?",I lean toward sourdough bread.
p7_q07_a08,p7,bread,sourdough bread,white bread,q07,a08,"If you compare sourdough bread with white bread, which do you lean toward?",I would rather have sourdough bread.
p7_q07_a09,p7,bread,sourdough bread,white bread,q07,a09,"If you compare sourdough bread with white bread, which do you lean toward?",sourdough bread suits me better.
p7_q07_a10,p7,bread,sourdough bread,white bread,q07,a10,"If you compare sourdough bread with white bread, which do you lean toward?",I like sourdough bread better.
p7_q07_a11,p7,bread,sourdough bread,white bread,q07,a11,"If you compare sourdough bread with white bread, which do you lean toward?","Personally, I prefer sourdough bread."
p7_q07_a12,p7,bread,sourdough bread,white bread,q07,a12,"If you compare sourdough bread with white bread, which do you lean toward?",I would pick sourdough bread.
p7_q07_a13,p7,bread,sourdough bread,white bread,q07,a13,"If you compare sourdough bread with white bread, which do you lean toward?",I find sourdough bread more appealing.
p7_q07_a14,p7,bread,sourdough bread,white bread,q07,a14,"If you compare sourdough bread with white bread, which do you lean toward?",I choose sourdough bread.
p7_q07_a15,p7,bread,sourdough bread,white bread,q07,a15,"If you compare sourdough bread with white bread, which do you lean toward?",sourdough bread fits me better.
p7_q07_a16,p7,bread,sourdough bread,white bread,q07,a16,"If you compare sourdough bread with white bread, which do you lean toward?",I like sourdough bread more overall.
p7_q07_a17,p7,bread,sourdough bread,white bread,q07,a17,"If you compare sourdough bread with white bread, which do you lean toward?","If I must pick, it is sourdough bread."
p7_q07_a18,p7,bread,sourdough bread,white bread,q07,a18,"If you compare sourdough bread with white bread, which do you lean toward?",I would go with sourdough bread.
p7_q07_a19,p7,bread,sourdough bread,white bread,q07,a19,"If you compare sourdough bread with white bread, which do you lean toward?",I would decide on sourdough bread.
p7_q07_a20,p7,bread,sourdough bread,white bread,q07,a20,"If you compare sourdough bread with white bread, which do you lean toward?",I favor sourdough bread.
p7_q08_a01,p7,bread,sourdough bread,white bread,q08,a01,"Which would you rather have, sourdough bread or white bread?",I prefer sourdough bread.
p7_q08_a02,p7,bread,sourdough bread,white bread,q08,a02,"Which would you rather have, sourdough bread or white bread?",I like sourdough bread more.
p7_q08_a03,p7,bread,sourdough bread,white bread,q08,a03,"Which would you rather have, sourdough bread or white bread?",I would choose sourdough bread.
p7_q08_a04,p7,bread,sourdough bread,white bread,q08,a04,"Which would you rather have, sourdough bread or white bread?",My preference is sourdough bread.
p7_q08_a05,p7,bread,sourdough bread,white bread,q08,a05,"Which would you rather have, sourdough bread or white bread?",sourdough bread appeals to me more.
p7_q08_a06,p7,bread,sourdough bread,white bread,q08,a06,"Which would you rather have, sourdough bread or white bread?",I think sourdough bread is better for me.
p7_q08_a07,p7,bread,sourdough bread,white bread,q08,a07,"Which would you rather have, sourdough bread or white bread?",I lean toward sourdough bread.
p7_q08_a08,p7,bread,sourdough bread,white bread,q08,a08,"Which would you rather have, sourdough bread or white bread?",I would rather have sourdough bread.
p7_q08_a09,p7,bread,sourdough bread,white bread,q08,a09,"Which would you rather have, sourdough bread or white bread?",sourdough bread suits me better.
p7_q08_a10,p7,bread,sourdough bread,white bread,q08,a10,"Which would you rather have, sourdough bread or white bread?",I like sourdough bread better.
p7_q08_a11,p7,bread,sourdough bread,white bread,q08,a11,"Which would you rather have, sourdough bread or white bread?","Personally, I prefer sourdough bread."
p7_q08_a12,p7,bread,sourdough bread,white bread,q08,a12,"Which would you rather have, sourdough bread or white bread?",I would pick sourdough bread.
p7_q08_a13,p7,bread,sourdough bread,white bread,q08,a13,"Which would you rather have, sourdough bread or white bread?",I find sourdough bread more appealing.
p7_q08_a14,p7,bread,sourdough bread,white bread,q08,a14,"Which would you rather have, sourdough bread or white bread?",I choose sourdough bread.
p7_q08_a15,p7,bread,sourdough bread,white bread,q08,a15,"Which would you rather have, sourdough bread or white bread?",sourdough bread fits me better.
p7_q08_a16,p7,bread,sourdough bread,white bread,q08,a16,"Which would you rather have, sourdough bread or white bread?",I like sourdough bread more overall.
p7_q08_a17,p7,bread,sourdough bread,white bread,q08,a17,"Which would you rather have, sourdough bread or white bread?","If I must pick, it is sourdough bread."
p7_q08_a18,p7,bread,sourdough bread,white bread,q08,a18,"Which would you rather have, sourdough bread or white bread?",I would go with sourdough bread.
p7_q08_a19,p7,bread,sourdough bread,white bread,q08,a19,"Which would you rather have, sourdough bread or white bread?",I would decide on sourdough bread.
p7_q08_a20,p7,bread,sourdough bread,white bread,q08,a20,"Which would you rather have, sourdough bread or white bread?",I favor sourdough bread.
p7_q09_a01,p7,bread,sourdough bread,white bread,q09,a01,"Between sourdough bread and white bread, which one suits you better?",I prefer sourdough bread.
p7_q09_a02,p7,bread,sourdough bread,white bread,q09,a02,"Between sourdough bread and white bread, which one suits you better?",I like sourdough bread more.
p7_q09_a03,p7,bread,sourdough bread,white bread,q09,a03,"Between sourdough bread and white bread, which one suits you better?",I would choose sourdough bread.
p7_q09_a04,p7,bread,sourdough bread,white bread,q09,a04,"Between sourdough bread and white bread, which one suits you better?",My preference is sourdough bread.
p7_q09_a05,p7,bread,sourdough bread,white bread,q09,a05,"Between sourdough bread and white bread, which one suits you better?",sourdough bread appeals to me more.
p7_q09_a06,p7,bread,sourdough bread,white bread,q09,a06,"Between sourdough bread and white bread, which one suits you better?",I think sourdough bread is better for me.
p7_q09_a07,p7,bread,sourdough bread,white bread,q09,a07,"Between sourdough bread and white bread, which one suits you better?",I lean toward sourdough bread.
p7_q09_a08,p7,bread,sourdough bread,white bread,q09,a08,"Between sourdough bread and white bread, which one suits you better?",I would rather have sourdough bread.
p7_q09_a09,p7,bread,sourdough bread,white bread,q09,a09,"Between sourdough bread and white bread, which one suits you better?",sourdough bread suits me better.
p7_q09_a10,p7,bread,sourdough bread,white bread,q09,a10,"Between sourdough bread and white bread, which one suits you better?",I like sourdough bread better.
p7_q09_a11,p7,bread,sourdough bread,white bread,q09,a11,"Between sourdough bread and white bread, which one suits you better?","Personally, I prefer sourdough bread."
p7_q09_a12,p7,bread,sourdough bread,white bread,q09,a12,"Between sourdough bread and white bread, which one suits you better?",I would pick sourdough bread.
p7_q09_a13,p7,bread,sourdough bread,white bread,q09,a13,"Between sourdough bread and white bread, which one suits you better?",I find sourdough bread more appealing.
p7_q09_a14,p7,bread,sourdough bread,white bread,q09,a14,"Between sourdough bread and white bread, which one suits you better?",I choose sourdough bread.
p7_q09_a15,p7,bread,sourdough bread,white bread,q09,a15,"Between sourdough bread and white bread, which one suits you better?",sourdough bread fits me better.
p7_q09_a16,p7,bread,sourdough bread,white bread,q09,a16,"Between sourdough bread and white bread, which one suits you better?",I like sourdough bread more overall.
p7_q09_a17,p7,bread,sourdough bread,white bread,q09,a17,"Between sourdough bread and white bread, which one suits you better?","If I must pick, it is sourdough bread."
p7_q09_a18,p7,bread,sourdough bread,white bread,q09,a18,"Between sourdough bread and white bread, which one suits you better?",I would go with sourdough bread.
p7_q09_a19,p7,bread,sourdough bread,white bread,q09,a19,"Between sourdough bread and white bread, which one suits you better?",I would decide on sourdough bread.
p7_q09_a20,p7,bread,sourdough bread,white bread,q09,a20,"Between sourdough bread and white bread, which one suits you better?",I favor sourdough bread.
p7_q10_a01,p7,bread,sourdough bread,white bread,q10,a01,Do you like sourdough bread more than white bread?,I prefer sourdough bread.
p7_q10_a02,p7,bread,sourdough bread,white bread,q10,a02,Do you like sourdough bread more than white bread?,I like sourdough bread more.
p7_q10_a03,p7,bread,sourdough bread,white bread,q10,a03,Do you like sourdough bread more than white bread?,I would choose sourdough bread.
p7_q10_a04,p7,bread,sourdough bread,white bread,q10,a04,Do you like sourdough bread more than white bread?,My preference is sourdough bread.
p7_q10_a05,p7,bread,sourdough bread,white bread,q10,a05,Do you like sourdough bread more than white bread?,sourdough bread appeals to me more.
p7_q10_a06,p7,bread,sourdough bread,white bread,q10,a06,Do you like sourdough bread more than white bread?,I think sourdough bread is better for me.
p7_q10_a07,p7,bread,sourdough bread,white bread,q10,a07,Do you like sourdough bread more than white bread?,I lean toward sourdough bread.
p7_q10_a08,p7,bread,sourdough bread,white bread,q10,a08,Do you like sourdough bread more than white bread?,I would rather have sourdough bread.
p7_q10_a09,p7,bread,sourdough bread,white bread,q10,a09,Do you like sourdough bread more than white bread?,sourdough bread suits me better.
p7_q10_a10,p7,bread,sourdough bread,white bread,q10,a10,Do you like sourdough bread more than white bread?,I like sourdough bread better.
p7_q10_a11,p7,bread,sourdough bread,white bread,q10,a11,Do you like sourdough bread more than white bread?,"Personally, I prefer sourdough bread."
p7_q10_a12,p7,bread,sourdough bread,white bread,q10,a12,Do you like sourdough bread more than white bread?,I would pick sourdough bread.
p7_q10_a13,p7,bread,sourdough bread,white bread,q10,a13,Do you like sourdough bread more than white bread?,I find sourdough bread more appealing.
p7_q10_a14,p7,bread,sourdough bread,white bread,q10,a14,Do you like sourdough bread more than white bread?,I choose sourdough bread.
p7_q10_a15,p7,bread,sourdough bread,white bread,q10,a15,Do you like sourdough bread more than white bread?,sourdough bread fits me better.
p7_q10_a16,p7,bread,sourdough bread,white bread,q10,a16,Do you like sourdough bread more than white bread?,I like sourdough bread more overall.
p7_q10_a17,p7,bread,sourdough bread,white bread,q10,a17,Do you like sourdough bread more than white bread?,"If I must pick, it is sourdough bread."
p7_q10_a18,p7,bread,sourdough bread,white bread,q10,a18,Do you like sourdough bread more than white bread?,I would go with sourdough bread.
p7_q10_a19,p7,bread,sourdough bread,white bread,q10,a19,Do you like sourdough bread more than white bread?,I would decide on sourdough bread.
p7_q10_a20,p7,bread,sourdough bread,white bread,q10,a20,Do you like sourdough bread more than white bread?,I favor sourdough bread.
p7_q11_a01,p7,bread,sourdough bread,white bread,q11,a01,"Which option do you personally prefer, sourdough bread or white bread?",I prefer sourdough bread.
p7_q11_a02,p7,bread,sourdough bread,white bread,q11,a02,"Which option do you personally prefer, sourdough bread or white bread?",I like sourdough bread more.
p7_q11_a03,p7,bread,sourdough bread,white bread,q11,a03,"Which option do you personally prefer, sourdough bread or white bread?",I would choose sourdough bread.
p7_q11_a04,p7,bread,sourdough bread,white bread,q11,a04,"Which option do you personally prefer, sourdough bread or white bread?",My preference is sourdough bread.
p7_q11_a05,p7,bread,sourdough bread,white bread,q11,a05,"Which option do you personally prefer, sourdough bread or white bread?",sourdough bread appeals to me more.
p7_q11_a06,p7,bread,sourdough bread,white bread,q11,a06,"Which option do you personally prefer, sourdough bread or white bread?",I think sourdough bread is better for me.
p7_q11_a07,p7,bread,sourdough bread,white bread,q11,a07,"Which option do you personally prefer, sourdough bread or white bread?",I lean toward sourdough bread.
p7_q11_a08,p7,bread,sourdough bread,white bread,q11,a08,"Which option do you personally prefer, sourdough bread or white bread?",I would rather have sourdough bread.
p7_q11_a09,p7,bread,sourdough bread,white bread,q11,a09,"Which option do you personally prefer, sourdough bread or white bread?",sourdough bread suits me better.
p7_q11_a10,p7,bread,sourdough bread,white bread,q11,a10,"Which option do you personally prefer, sourdough bread or white bread?",I like sourdough bread better.
p7_q11_a11,p7,bread,sourdough bread,white bread,q11,a11,"Which option do you personally prefer, sourdough bread or white bread?","Personally, I prefer sourdough bread."
p7_q11_a12,p7,bread,sourdough bread,white bread,q11,a12,"Which option do you personally prefer, sourdough bread or white bread?",I would pick sourdough bread.
p7_q11_a13,p7,bread,sourdough bread,white bread,q11,a13,"Which option do you personally prefer, sourdough bread or white bread?",I find sourdough bread more appealing.
p7_q11_a14,p7,bread,sourdough bread,white bread,q11,a14,"Which option do you personally prefer, sourdough bread or white bread?",I choose sourdough bread.
p7_q11_a15,p7,bread,sourdough bread,white bread,q11,a15,"Which option do you personally prefer, sourdough bread or white bread?",sourdough bread fits me better.
p7_q11_a16,p7,bread,sourdough bread,white bread,q11,a16,"Which option do you personally prefer, sourdough bread or white bread?",I like sourdough bread more overall.
p7_q11_a17,p7,bread,sourdough bread,white bread,q11,a17,"Which option do you personally prefer, sourdough bread or white bread?","If I must pick, it is sourdough bread."
p7_q11_a18,p7,bread,sourdough bread,white bread,q11,a18,"Which option do you personally prefer, sourdough bread or white bread?",I would go with sourdough bread.
p7_q11_a19,p7,bread,sourdough bread,white bread,q11,a19,"Which option do you personally prefer, sourdough bread or white bread?",I would decide on sourdough bread.
p7_q11_a20,p7,bread,sourdough bread,white bread,q11,a20,"Which option do you personally prefer, sourdough bread or white bread?",I favor sourdough bread.
p7_q12_a01,p7,bread,sourdough bread,white bread,q12,a01,"If asked to pick one, sourdough bread or white bread, what would you pick?",I prefer sourdough bread.
p7_q12_a02,p7,bread,sourdough bread,white bread,q12,a02,"If asked to pick one, sourdough bread or white bread, what would you pick?",I like sourdough bread more.
p7_q12_a03,p7,bread,sourdough bread,white bread,q12,a03,"If asked to pick one, sourdough bread or white bread, what would you pick?",I would choose sourdough bread.
p7_q12_a04,p7,bread,sourdough bread,white bread,q12,a04,"If asked to pick one, sourdough bread or white bread, what would you pick?",My preference is sourdough bread.
p7_q12_a05,p7,bread,sourdough bread,white bread,q12,a05,"If asked to pick one, sourdough bread or white bread, what would you pick?",sourdough bread appeals to me more.
p7_q12_a06,p7,bread,sourdough bread,white bread,q12,a06,"If asked to pick one, sourdough bread or white bread, what would you pick?",I think sourdough bread is better for me.
p7_q12_a07,p7,bread,sourdough bread,white bread,q12,a07,"If asked to pick one, sourdough bread or white bread, what would you pick?",I lean toward sourdough bread.
p7_q12_a08,p7,bread,sourdough bread,white bread,q12,a08,"If asked to pick one, sourdough bread or white bread, what would you pick?",I would rather have sourdough bread.
p7_q12_a09,p7,bread,sourdough bread,white bread,q12,a09,"If asked to pick one, sourdough bread or white bread, what would you pick?",sourdough bread suits me better.
p7_q12_a10,p7,bread,sourdough bread,white bread,q12,a10,"If asked to pick one, sourdough bread or white bread, what would you pick?",I like sourdough bread better.
p7_q12_a11,p7,bread,sourdough bread,white bread,q12,a11,"If asked to pick one, sourdough bread or white bread, what would you pick?","Personally, I prefer sourdough bread."
p7_q12_a12,p7,bread,sourdough bread,white bread,q12,a12,"If asked to pick one, sourdough bread or white bread, what would you pick?",I would pick sourdough bread.
p7_q12_a13,p7,bread,sourdough bread,white bread,q12,a13,"If asked to pick one, sourdough bread or white bread, what would you pick?",I find sourdough bread more appealing.
p7_q12_a14,p7,bread,sourdough bread,white bread,q12,a14,"If asked to pick one, sourdough bread or white bread, what would you pick?",I choose sourdough bread.
p7_q12_a15,p7,bread,sourdough bread,white bread,q12,a15,"If asked to pick one, sourdough bread or white bread, what would you pick?",sourdough bread fits me better.
p7_q12_a16,p7,bread,sourdough bread,white bread,q12,a16,"If asked to pick one, sourdough bread or white bread, what would you pick?",I like sourdough bread more overall.
p7_q12_a17,p7,bread,sourdough bread,white bread,q12,a17,"If asked to pick one, sourdough bread or white bread, what would you pick?","If I must pick, it is sourdough bread."
p7_q12_a18,p7,bread,sourdough bread,white bread,q12,a18,"If asked to pick one, sourdough bread or white bread, what would you pick?",I would go with sourdough bread.
p7_q12_a19,p7,bread,sourdough bread,white bread,q12,a19,"If asked to pick one, sourdough bread or white bread, what would you pick?",I would decide on sourdough bread.
p7_q12_a20,p7,bread,sourdough bread,white bread,q12,a20,"If asked to pick one, sourdough bread or white bread, what would you pick?",I favor sourdough bread.
p7_q13_a01,p7,bread,sourdough bread,white bread,q13,a01,"Which do you find more appealing, sourdough bread or white bread?",I prefer sourdough bread.
p7_q13_a02,p7,bread,sourdough bread,white bread,q13,a02,"Which do you find more appealing, sourdough bread or white bread?",I like sourdough bread more.
p7_q13_a03,p7,bread,sourdough bread,white bread,q13,a03,"Which do you find more appealing, sourdough bread or white bread?",I would choose sourdough bread.
p7_q13_a04,p7,bread,sourdough bread,white bread,q13,a04,"Which do you find more appealing, sourdough bread or white bread?",My preference is sourdough bread.
p7_q13_a05,p7,bread,sourdough bread,white bread,q13,a05,"Which do you find more appealing, sourdough bread or white bread?",sourdough bread appeals to me more.
p7_q13_a06,p7,bread,sourdough bread,white bread,q13,a06,"Which do you find more appealing, sourdough bread or white bread?",I think sourdough bread is better for me.
p7_q13_a07,p7,bread,sourdough bread,white bread,q13,a07,"Which do you find more appealing, sourdough bread or white bread?",I lean toward sourdough bread.
p7_q13_a08,p7,bread,sourdough bread,white bread,q13,a08,"Which do you find more appealing, sourdough bread or white bread?",I would rather have sourdough bread.
p7_q13_a09,p7,bread,sourdough bread,white bread,q13,a09,"Which do you find more appealing, sourdough bread or white bread?",sourdough bread suits me better.
p7_q13_a10,p7,bread,sourdough bread,white bread,q13,a10,"Which do you find more appealing, sourdough bread or white bread?",I like sourdough bread better.
p7_q13_a11,p7,bread,sourdough bread,white bread,q13,a11,"Which do you find more appealing, sourdough bread or white bread?","Personally, I prefer sourdough bread."
p7_q13_a12,p7,bread,sourdough bread,white bread,q13,a12,"Which do you find more appealing, sourdough bread or white bread?",I would pick sourdough bread.
p7_q13_a13,p7,bread,sourdough bread,white bread,q13,a13,"Which do you find more appealing, sourdough bread or white bread?",I find sourdough bread more appealing.
p7_q13_a14,p7,bread,sourdough bread,white bread,q13,a14,"Which do you find more appealing, sourdough bread or white bread?",I choose sourdough bread.
p7_q13_a15,p7,bread,sourdough bread,white bread,q13,a15,"Which do you find more appealing, sourdough bread or white bread?",sourdough bread fits me better.
p7_q13_a16,p7,bread,sourdough bread,white bread,q13,a16,"Which do you find more appealing, sourdough bread or white bread?",I like sourdough bread more overall.
p7_q13_a17,p7,bread,sourdough bread,white bread,q13,a17,"Which do you find more appealing, sourdough bread or white bread?","If I must pick, it is sourdough bread."
p7_q13_a18,p7,bread,sourdough bread,white bread,q13,a18,"Which do you find more appealing, sourdough bread or white bread?",I would go with sourdough bread.
p7_q13_a19,p7,bread,sourdough bread,white bread,q13,a19,"Which do you find more appealing, sourdough bread or white bread?",I would decide on sourdough bread.
p7_q13_a20,p7,bread,sourdough bread,white bread,q13,a20,"Which do you find more appealing, sourdough bread or white bread?",I favor sourdough bread.
p7_q14_a01,p7,bread,sourdough bread,white bread,q14,a01,"When choosing between sourdough bread and white bread, which do you choose?",I prefer sourdough bread.
p7_q14_a02,p7,bread,sourdough bread,white bread,q14,a02,"When choosing between sourdough bread and white bread, which do you choose?",I like sourdough bread more.
p7_q14_a03,p7,bread,sourdough bread,white bread,q14,a03,"When choosing between sourdough bread and white bread, which do you choose?",I would choose sourdough bread.
p7_q14_a04,p7,bread,sourdough bread,white bread,q14,a04,"When choosing between sourdough bread and white bread, which do you choose?",My preference is sourdough bread.
p7_q14_a05,p7,bread,sourdough bread,white bread,q14,a05,"When choosing between sourdough bread and white bread, which do you choose?",sourdough bread appeals to me more.
p7_q14_a06,p7,bread,sourdough bread,white bread,q14,a06,"When choosing between sourdough bread and white bread, which do you choose?",I think sourdough bread is better for me.
p7_q14_a07,p7,bread,sourdough bread,white bread,q14,a07,"When choosing between sourdough bread and white bread, which do you choose?",I lean toward sourdough bread.
p7_q14_a08,p7,bread,sourdough bread,white bread,q14,a08,"When choosing between sourdough bread and white bread, which do you choose?",I would rather have sourdough bread.
p7_q14_a09,p7,bread,sourdough bread,white bread,q14,a09,"When choosing between sourdough bread and white bread, which do you choose?",sourdough bread suits me better.
p7_q14_a10,p7,bread,sourdough bread,white bread,q14,a10,"When choosing between sourdough bread and white bread, which do you choose?",I like sourdough bread better.
p7_q14_a11,p7,bread,sourdough bread,white bread,q14,a11,"When choosing between sourdough bread and white bread, which do you choose?","Personally, I prefer sourdough bread."
p7_q14_a12,p7,bread,sourdough bread,white bread,q14,a12,"When choosing between sourdough bread and white bread, which do you choose?",I would pick sourdough bread.
p7_q14_a13,p7,bread,sourdough bread,white bread,q14,a13,"When choosing between sourdough bread and white bread, which do you choose?",I find sourdough bread more appealing.
p7_q14_a14,p7,bread,sourdough bread,white bread,q14,a14,"When choosing between sourdough bread and white bread, which do you choose?",I choose sourdough bread.
p7_q14_a15,p7,bread,sourdough bread,white bread,q14,a15,"When choosing between sourdough bread and white bread, which do you choose?",sourdough bread fits me better.
p7_q14_a16,p7,bread,sourdough bread,white bread,q14,a16,"When choosing between sourdough bread and white bread, which do you choose?",I like sourdough bread more overall.
p7_q14_a17,p7,bread,sourdough bread,white bread,q14,a17,"When choosing between sourdough bread and white bread, which do you choose?","If I must pick, it is sourdough bread."
p7_q14_a18,p7,bread,sourdough bread,white bread,q14,a18,"When choosing between sourdough bread and white bread, which do you choose?",I would go with sourdough bread.
p7_q14_a19,p7,bread,sourdough bread,white bread,q14,a19,"When choosing between sourdough bread and white bread, which do you choose?",I would decide on sourdough bread.
p7_q14_a20,p7,bread,sourdough bread,white bread,q14,a20,"When choosing between sourdough bread and white bread, which do you choose?",I favor sourdough bread.
p7_q15_a01,p7,bread,sourdough bread,white bread,q15,a01,"Which option do you think fits you better, sourdough bread or white bread?",I prefer sourdough bread.
p7_q15_a02,p7,bread,sourdough bread,white bread,q15,a02,"Which option do you think fits you better, sourdough bread or white bread?",I like sourdough bread more.
p7_q15_a03,p7,bread,sourdough bread,white bread,q15,a03,"Which option do you think fits you better, sourdough bread or white bread?",I would choose sourdough bread.
p7_q15_a04,p7,bread,sourdough bread,white bread,q15,a04,"Which option do you think fits you better, sourdough bread or white bread?",My preference is sourdough bread.
p7_q15_a05,p7,bread,sourdough bread,white bread,q15,a05,"Which option do you think fits you better, sourdough bread or white bread?",sourdough bread appeals to me more.
p7_q15_a06,p7,bread,sourdough bread,white bread,q15,a06,"Which option do you think fits you better, sourdough bread or white bread?",I think sourdough bread is better for me.
p7_q15_a07,p7,bread,sourdough bread,white bread,q15,a07,"Which option do you think fits you better, sourdough bread or white bread?",I lean toward sourdough bread.
p7_q15_a08,p7,bread,sourdough bread,white bread,q15,a08,"Which option do you think fits you better, sourdough bread or white bread?",I would rather have sourdough bread.
p7_q15_a09,p7,bread,sourdough bread,white bread,q15,a09,"Which option do you think fits you better, sourdough bread or white bread?",sourdough bread suits me better.
p7_q15_a10,p7,bread,sourdough bread,white bread,q15,a10,"Which option do you think fits you better, sourdough bread or white bread?",I like sourdough bread better.
p7_q15_a11,p7,bread,sourdough bread,white bread,q15,a11,"Which option do you think fits you better, sourdough bread or white bread?","Personally, I prefer sourdough bread."
p7_q15_a12,p7,bread,sourdough bread,white bread,q15,a12,"Which option do you think fits you better, sourdough bread or white bread?",I would pick sourdough bread.
p7_q15_a13,p7,bread,sourdough bread,white bread,q15,a13,"Which option do you think fits you better, sourdough bread or white bread?",I find sourdough bread more appealing.
p7_q15_a14,p7,bread,sourdough bread,white bread,q15,a14,"Which option do you think fits you better, sourdough bread or white bread?",I choose sourdough bread.
p7_q15_a15,p7,bread,sourdough bread,white bread,q15,a15,"Which option do you think fits you better, sourdough bread or white bread?",sourdough bread fits me better.
p7_q15_a16,p7,bread,sourdough bread,white bread,q15,a16,"Which option do you think fits you better, sourdough bread or white bread?",I like sourdough bread more overall.
p7_q15_a17,p7,bread,sourdough bread,white bread,q15,a17,"Which option do you think fits you better, sourdough bread or white bread?","If I must pick, it is sourdough bread."
p7_q15_a18,p7,bread,sourdough bread,white bread,q15,a18,"Which option do you think fits you better, sourdough bread or white bread?",I would go with sourdough bread.
p7_q15_a19,p7,bread,sourdough bread,white bread,q15,a19,"Which option do you think fits you better, sourdough bread or white bread?",I would decide on sourdough bread.
p7_q15_a20,p7,bread,sourdough bread,white bread,q15,a20,"Which option do you think fits you better, sourdough bread or white bread?",I favor sourdough bread.
p7_q16_a01,p7,bread,sourdough bread,white bread,q16,a01,"Out of sourdough bread and white bread, which do you like better?",I prefer sourdough bread.
p7_q16_a02,p7,bread,sourdough bread,white bread,q16,a02,"Out of sourdough bread and white bread, which do you like better?",I like sourdough bread more.
p7_q16_a03,p7,bread,sourdough bread,white bread,q16,a03,"Out of sourdough bread and white bread, which do you like better?",I would choose sourdough bread.
p7_q16_a04,p7,bread,sourdough bread,white bread,q16,a04,"Out of sourdough bread and white bread, which do you like better?",My preference is sourdough bread.
p7_q16_a05,p7,bread,sourdough bread,white bread,q16,a05,"Out of sourdough bread and white bread, which do you like better?",sourdough bread appeals to me more.
p7_q16_a06,p7,bread,sourdough bread,white bread,q16,a06,"Out of sourdough bread and white bread, which do you like better?",I think sourdough bread is better for me.
p7_q16_a07,p7,bread,sourdough bread,white bread,q16,a07,"Out of sourdough bread and white bread, which do you like better?",I lean toward sourdough bread.
p7_q16_a08,p7,bread,sourdough bread,white bread,q16,a08,"Out of sourdough bread and white bread, which do you like better?",I would rather have sourdough bread.
p7_q16_a09,p7,bread,sourdough bread,white bread,q16,a09,"Out of sourdough bread and white bread, which do you like better?",sourdough bread suits me better.
p7_q16_a10,p7,bread,sourdough bread,white bread,q16,a10,"Out of sourdough bread and white bread, which do you like better?",I like sourdough bread better.
p7_q16_a11,p7,bread,sourdough bread,white bread,q16,a11,"Out of sourdough bread and white bread, which do you like better?","Personally, I prefer sourdough bread."
p7_q16_a12,p7,bread,sourdough bread,white bread,q16,a12,"Out of sourdough bread and white bread, which do you like better?",I would pick sourdough bread.
p7_q16_a13,p7,bread,sourdough bread,white bread,q16,a13,"Out of sourdough bread and white bread, which do you like better?",I find sourdough bread more appealing.
p7_q16_a14,p7,bread,sourdough bread,white bread,q16,a14,"Out of sourdough bread and white bread, which do you like better?",I choose sourdough bread.
p7_q16_a15,p7,bread,sourdough bread,white bread,q16,a15,"Out of sourdough bread and white bread, which do you like better?",sourdough bread fits me better.
p7_q16_a16,p7,bread,sourdough bread,white bread,q16,a16,"Out of sourdough bread and white bread, which do you like better?",I like sourdough bread more overall.
p7_q16_a17,p7,bread,sourdough bread,white bread,q16,a17,"Out of sourdough bread and white bread, which do you like better?","If I must pick, it is sourdough bread."
p7_q16_a18,p7,bread,sourdough bread,white bread,q16,a18,"Out of sourdough bread and white bread, which do you like better?",I would go with sourdough bread.
p7_q16_a19,p7,bread,sourdough bread,white bread,q16,a19,"Out of sourdough bread and white bread, which do you like better?",I would decide on sourdough bread.
p7_q16_a20,p7,bread,sourdough bread,white bread,q16,a20,"Out of sourdough bread and white bread, which do you like better?",I favor sourdough bread.
p7_q17_a01,p7,bread,sourdough bread,white bread,q17,a01,Do you have a preference between sourdough bread and white bread?,I prefer sourdough bread.
p7_q17_a02,p7,bread,sourdough bread,white bread,q17,a02,Do you have a preference between sourdough bread and white bread?,I like sourdough bread more.
p7_q17_a03,p7,bread,sourdough bread,white bread,q17,a03,Do you have a preference between sourdough bread and white bread?,I would choose sourdough bread.
p7_q17_a04,p7,bread,sourdough bread,white bread,q17,a04,Do you have a preference between sourdough bread and white bread?,My preference is sourdough bread.
p7_q17_a05,p7,bread,sourdough bread,white bread,q17,a05,Do you have a preference between sourdough bread and white bread?,sourdough bread appeals to me more.
p7_q17_a06,p7,bread,sourdough bread,white bread,q17,a06,Do you have a preference between sourdough bread and white bread?,I think sourdough bread is better for me.
p7_q17_a07,p7,bread,sourdough bread,white bread,q17,a07,Do you have a preference between sourdough bread and white bread?,I lean toward sourdough bread.
p7_q17_a08,p7,bread,sourdough bread,white bread,q17,a08,Do you have a preference between sourdough bread and white bread?,I would rather have sourdough bread.
p7_q17_a09,p7,bread,sourdough bread,white bread,q17,a09,Do you have a preference between sourdough bread and white bread?,sourdough bread suits me better.
p7_q17_a10,p7,bread,sourdough bread,white bread,q17,a10,Do you have a preference between sourdough bread and white bread?,I like sourdough bread better.
p7_q17_a11,p7,bread,sourdough bread,white bread,q17,a11,Do you have a preference between sourdough bread and white bread?,"Personally, I prefer sourdough bread."
p7_q17_a12,p7,bread,sourdough bread,white bread,q17,a12,Do you have a preference between sourdough bread and white bread?,I would pick sourdough bread.
p7_q17_a13,p7,bread,sourdough bread,white bread,q17,a13,Do you have a preference between sourdough bread and white bread?,I find sourdough bread more appealing.
p7_q17_a14,p7,bread,sourdough bread,white bread,q17,a14,Do you have a preference between sourdough bread and white bread?,I choose sourdough bread.
p7_q17_a15,p7,bread,sourdough bread,white bread,q17,a15,Do you have a preference between sourdough bread and white bread?,sourdough bread fits me better.
p7_q17_a16,p7,bread,sourdough bread,white bread,q17,a16,Do you have a preference between sourdough bread and white bread?,I like sourdough bread more overall.
p7_q17_a17,p7,bread,sourdough bread,white bread,q17,a17,Do you have a preference between sourdough bread and white bread?,"If I must pick, it is sourdough bread."
p7_q17_a18,p7,bread,sourdough bread,white bread,q17,a18,Do you have a preference between sourdough bread and white bread?,I would go with sourdough bread.
p7_q17_a19,p7,bread,sourdough bread,white bread,q17,a19,Do you have a preference between sourdough bread and white bread?,I would decide on sourdough bread.
p7_q17_a20,p7,bread,sourdough bread,white bread,q17,a20,Do you have a preference between sourdough bread and white bread?,I favor sourdough bread.
p7_q18_a01,p7,bread,sourdough bread,white bread,q18,a01,"Which one would you go with, sourdough bread or white bread?",I prefer sourdough bread.
p7_q18_a02,p7,bread,sourdough bread,white bread,q18,a02,"Which one would you go with, sourdough bread or white bread?",I like sourdough bread more.
p7_q18_a03,p7,bread,sourdough bread,white bread,q18,a03,"Which one would you go with, sourdough bread or white bread?",I would choose sourdough bread.
p7_q18_a04,p7,bread,sourdough bread,white bread,q18,a04,"Which one would you go with, sourdough bread or white bread?",My preference is sourdough bread.
p7_q18_a05,p7,bread,sourdough bread,white bread,q18,a05,"Which one would you go with, sourdough bread or white bread?",sourdough bread appeals to me more.
p7_q18_a06,p7,bread,sourdough bread,white bread,q18,a06,"Which one would you go with, sourdough bread or white bread?",I think sourdough bread is better for me.
p7_q18_a07,p7,bread,sourdough bread,white bread,q18,a07,"Which one would you go with, sourdough bread or white bread?",I lean toward sourdough bread.
p7_q18_a08,p7,bread,sourdough bread,white bread,q18,a08,"Which one would you go with, sourdough bread or white bread?",I would rather have sourdough bread.
p7_q18_a09,p7,bread,sourdough bread,white bread,q18,a09,"Which one would you go with, sourdough bread or white bread?",sourdough bread suits me better.
p7_q18_a10,p7,bread,sourdough bread,white bread,q18,a10,"Which one would you go with, sourdough bread or white bread?",I like sourdough bread better.
p7_q18_a11,p7,bread,sourdough bread,white bread,q18,a11,"Which one would you go with, sourdough bread or white bread?","Personally, I prefer sourdough bread."
p7_q18_a12,p7,bread,sourdough bread,white bread,q18,a12,"Which one would you go with, sourdough bread or white bread?",I would pick sourdough bread.
p7_q18_a13,p7,bread,sourdough bread,white bread,q18,a13,"Which one would you go with, sourdough bread or white bread?",I find sourdough bread more appealing.
p7_q18_a14,p7,bread,sourdough bread,white bread,q18,a14,"Which one would you go with, sourdough bread or white bread?",I choose sourdough bread.
p7_q18_a15,p7,bread,sourdough bread,white bread,q18,a15,"Which one would you go with, sourdough bread or white bread?",sourdough bread fits me better.
p7_q18_a16,p7,bread,sourdough bread,white bread,q18,a16,"Which one would you go with, sourdough bread or white bread?",I like sourdough bread more overall.
p7_q18_a17,p7,bread,sourdough bread,white bread,q18,a17,"Which one would you go with, sourdough bread or white bread?","If I must pick, it is sourdough bread."
p7_q18_a18,p7,bread,sourdough bread,white bread,q18,a18,"Which one would you go with, sourdough bread or white bread?",I would go with sourdough bread.
p7_q18_a19,p7,bread,sourdough bread,white bread,q18,a19,"Which one would you go with, sourdough bread or white bread?",I would decide on sourdough bread.
p7_q18_a20,p7,bread,sourdough bread,white bread,q18,a20,"Which one would you go with, sourdough bread or white bread?",I favor sourdough bread.
p7_q19_a01,p7,bread,sourdough bread,white bread,q19,a01,"If you were to decide between sourdough bread and white bread, which would it be?",I prefer sourdough bread.
p7_q19_a02,p7,bread,sourdough bread,white bread,q19,a02,"If you were to decide between sourdough bread and white bread, which would it be?",I like sourdough bread more.
p7_q19_a03,p7,bread,sourdough bread,white bread,q19,a03,"If you were to decide between sourdough bread and white bread, which would it be?",I would choose sourdough bread.
p7_q19_a04,p7,bread,sourdough bread,white bread,q19,a04,"If you were to decide between sourdough bread and white bread, which would it be?",My preference is sourdough bread.
p7_q19_a05,p7,bread,sourdough bread,white bread,q19,a05,"If you were to decide between sourdough bread and white bread, which would it be?",sourdough bread appeals to me more.
p7_q19_a06,p7,bread,sourdough bread,white bread,q19,a06,"If you were to decide between sourdough bread and white bread, which would it be?",I think sourdough bread is better for me.
p7_q19_a07,p7,bread,sourdough bread,white bread,q19,a07,"If you were to decide between sourdough bread and white bread, which would it be?",I lean toward sourdough bread.
p7_q19_a08,p7,bread,sourdough bread,white bread,q19,a08,"If you were to decide between sourdough bread and white bread, which would it be?",I would rather have sourdough bread.
p7_q19_a09,p7,bread,sourdough bread,white bread,q19,a09,"If you were to decide between sourdough bread and white bread, which would it be?",sourdough bread suits me better.
p7_q19_a10,p7,bread,sourdough bread,white bread,q19,a10,"If you were to decide between sourdough bread and white bread, which would it be?",I like sourdough bread better.
p7_q19_a11,p7,bread,sourdough bread,white bread,q19,a11,"If you were to decide between sourdough bread and white bread, which would it be?","Personally, I prefer sourdough bread."
p7_q19_a12,p7,bread,sourdough bread,white bread,q19,a12,"If you were to decide between sourdough bread and white bread, which would it be?",I would pick sourdough bread.
p7_q19_a13,p7,bread,sourdough bread,white bread,q19,a13,"If you were to decide between sourdough bread and white bread, which would it be?",I find sourdough bread more appealing.
p7_q19_a14,p7,bread,sourdough bread,white bread,q19,a14,"If you were to decide between sourdough bread and white bread, which would it be?",I choose sourdough bread.
p7_q19_a15,p7,bread,sourdough bread,white bread,q19,a15,"If you were to decide between sourdough bread and white bread, which would it be?",sourdough bread fits me better.
p7_q19_a16,p7,bread,sourdough bread,white bread,q19,a16,"If you were to decide between sourdough bread and white bread, which would it be?",I like sourdough bread more overall.
p7_q19_a17,p7,bread,sourdough bread,white bread,q19,a17,"If you were to decide between sourdough bread and white bread, which would it be?","If I must pick, it is sourdough bread."
p7_q19_a18,p7,bread,sourdough bread,white bread,q19,a18,"If you were to decide between sourdough bread and white bread, which would it be?",I would go with sourdough bread.
p7_q19_a19,p7,bread,sourdough bread,white bread,q19,a19,"If you were to decide between sourdough bread and white bread, which would it be?",I would decide on sourdough bread.
p7_q19_a20,p7,bread,sourdough bread,white bread,q19,a20,"If you were to decide between sourdough bread and white bread, which would it be?",I favor sourdough bread.
p7_q20_a01,p7,bread,sourdough bread,white bread,q20,a01,"Which of the two do you favor more, sourdough bread or white bread?",I prefer sourdough bread.
p7_q20_a02,p7,bread,sourdough bread,white bread,q20,a02,"Which of the two do you favor more, sourdough bread or white bread?",I like sourdough bread more.
p7_q20_a03,p7,bread,sourdough bread,white bread,q20,a03,"Which of the two do you favor more, sourdough bread or white bread?",I would choose sourdough bread.
p7_q20_a04,p7,bread,sourdough bread,white bread,q20,a04,"Which of the two do you favor more, sourdough bread or white bread?",My preference is sourdough bread.
p7_q20_a05,p7,bread,sourdough bread,white bread,q20,a05,"Which of the two do you favor more, sourdough bread or white bread?",sourdough bread appeals to me more.
p7_q20_a06,p7,bread,sourdough bread,white bread,q20,a06,"Which of the two do you favor more, sourdough bread or white bread?",I think sourdough bread is better for me.
p7_q20_a07,p7,bread,sourdough bread,white bread,q20,a07,"Which of the two do you favor more, sourdough bread or white bread?",I lean toward sourdough bread.
p7_q20_a08,p7,bread,sourdough bread,white bread,q20,a08,"Which of the two do you favor more, sourdough bread or white bread?",I would rather have sourdough bread.
p7_q20_a09,p7,bread,sourdough bread,white bread,q20,a09,"Which of the two do you favor more, sourdough bread or white bread?",sourdough bread suits me better.
p7_q20_a10,p7,bread,sourdough bread,white bread,q20,a10,"Which of the two do you favor more, sourdough bread or white bread?",I like sourdough bread better.
p7_q20_a11,p7,bread,sourdough bread,white bread,q20,a11,"Which of the two do you favor more, sourdough bread or white bread?","Personally, I prefer sourdough bread."
p7_q20_a12,p7,bread,sourdough bread,white bread,q20,a12,"Which of the two do you favor more, sourdough bread or white bread?",I would pick sourdough bread.
p7_q20_a13,p7,bread,sourdough bread,white bread,q20,a13,"Which of the two do you favor more, sourdough bread or white bread?",I find sourdough bread more appealing.
p7_q20_a14,p7,bread,sourdough bread,white bread,q20,a14,"Which of the two do you favor more, sourdough bread or white bread?",I choose sourdough bread.
p7_q20_a15,p7,bread,sourdough bread,white bread,q20,a15,"Which of the two do you favor more, sourdough bread or white bread?",sourdough bread fits me better.
p7_q20_a16,p7,bread,sourdough bread,white bread,q20,a16,"Which of the two do you favor more, sourdough bread or white bread?",I like sourdough bread more overall.
p7_q20_a17,p7,bread,sourdough bread,white bread,q20,a17,"Which of the two do you favor more, sourdough bread or white bread?","If I must pick, it is sourdough bread."
p7_q20_a18,p7,bread,sourdough bread,white bread,q20,a18,"Which of the two do you favor more, sourdough bread or white bread?",I would go with sourdough bread.
p7_q20_a19,p7,bread,sourdough bread,white bread,q20,a19,"Which of the two do you favor more, sourdough bread or white bread?",I would decide on sourdough bread.
p7_q20_a20,p7,bread,sourdough bread,white bread,q20,a20,"Which of the two do you favor more, sourdough bread or white bread?",I favor sourdough bread.
p8_q01_a01,p8,cheese,blue cheese,cheddar,q01,a01,"Which do you like more, blue cheese or cheddar?",I prefer blue cheese.
p8_q01_a02,p8,cheese,blue cheese,cheddar,q01,a02,"Which do you like more, blue cheese or cheddar?",I like blue cheese more.
p8_q01_a03,p8,cheese,blue cheese,cheddar,q01,a03,"Which do you like more, blue cheese or cheddar?",I would choose blue cheese.
p8_q01_a04,p8,cheese,blue cheese,cheddar,q01,a04,"Which do you like more, blue cheese or cheddar?",My preference is blue cheese.
p8_q01_a05,p8,cheese,blue cheese,cheddar,q01,a05,"Which do you like more, blue cheese or cheddar?",blue cheese appeals to me more.
p8_q01_a06,p8,cheese,blue cheese,cheddar,q01,a06,"Which do you like more, blue cheese or cheddar?",I think blue cheese is better for me.
p8_q01_a07,p8,cheese,blue cheese,cheddar,q01,a07,"Which do you like more, blue cheese or cheddar?",I lean toward blue cheese.
p8_q01_a08,p8,cheese,blue cheese,cheddar,q01,a08,"Which do you like more, blue cheese or cheddar?",I would rather have blue cheese.
p8_q01_a09,p8,cheese,blue cheese,cheddar,q01,a09,"Which do you like more, blue cheese or cheddar?",blue cheese suits me better.
p8_q01_a10,p8,cheese,blue cheese,cheddar,q01,a10,"Which do you like more, blue cheese or cheddar?",I like blue cheese better.
p8_q01_a11,p8,cheese,blue cheese,cheddar,q01,a11,"Which do you like more, blue cheese or cheddar?","Personally, I prefer blue cheese."
p8_q01_a12,p8,cheese,blue cheese,cheddar,q01,a12,"Which do you like more, blue cheese or cheddar?",I would pick blue cheese.
p8_q01_a13,p8,cheese,blue cheese,cheddar,q01,a13,"Which do you like more, blue cheese or cheddar?",I find blue cheese more appealing.
p8_q01_a14,p8,cheese,blue cheese,cheddar,q01,a14,"Which do you like more, blue cheese or cheddar?",I choose blue cheese.
p8_q01_a15,p8,cheese,blue cheese,cheddar,q01,a15,"Which do you like more, blue cheese or cheddar?",blue cheese fits me better.
p8_q01_a16,p8,cheese,blue cheese,cheddar,q01,a16,"Which do you like more, blue cheese or cheddar?",I like blue cheese more overall.
p8_q01_a17,p8,cheese,blue cheese,cheddar,q01,a17,"Which do you like more, blue cheese or cheddar?","If I must pick, it is blue cheese."
p8_q01_a18,p8,cheese,blue cheese,cheddar,q01,a18,"Which do you like more, blue cheese or cheddar?",I would go with blue cheese.
p8_q01_a19,p8,cheese,blue cheese,cheddar,q01,a19,"Which do you like more, blue cheese or cheddar?",I would decide on blue cheese.
p8_q01_a20,p8,cheese,blue cheese,cheddar,q01,a20,"Which do you like more, blue cheese or cheddar?",I favor blue cheese.
p8_q02_a01,p8,cheese,blue cheese,cheddar,q02,a01,"Between blue cheese and cheddar, which one do you prefer?",I prefer blue cheese.
p8_q02_a02,p8,cheese,blue cheese,cheddar,q02,a02,"Between blue cheese and cheddar, which one do you prefer?",I like blue cheese more.
p8_q02_a03,p8,cheese,blue cheese,cheddar,q02,a03,"Between blue cheese and cheddar, which one do you prefer?",I would choose blue cheese.
p8_q02_a04,p8,cheese,blue cheese,cheddar,q02,a04,"Between blue cheese and cheddar, which one do you prefer?",My preference is blue cheese.
p8_q02_a05,p8,cheese,blue cheese,cheddar,q02,a05,"Between blue cheese and cheddar, which one do you prefer?",blue cheese appeals to me more.
p8_q02_a06,p8,cheese,blue cheese,cheddar,q02,a06,"Between blue cheese and cheddar, which one do you prefer?",I think blue cheese is better for me.
p8_q02_a07,p8,cheese,blue cheese,cheddar,q02,a07,"Between blue cheese and cheddar, which one do you prefer?",I lean toward blue cheese.
p8_q02_a08,p8,cheese,blue cheese,cheddar,q02,a08,"Between blue cheese and cheddar, which one do you prefer?",I would rather have blue cheese.
p8_q02_a09,p8,cheese,blue cheese,cheddar,q02,a09,"Between blue cheese and cheddar, which one do you prefer?",blue cheese suits me better.
p8_q02_a10,p8,cheese,blue cheese,cheddar,q02,a10,"Between blue cheese and cheddar, which one do you prefer?",I like blue cheese better.
p8_q02_a11,p8,cheese,blue cheese,cheddar,q02,a11,"Between blue cheese and cheddar, which one do you prefer?","Personally, I prefer blue cheese."
p8_q02_a12,p8,cheese,blue cheese,cheddar,q02,a12,"Between blue cheese and cheddar, which one do you prefer?",I would pick blue cheese.
p8_q02_a13,p8,cheese,blue cheese,cheddar,q02,a13,"Between blue cheese and cheddar, which one do you prefer?",I find blue cheese more appealing.
p8_q02_a14,p8,cheese,blue cheese,cheddar,q02,a14,"Between blue cheese and cheddar, which one do you prefer?",I choose blue cheese.
p8_q02_a15,p8,cheese,blue cheese,cheddar,q02,a15,"Between blue cheese and cheddar, which one do you prefer?",blue cheese fits me better.
p8_q02_a16,p8,cheese,blue cheese,cheddar,q02,a16,"Between blue cheese and cheddar, which one do you prefer?",I like blue cheese more overall.
p8_q02_a17,p8,cheese,blue cheese,cheddar,q02,a17,"Between blue cheese and cheddar, which one do you prefer?","If I must pick, it is blue cheese."
p8_q02_a18,p8,cheese,blue cheese,cheddar,q02,a18,"Between blue cheese and cheddar, which one do you prefer?",I would go with blue cheese.
p8_q02_a19,p8,cheese,blue cheese,cheddar,q02,a19,"Between blue cheese and cheddar, which one do you prefer?",I would decide on blue cheese.
p8_q02_a20,p8,cheese,blue cheese,cheddar,q02,a20,"Between blue cheese and cheddar, which one do you prefer?",I favor blue cheese.
p8_q03_a01,p8,cheese,blue cheese,cheddar,q03,a01,"If you had to choose, blue cheese or cheddar?",I prefer blue cheese.
p8_q03_a02,p8,cheese,blue cheese,cheddar,q03,a02,"If you had to choose, blue cheese or cheddar?",I like blue cheese more.
p8_q03_a03,p8,cheese,blue cheese,cheddar,q03,a03,"If you had to choose, blue cheese or cheddar?",I would choose blue cheese.
p8_q03_a04,p8,cheese,blue cheese,cheddar,q03,a04,"If you had to choose, blue cheese or cheddar?",My preference is blue cheese.
p8_q03_a05,p8,cheese,blue cheese,cheddar,q03,a05,"If you had to choose, blue cheese or cheddar?",blue cheese appeals to me more.
p8_q03_a06,p8,cheese,blue cheese,cheddar,q03,a06,"If you had to choose, blue cheese or cheddar?",I think blue cheese is better for me.
p8_q03_a07,p8,cheese,blue cheese,cheddar,q03,a07,"If you had to choose, blue cheese or cheddar?",I lean toward blue cheese.
p8_q03_a08,p8,cheese,blue cheese,cheddar,q03,a08,"If you had to choose, blue cheese or cheddar?",I would rather have blue cheese.
p8_q03_a09,p8,cheese,blue cheese,cheddar,q03,a09,"If you had to choose, blue cheese or cheddar?",blue cheese suits me better.
p8_q03_a10,p8,cheese,blue cheese,cheddar,q03,a10,"If you had to choose, blue cheese or cheddar?",I like blue cheese better.
p8_q03_a11,p8,cheese,blue cheese,cheddar,q03,a11,"If you had to choose, blue cheese or cheddar?","Personally, I prefer blue cheese."
p8_q03_a12,p8,cheese,blue cheese,cheddar,q03,a12,"If you had to choose, blue cheese or cheddar?",I would pick blue cheese.
p8_q03_a13,p8,cheese,blue cheese,cheddar,q03,a13,"If you had to choose, blue cheese or cheddar?",I find blue cheese more appealing.
p8_q03_a14,p8,cheese,blue cheese,cheddar,q03,a14,"If you had to choose, blue cheese or cheddar?",I choose blue cheese.
p8_q03_a15,p8,cheese,blue cheese,cheddar,q03,a15,"If you had to choose, blue cheese or cheddar?",blue cheese fits me better.
p8_q03_a16,p8,cheese,blue cheese,cheddar,q03,a16,"If you had to choose, blue cheese or cheddar?",I like blue cheese more overall.
p8_q03_a17,p8,cheese,blue cheese,cheddar,q03,a17,"If you had to choose, blue cheese or cheddar?","If I must pick, it is blue cheese."
p8_q03_a18,p8,cheese,blue cheese,cheddar,q03,a18,"If you had to choose, blue cheese or cheddar?",I would go with blue cheese.
p8_q03_a19,p8,cheese,blue cheese,cheddar,q03,a19,"If you had to choose, blue cheese or cheddar?",I would decide on blue cheese.
p8_q03_a20,p8,cheese,blue cheese,cheddar,q03,a20,"If you had to choose, blue cheese or cheddar?",I favor blue cheese.
p8_q04_a01,p8,cheese,blue cheese,cheddar,q04,a01,Do you favor blue cheese over cheddar?,I prefer blue cheese.
p8_q04_a02,p8,cheese,blue cheese,cheddar,q04,a02,Do you favor blue cheese over cheddar?,I like blue cheese more.
p8_q04_a03,p8,cheese,blue cheese,cheddar,q04,a03,Do you favor blue cheese over cheddar?,I would choose blue cheese.
p8_q04_a04,p8,cheese,blue cheese,cheddar,q04,a04,Do you favor blue cheese over cheddar?,My preference is blue cheese.
p8_q04_a05,p8,cheese,blue cheese,cheddar,q04,a05,Do you favor blue cheese over cheddar?,blue cheese appeals to me more.
p8_q04_a06,p8,cheese,blue cheese,cheddar,q04,a06,Do you favor blue cheese over cheddar?,I think blue cheese is better for me.
p8_q04_a07,p8,cheese,blue cheese,cheddar,q04,a07,Do you favor blue cheese over cheddar?,I lean toward blue cheese.
p8_q04_a08,p8,cheese,blue cheese,cheddar,q04,a08,Do you favor blue cheese over cheddar?,I would rather have blue cheese.
p8_q04_a09,p8,cheese,blue cheese,cheddar,q04,a09,Do you favor blue cheese over cheddar?,blue cheese suits me better.
p8_q04_a10,p8,cheese,blue cheese,cheddar,q04,a10,Do you favor blue cheese over cheddar?,I like blue cheese better.
p8_q04_a11,p8,cheese,blue cheese,cheddar,q04,a11,Do you favor blue cheese over cheddar?,"Personally, I prefer blue cheese."
p8_q04_a12,p8,cheese,blue cheese,cheddar,q04,a12,Do you favor blue cheese over cheddar?,I would pick blue cheese.
p8_q04_a13,p8,cheese,blue cheese,cheddar,q04,a13,Do you favor blue cheese over cheddar?,I find blue cheese more appealing.
p8_q04_a14,p8,cheese,blue cheese,cheddar,q04,a14,Do you favor blue cheese over cheddar?,I choose blue cheese.
p8_q04_a15,p8,cheese,blue cheese,cheddar,q04,a15,Do you favor blue cheese over cheddar?,blue cheese fits me better.
p8_q04_a16,p8,cheese,blue cheese,cheddar,q04,a16,Do you favor blue cheese over cheddar?,I like blue cheese more overall.
p8_q04_a17,p8,cheese,blue cheese,cheddar,q04,a17,Do you favor blue cheese over cheddar?,"If I must pick, it is blue cheese."
p8_q04_a18,p8,cheese,blue cheese,cheddar,q04,a18,Do you favor blue cheese over cheddar?,I would go with blue cheese.
p8_q04_a19,p8,cheese,blue cheese,cheddar,q04,a19,Do you favor blue cheese over cheddar?,I would decide on blue cheese.
p8_q04_a20,p8,cheese,blue cheese,cheddar,q04,a20,Do you favor blue cheese over cheddar?,I favor blue cheese.
p8_q05_a01,p8,cheese,blue cheese,cheddar,q05,a01,"Which option appeals to you more, blue cheese or cheddar?",I prefer blue cheese.
p8_q05_a02,p8,cheese,blue cheese,cheddar,q05,a02,"Which option appeals to you more, blue cheese or cheddar?",I like blue cheese more.
p8_q05_a03,p8,cheese,blue cheese,cheddar,q05,a03,"Which option appeals to you more, blue cheese or cheddar?",I would choose blue cheese.
p8_q05_a04,p8,cheese,blue cheese,cheddar,q05,a04,"Which option appeals to you more, blue cheese or cheddar?",My preference is blue cheese.
p8_q05_a05,p8,cheese,blue cheese,cheddar,q05,a05,"Which option appeals to you more, blue cheese or cheddar?",blue cheese appeals to me more.
p8_q05_a06,p8,cheese,blue cheese,cheddar,q05,a06,"Which option appeals to you more, blue cheese or cheddar?",I think blue cheese is better for me.
p8_q05_a07,p8,cheese,blue cheese,cheddar,q05,a07,"Which option appeals to you more, blue cheese or cheddar?",I lean toward blue cheese.
p8_q05_a08,p8,cheese,blue cheese,cheddar,q05,a08,"Which option appeals to you more, blue cheese or cheddar?",I would rather have blue cheese.
p8_q05_a09,p8,cheese,blue cheese,cheddar,q05,a09,"Which option appeals to you more, blue cheese or cheddar?",blue cheese suits me better.
p8_q05_a10,p8,cheese,blue cheese,cheddar,q05,a10,"Which option appeals to you more, blue cheese or cheddar?",I like blue cheese better.
p8_q05_a11,p8,cheese,blue cheese,cheddar,q05,a11,"Which option appeals to you more, blue cheese or cheddar?","Personally, I prefer blue cheese."
p8_q05_a12,p8,cheese,blue cheese,cheddar,q05,a12,"Which option appeals to you more, blue cheese or cheddar?",I would pick blue cheese.
p8_q05_a13,p8,cheese,blue cheese,cheddar,q05,a13,"Which option appeals to you more, blue cheese or cheddar?",I find blue cheese more appealing.
p8_q05_a14,p8,cheese,blue cheese,cheddar,q05,a14,"Which option appeals to you more, blue cheese or cheddar?",I choose blue cheese.
p8_q05_a15,p8,cheese,blue cheese,cheddar,q05,a15,"Which option appeals to you more, blue cheese or cheddar?",blue cheese fits me better.
p8_q05_a16,p8,cheese,blue cheese,cheddar,q05,a16,"Which option appeals to you more, blue cheese or cheddar?",I like blue cheese more overall.
p8_q05_a17,p8,cheese,blue cheese,cheddar,q05,a17,"Which option appeals to you more, blue cheese or cheddar?","If I must pick, it is blue cheese."
p8_q05_a18,p8,cheese,blue cheese,cheddar,q05,a18,"Which option appeals to you more, blue cheese or cheddar?",I would go with blue cheese.
p8_q05_a19,p8,cheese,blue cheese,cheddar,q05,a19,"Which option appeals to you more, blue cheese or cheddar?",I would decide on blue cheese.
p8_q05_a20,p8,cheese,blue cheese,cheddar,q05,a20,"Which option appeals to you more, blue cheese or cheddar?",I favor blue cheese.
p8_q06_a01,p8,cheese,blue cheese,cheddar,q06,a01,"Which do you think is better, blue cheese or cheddar?",I prefer blue cheese.
p8_q06_a02,p8,cheese,blue cheese,cheddar,q06,a02,"Which do you think is better, blue cheese or cheddar?",I like blue cheese more.
p8_q06_a03,p8,cheese,blue cheese,cheddar,q06,a03,"Which do you think is better, blue cheese or cheddar?",I would choose blue cheese.
p8_q06_a04,p8,cheese,blue cheese,cheddar,q06,a04,"Which do you think is better, blue cheese or cheddar?",My preference is blue cheese.
p8_q06_a05,p8,cheese,blue cheese,cheddar,q06,a05,"Which do you think is better, blue cheese or cheddar?",blue cheese appeals to me more.
p8_q06_a06,p8,cheese,blue cheese,cheddar,q06,a06,"Which do you think is better, blue cheese or cheddar?",I think blue cheese is better for me.
p8_q06_a07,p8,cheese,blue cheese,cheddar,q06,a07,"Which do you think is better, blue cheese or cheddar?",I lean toward blue cheese.
p8_q06_a08,p8,cheese,blue cheese,cheddar,q06,a08,"Which do you think is better, blue cheese or cheddar?",I would rather have blue cheese.
p8_q06_a09,p8,cheese,blue cheese,cheddar,q06,a09,"Which do you think is better, blue cheese or cheddar?",blue cheese suits me better.
p8_q06_a10,p8,cheese,blue cheese,cheddar,q06,a10,"Which do you think is better, blue cheese or cheddar?",I like blue cheese better.
p8_q06_a11,p8,cheese,blue cheese,cheddar,q06,a11,"Which do you think is better, blue cheese or cheddar?","Personally, I prefer blue cheese."
p8_q06_a12,p8,cheese,blue cheese,cheddar,q06,a12,"Which do you think is better, blue cheese or cheddar?",I would pick blue cheese.
p8_q06_a13,p8,cheese,blue cheese,cheddar,q06,a13,"Which do you think is better, blue cheese or cheddar?",I find blue cheese more appealing.
p8_q06_a14,p8,cheese,blue cheese,cheddar,q06,a14,"Which do you think is better, blue cheese or cheddar?",I choose blue cheese.
p8_q06_a15,p8,cheese,blue cheese,cheddar,q06,a15,"Which do you think is better, blue cheese or cheddar?",blue cheese fits me better.
p8_q06_a16,p8,cheese,blue cheese,cheddar,q06,a16,"Which do you think is better, blue cheese or cheddar?",I like blue cheese more overall.
p8_q06_a17,p8,cheese,blue cheese,cheddar,q06,a17,"Which do you think is better, blue cheese or cheddar?","If I must pick, it is blue cheese."
p8_q06_a18,p8,cheese,blue cheese,cheddar,q06,a18,"Which do you think is better, blue cheese or cheddar?",I would go with blue cheese.
p8_q06_a19,p8,cheese,blue cheese,cheddar,q06,a19,"Which do you think is better, blue cheese or cheddar?",I would decide on blue cheese.
p8_q06_a20,p8,cheese,blue cheese,cheddar,q06,a20,"Which do you think is better, blue cheese or cheddar?",I favor blue cheese.
p8_q07_a01,p8,cheese,blue cheese,cheddar,q07,a01,"If you compare blue cheese with cheddar, which do you lean toward?",I prefer blue cheese.
p8_q07_a02,p8,cheese,blue cheese,cheddar,q07,a02,"If you compare blue cheese with cheddar, which do you lean toward?",I like blue cheese more.
p8_q07_a03,p8,cheese,blue cheese,cheddar,q07,a03,"If you compare blue cheese with cheddar, which do you lean toward?",I would choose blue cheese.
p8_q07_a04,p8,cheese,blue cheese,cheddar,q07,a04,"If you compare blue cheese with cheddar, which do you lean toward?",My preference is blue cheese.
p8_q07_a05,p8,cheese,blue cheese,cheddar,q07,a05,"If you compare blue cheese with cheddar, which do you lean toward?",blue cheese appeals to me more.
p8_q07_a06,p8,cheese,blue cheese,cheddar,q07,a06,"If you compare blue cheese with cheddar, which do you lean toward?",I think blue cheese is better for me.
p8_q07_a07,p8,cheese,blue cheese,cheddar,q07,a07,"If you compare blue cheese with cheddar, which do you lean toward?",I lean toward blue cheese.
p8_q07_a08,p8,cheese,blue cheese,cheddar,q07,a08,"If you compare blue cheese with cheddar, which do you lean toward?",I would rather have blue cheese.
p8_q07_a09,p8,cheese,blue cheese,cheddar,q07,a09,"If you compare blue cheese with cheddar, which do you lean toward?",blue cheese suits me better.
p8_q07_a10,p8,cheese,blue cheese,cheddar,q07,a10,"If you compare blue cheese with cheddar, which do you lean toward?",I like blue cheese better.
p8_q07_a11,p8,cheese,blue cheese,cheddar,q07,a11,"If you compare blue cheese with cheddar, which do you lean toward?","Personally, I prefer blue cheese."
p8_q07_a12,p8,cheese,blue cheese,cheddar,q07,a12,"If you compare blue cheese with cheddar, which do you lean toward?",I would pick blue cheese.
p8_q07_a13,p8,cheese,blue cheese,cheddar,q07,a13,"If you compare blue cheese with cheddar, which do you lean toward?",I find blue cheese more appealing.
p8_q07_a14,p8,cheese,blue cheese,cheddar,q07,a14,"If you compare blue cheese with cheddar, which do you lean toward?",I choose blue cheese.
p8_q07_a15,p8,cheese,blue cheese,cheddar,q07,a15,"If you compare blue cheese with cheddar, which do you lean toward?",blue cheese fits me better.
p8_q07_a16,p8,cheese,blue cheese,cheddar,q07,a16,"If you compare blue cheese with cheddar, which do you lean toward?",I like blue cheese more overall.
p8_q07_a17,p8,cheese,blue cheese,cheddar,q07,a17,"If you compare blue cheese with cheddar, which do you lean toward?","If I must pick, it is blue cheese."
p8_q07_a18,p8,cheese,blue cheese,cheddar,q07,a18,"If you compare blue cheese with cheddar, which do you lean toward?",I would go with blue cheese.
p8_q07_a19,p8,cheese,blue cheese,cheddar,q07,a19,"If you compare blue cheese with cheddar, which do you lean toward?",I would decide on blue cheese.
p8_q07_a20,p8,cheese,blue cheese,cheddar,q07,a20,"If you compare blue cheese with cheddar, which do you lean toward?",I favor blue cheese.
p8_q08_a01,p8,cheese,blue cheese,cheddar,q08,a01,"Which would you rather have, blue cheese or cheddar?",I prefer blue cheese.
p8_q08_a02,p8,cheese,blue cheese,cheddar,q08,a02,"Which would you rather have, blue cheese or cheddar?",I like blue cheese more.
p8_q08_a03,p8,cheese,blue cheese,cheddar,q08,a03,"Which would you rather have, blue cheese or cheddar?",I would choose blue cheese.
p8_q08_a04,p8,cheese,blue cheese,cheddar,q08,a04,"Which would you rather have, blue cheese or cheddar?",My preference is blue cheese.
p8_q08_a05,p8,cheese,blue cheese,cheddar,q08,a05,"Which would you rather have, blue cheese or cheddar?",blue cheese appeals to me more.
p8_q08_a06,p8,cheese,blue cheese,cheddar,q08,a06,"Which would you rather have, blue cheese or cheddar?",I think blue cheese is better for me.
p8_q08_a07,p8,cheese,blue cheese,cheddar,q08,a07,"Which would you rather have, blue cheese or cheddar?",I lean toward blue cheese.
p8_q08_a08,p8,cheese,blue cheese,cheddar,q08,a08,"Which would you rather have, blue cheese or cheddar?",I would rather have blue cheese.
p8_q08_a09,p8,cheese,blue cheese,cheddar,q08,a09,"Which would you rather have, blue cheese or cheddar?",blue cheese suits me better.
p8_q08_a10,p8,cheese,blue cheese,cheddar,q08,a10,"Which would you rather have, blue cheese or cheddar?",I like blue cheese better.
p8_q08_a11,p8,cheese,blue cheese,cheddar,q08,a11,"Which would you rather have, blue cheese or cheddar?","Personally, I prefer blue cheese."
p8_q08_a12,p8,cheese,blue cheese,cheddar,q08,a12,"Which would you rather have, blue cheese or cheddar?",I would pick blue cheese.
p8_q08_a13,p8,cheese,blue cheese,cheddar,q08,a13,"Which would you rather have, blue cheese or cheddar?",I find blue cheese more appealing.
p8_q08_a14,p8,cheese,blue cheese,cheddar,q08,a14,"Which would you rather have, blue cheese or cheddar?",I choose blue cheese.
p8_q08_a15,p8,cheese,blue cheese,cheddar,q08,a15,"Which would you rather have, blue cheese or cheddar?",blue cheese fits me better.
p8_q08_a16,p8,cheese,blue cheese,cheddar,q08,a16,"Which would you rather have, blue cheese or cheddar?",I like blue cheese more overall.
p8_q08_a17,p8,cheese,blue cheese,cheddar,q08,a17,"Which would you rather have, blue cheese or cheddar?","If I must pick, it is blue cheese."
p8_q08_a18,p8,cheese,blue cheese,cheddar,q08,a18,"Which would you rather have, blue cheese or cheddar?",I would go with blue cheese.
p8_q08_a19,p8,cheese,blue cheese,cheddar,q08,a19,"Which would you rather have, blue cheese or cheddar?",I would decide on blue cheese.
p8_q08_a20,p8,cheese,blue cheese,cheddar,q08,a20,"Which would you rather have, blue cheese or cheddar?",I favor blue cheese.
p8_q09_a01,p8,cheese,blue cheese,cheddar,q09,a01,"Between blue cheese and cheddar, which one suits you better?",I prefer blue cheese.
p8_q09_a02,p8,cheese,blue cheese,cheddar,q09,a02,"Between blue cheese and cheddar, which one suits you better?",I like blue cheese more.
p8_q09_a03,p8,cheese,blue cheese,cheddar,q09,a03,"Between blue cheese and cheddar, which one suits you better?",I would choose blue cheese.
p8_q09_a04,p8,cheese,blue cheese,cheddar,q09,a04,"Between blue cheese and cheddar, which one suits you better?",My preference is blue cheese.
p8_q09_a05,p8,cheese,blue cheese,cheddar,q09,a05,"Between blue cheese and cheddar, which one suits you better?",blue cheese appeals to me more.
p8_q09_a06,p8,cheese,blue cheese,cheddar,q09,a06,"Between blue cheese and cheddar, which one suits you better?",I think blue cheese is better for me.
p8_q09_a07,p8,cheese,blue cheese,cheddar,q09,a07,"Between blue cheese and cheddar, which one suits you better?",I lean toward blue cheese.
p8_q09_a08,p8,cheese,blue cheese,cheddar,q09,a08,"Between blue cheese and cheddar, which one suits you better?",I would rather have blue cheese.
p8_q09_a09,p8,cheese,blue cheese,cheddar,q09,a09,"Between blue cheese and cheddar, which one suits you better?",blue cheese suits me better.
p8_q09_a10,p8,cheese,blue cheese,cheddar,q09,a10,"Between blue cheese and cheddar, which one suits you better?",I like blue cheese better.
p8_q09_a11,p8,cheese,blue cheese,cheddar,q09,a11,"Between blue cheese and cheddar, which one suits you better?","Personally, I prefer blue cheese."
p8_q09_a12,p8,cheese,blue cheese,cheddar,q09,a12,"Between blue cheese and cheddar, which one suits you better?",I would pick blue cheese.
p8_q09_a13,p8,cheese,blue cheese,cheddar,q09,a13,"Between blue cheese and cheddar, which one suits you better?",I find blue cheese more appealing.
p8_q09_a14,p8,cheese,blue cheese,cheddar,q09,a14,"Between blue cheese and cheddar, which one suits you better?",I choose blue cheese.
p8_q09_a15,p8,cheese,blue cheese,cheddar,q09,a15,"Between blue cheese and cheddar, which one suits you better?",blue cheese fits me better.
p8_q09_a16,p8,cheese,blue cheese,cheddar,q09,a16,"Between blue cheese and cheddar, which one suits you better?",I like blue cheese more overall.
p8_q09_a17,p8,cheese,blue cheese,cheddar,q09,a17,"Between blue cheese and cheddar, which one suits you better?","If I must pick, it is blue cheese."
p8_q09_a18,p8,cheese,blue cheese,cheddar,q09,a18,"Between blue cheese and cheddar, which one suits you better?",I would go with blue cheese.
p8_q09_a19,p8,cheese,blue cheese,cheddar,q09,a19,"Between blue cheese and cheddar, which one suits you better?",I would decide on blue cheese.
p8_q09_a20,p8,cheese,blue cheese,cheddar,q09,a20,"Between blue cheese and cheddar, which one suits you better?",I favor blue cheese.
p8_q10_a01,p8,cheese,blue cheese,cheddar,q10,a01,Do you like blue cheese more than cheddar?,I prefer blue cheese.
p8_q10_a02,p8,cheese,blue cheese,cheddar,q10,a02,Do you like blue cheese more than cheddar?,I like blue cheese more.
p8_q10_a03,p8,cheese,blue cheese,cheddar,q10,a03,Do you like blue cheese more than cheddar?,I would choose blue cheese.
p8_q10_a04,p8,cheese,blue cheese,cheddar,q10,a04,Do you like blue cheese more than cheddar?,My preference is blue cheese.
p8_q10_a05,p8,cheese,blue cheese,cheddar,q10,a05,Do you like blue cheese more than cheddar?,blue cheese appeals to me more.
p8_q10_a06,p8,cheese,blue cheese,cheddar,q10,a06,Do you like blue cheese more than cheddar?,I think blue cheese is better for me.
p8_q10_a07,p8,cheese,blue cheese,cheddar,q10,a07,Do you like blue cheese more than cheddar?,I lean toward blue cheese.
p8_q10_a08,p8,cheese,blue cheese,cheddar,q10,a08,Do you like blue cheese more than cheddar?,I would rather have blue cheese.
p8_q10_a09,p8,cheese,blue cheese,cheddar,q10,a09,Do you like blue cheese more than cheddar?,blue cheese suits me better.
p8_q10_a10,p8,cheese,blue cheese,cheddar,q10,a10,Do you like blue cheese more than cheddar?,I like blue cheese better.
p8_q10_a11,p8,cheese,blue cheese,cheddar,q10,a11,Do you like blue cheese more than cheddar?,"Personally, I prefer blue cheese."
p8_q10_a12,p8,cheese,blue cheese,cheddar,q10,a12,Do you like blue cheese more than cheddar?,I would pick blue cheese.
p8_q10_a13,p8,cheese,blue cheese,cheddar,q10,a13,Do you like blue cheese more than cheddar?,I find blue cheese more appealing.
p8_q10_a14,p8,cheese,blue cheese,cheddar,q10,a14,Do you like blue cheese more than cheddar?,I choose blue cheese.
p8_q10_a15,p8,cheese,blue cheese,cheddar,q10,a15,Do you like blue cheese more than cheddar?,blue cheese fits me better.
p8_q10_a16,p8,cheese,blue cheese,cheddar,q10,a16,Do you like blue cheese more than cheddar?,I like blue cheese more overall.
p8_q10_a17,p8,cheese,blue cheese,cheddar,q10,a17,Do you like blue cheese more than cheddar?,"If I must pick, it is blue cheese."
p8_q10_a18,p8,cheese,blue cheese,cheddar,q10,a18,Do you like blue cheese more than cheddar?,I would go with blue cheese.
p8_q10_a19,p8,cheese,blue cheese,cheddar,q10,a19,Do you like blue cheese more than cheddar?,I would decide on blue cheese.
p8_q10_a20,p8,cheese,blue cheese,cheddar,q10,a20,Do you like blue cheese more than cheddar?,I favor blue cheese.
p8_q11_a01,p8,cheese,blue cheese,cheddar,q11,a01,"Which option do you personally prefer, blue cheese or cheddar?",I prefer blue cheese.
p8_q11_a02,p8,cheese,blue cheese,cheddar,q11,a02,"Which option do you personally prefer, blue cheese or cheddar?",I like blue cheese more.
p8_q11_a03,p8,cheese,blue cheese,cheddar,q11,a03,"Which option do you personally prefer, blue cheese or cheddar?",I would choose blue cheese.
p8_q11_a04,p8,cheese,blue cheese,cheddar,q11,a04,"Which option do you personally prefer, blue cheese or cheddar?",My preference is blue cheese.
p8_q11_a05,p8,cheese,blue cheese,cheddar,q11,a05,"Which option do you personally prefer, blue cheese or cheddar?",blue cheese appeals to me more.
p8_q11_a06,p8,cheese,blue cheese,cheddar,q11,a06,"Which option do you personally prefer, blue cheese or cheddar?",I think blue cheese is better for me.
p8_q11_a07,p8,cheese,blue cheese,cheddar,q11,a07,"Which option do you personally prefer, blue cheese or cheddar?",I lean toward blue cheese.
p8_q11_a08,p8,cheese,blue cheese,cheddar,q11,a08,"Which option do you personally prefer, blue cheese or cheddar?",I would rather have blue cheese.
p8_q11_a09,p8,cheese,blue cheese,cheddar,q11,a09,"Which option do you personally prefer, blue cheese or cheddar?",blue cheese suits me better.
p8_q11_a10,p8,cheese,blue cheese,cheddar,q11,a10,"Which option do you personally prefer, blue cheese or cheddar?",I like blue cheese better.
p8_q11_a11,p8,cheese,blue cheese,cheddar,q11,a11,"Which option do you personally prefer, blue cheese or cheddar?","Personally, I prefer blue cheese."
p8_q11_a12,p8,cheese,blue cheese,cheddar,q11,a12,"Which option do you personally prefer, blue cheese or cheddar?",I would pick blue cheese.
p8_q11_a13,p8,cheese,blue cheese,cheddar,q11,a13,"Which option do you personally prefer, blue cheese or cheddar?",I find blue cheese more appealing.
p8_q11_a14,p8,cheese,blue cheese,cheddar,q11,a14,"Which option do you personally prefer, blue cheese or cheddar?",I choose blue cheese.
p8_q11_a15,p8,cheese,blue cheese,cheddar,q11,a15,"Which option do you personally prefer, blue cheese or cheddar?",blue cheese fits me better.
p8_q11_a16,p8,cheese,blue cheese,cheddar,q11,a16,"Which option do you personally prefer, blue cheese or cheddar?",I like blue cheese more overall.
p8_q11_a17,p8,cheese,blue cheese,cheddar,q11,a17,"Which option do you personally prefer, blue cheese or cheddar?","If I must pick, it is blue cheese."
p8_q11_a18,p8,cheese,blue cheese,cheddar,q11,a18,"Which option do you personally prefer, blue cheese or cheddar?",I would go with blue cheese.
p8_q11_a19,p8,cheese,blue cheese,cheddar,q11,a19,"Which option do you personally prefer, blue cheese or cheddar?",I would decide on blue cheese.
p8_q11_a20,p8,cheese,blue cheese,cheddar,q11,a20,"Which option do you personally prefer, blue cheese or cheddar?",I favor blue cheese.
p8_q12_a01,p8,cheese,blue cheese,cheddar,q12,a01,"If asked to pick one, blue cheese or cheddar, what would you pick?",I prefer blue cheese.
p8_q12_a02,p8,cheese,blue cheese,cheddar,q12,a02,"If asked to pick one, blue cheese or cheddar, what would you pick?",I like blue cheese more.
p8_q12_a03,p8,cheese,blue cheese,cheddar,q12,a03,"If asked to pick one, blue cheese or cheddar, what would you pick?",I would choose blue cheese.
p8_q12_a04,p8,cheese,blue cheese,cheddar,q12,a04,"If asked to pick one, blue cheese or cheddar, what would you pick?",My preference is blue cheese.
p8_q12_a05,p8,cheese,blue cheese,cheddar,q12,a05,"If asked to pick one, blue cheese or cheddar, what would you pick?",blue cheese appeals to me more.
p8_q12_a06,p8,cheese,blue cheese,cheddar,q12,a06,"If asked to pick one, blue cheese or cheddar, what would you pick?",I think blue cheese is better for me.
p8_q12_a07,p8,cheese,blue cheese,cheddar,q12,a07,"If asked to pick one, blue cheese or cheddar, what would you pick?",I lean toward blue cheese.
p8_q12_a08,p8,cheese,blue cheese,cheddar,q12,a08,"If asked to pick one, blue cheese or cheddar, what would you pick?",I would rather have blue cheese.
p8_q12_a09,p8,cheese,blue cheese,cheddar,q12,a09,"If asked to pick one, blue cheese or cheddar, what would you pick?",blue cheese suits me better.
p8_q12_a10,p8,cheese,blue cheese,cheddar,q12,a10,"If asked to pick one, blue cheese or cheddar, what would you pick?",I like blue cheese better.
p8_q12_a11,p8,cheese,blue cheese,cheddar,q12,a11,"If asked to pick one, blue cheese or cheddar, what would you pick?","Personally, I prefer blue cheese."
p8_q12_a12,p8,cheese,blue cheese,cheddar,q12,a12,"If asked to pick one, blue cheese or cheddar, what would you pick?",I would pick blue cheese.
p8_q12_a13,p8,cheese,blue cheese,cheddar,q12,a13,"If asked to pick one, blue cheese or cheddar, what would you pick?",I find blue cheese more appealing.
p8_q12_a14,p8,cheese,blue cheese,cheddar,q12,a14,"If asked to pick one, blue cheese or cheddar, what would you pick?",I choose blue cheese.
p8_q12_a15,p8,cheese,blue cheese,cheddar,q12,a15,"If asked to pick one, blue cheese or cheddar, what would you pick?",blue cheese fits me better.
p8_q12_a16,p8,cheese,blue cheese,cheddar,q12,a16,"If asked to pick one, blue cheese or cheddar, what would you pick?",I like blue cheese more overall.
p8_q12_a17,p8,cheese,blue cheese,cheddar,q12,a17,"If asked to pick one, blue cheese or cheddar, what would you pick?","If I must pick, it is blue cheese."
p8_q12_a18,p8,cheese,blue cheese,cheddar,q12,a18,"If asked to pick one, blue cheese or cheddar, what would you pick?",I would go with blue cheese.
p8_q12_a19,p8,cheese,blue cheese,cheddar,q12,a19,"If asked to pick one, blue cheese or cheddar, what would you pick?",I would decide on blue cheese.
p8_q12_a20,p8,cheese,blue cheese,cheddar,q12,a20,"If asked to pick one, blue cheese or cheddar, what would you pick?",I favor blue cheese.
p8_q13_a01,p8,cheese,blue cheese,cheddar,q13,a01,"Which do you find more appealing, blue cheese or cheddar?",I prefer blue cheese.
p8_q13_a02,p8,cheese,blue cheese,cheddar,q13,a02,"Which do you find more appealing, blue cheese or cheddar?",I like blue cheese more.
p8_q13_a03,p8,cheese,blue cheese,cheddar,q13,a03,"Which do you find more appealing, blue cheese or cheddar?",I would choose blue cheese.
p8_q13_a04,p8,cheese,blue cheese,cheddar,q13,a04,"Which do you find more appealing, blue cheese or cheddar?",My preference is blue cheese.
p8_q13_a05,p8,cheese,blue cheese,cheddar,q13,a05,"Which do you find more appealing, blue cheese or cheddar?",blue cheese appeals to me more.
p8_q13_a06,p8,cheese,blue cheese,cheddar,q13,a06,"Which do you find more appealing, blue cheese or cheddar?",I think blue cheese is better for me.
p8_q13_a07,p8,cheese,blue cheese,cheddar,q13,a07,"Which do you find more appealing, blue cheese or cheddar?",I lean toward blue cheese.
p8_q13_a08,p8,cheese,blue cheese,cheddar,q13,a08,"Which do you find more appealing, blue cheese or cheddar?",I would rather have blue cheese.
p8_q13_a09,p8,cheese,blue cheese,cheddar,q13,a09,"Which do you find more appealing, blue cheese or cheddar?",blue cheese suits me better.
p8_q13_a10,p8,cheese,blue cheese,cheddar,q13,a10,"Which do you find more appealing, blue cheese or cheddar?",I like blue cheese better.
p8_q13_a11,p8,cheese,blue cheese,cheddar,q13,a11,"Which do you find more appealing, blue cheese or cheddar?","Personally, I prefer blue cheese."
p8_q13_a12,p8,cheese,blue cheese,cheddar,q13,a12,"Which do you find more appealing, blue cheese or cheddar?",I would pick blue cheese.
p8_q13_a13,p8,cheese,blue cheese,cheddar,q13,a13,"Which do you find more appealing, blue cheese or cheddar?",I find blue cheese more appealing.
p8_q13_a14,p8,cheese,blue cheese,cheddar,q13,a14,"Which do you find more appealing, blue cheese or cheddar?",I choose blue cheese.
p8_q13_a15,p8,cheese,blue cheese,cheddar,q13,a15,"Which do you find more appealing, blue cheese or cheddar?",blue cheese fits me better.
p8_q13_a16,p8,cheese,blue cheese,cheddar,q13,a16,"Which do you find more appealing, blue cheese or cheddar?",I like blue cheese more overall.
p8_q13_a17,p8,cheese,blue cheese,cheddar,q13,a17,"Which do you find more appealing, blue cheese or cheddar?","If I must pick, it is blue cheese."
p8_q13_a18,p8,cheese,blue cheese,cheddar,q13,a18,"Which do you find more appealing, blue cheese or cheddar?",I would go with blue cheese.
p8_q13_a19,p8,cheese,blue cheese,cheddar,q13,a19,"Which do you find more appealing, blue cheese or cheddar?",I would decide on blue cheese.
p8_q13_a20,p8,cheese,blue cheese,cheddar,q13,a20,"Which do you find more appealing, blue cheese or cheddar?",I favor blue cheese.
p8_q14_a01,p8,cheese,blue cheese,cheddar,q14,a01,"When choosing between blue cheese and cheddar, which do you choose?",I prefer blue cheese.
p8_q14_a02,p8,cheese,blue cheese,cheddar,q14,a02,"When choosing between blue cheese and cheddar, which do you choose?",I like blue cheese more.
p8_q14_a03,p8,cheese,blue cheese,cheddar,q14,a03,"When choosing between blue cheese and cheddar, which do you choose?",I would choose blue cheese.
p8_q14_a04,p8,cheese,blue cheese,cheddar,q14,a04,"When choosing between blue cheese and cheddar, which do you choose?",My preference is blue cheese.
p8_q14_a05,p8,cheese,blue cheese,cheddar,q14,a05,"When choosing between blue cheese and cheddar, which do you choose?",blue cheese appeals to me more.
p8_q14_a06,p8,cheese,blue cheese,cheddar,q14,a06,"When choosing between blue cheese and cheddar, which do you choose?",I think blue cheese is better for me.
p8_q14_a07,p8,cheese,blue cheese,cheddar,q14,a07,"When choosing between blue cheese and cheddar, which do you choose?",I lean toward blue cheese.
p8_q14_a08,p8,cheese,blue cheese,cheddar,q14,a08,"When choosing between blue cheese and cheddar, which do you choose?",I would rather have blue cheese.
p8_q14_a09,p8,cheese,blue cheese,cheddar,q14,a09,"When choosing between blue cheese and cheddar, which do you choose?",blue cheese suits me better.
p8_q14_a10,p8,cheese,blue cheese,cheddar,q14,a10,"When choosing between blue cheese and cheddar, which do you choose?",I like blue cheese better.
p8_q14_a11,p8,cheese,blue cheese,cheddar,q14,a11,"When choosing between blue cheese and cheddar, which do you choose?","Personally, I prefer blue cheese."
p8_q14_a12,p8,cheese,blue cheese,cheddar,q14,a12,"When choosing between blue cheese and cheddar, which do you choose?",I would pick blue cheese.
p8_q14_a13,p8,cheese,blue cheese,cheddar,q14,a13,"When choosing between blue cheese and cheddar, which do you choose?",I find blue cheese more appealing.
p8_q14_a14,p8,cheese,blue cheese,cheddar,q14,a14,"When choosing between blue cheese and cheddar, which do you choose?",I choose blue cheese.
p8_q14_a15,p8,cheese,blue cheese,cheddar,q14,a15,"When choosing between blue cheese and cheddar, which do you choose?",blue cheese fits me better.
p8_q14_a16,p8,cheese,blue cheese,cheddar,q14,a16,"When choosing between blue cheese and cheddar, which do you choose?",I like blue cheese more overall.
p8_q14_a17,p8,cheese,blue cheese,cheddar,q14,a17,"When choosing between blue cheese and cheddar, which do you choose?","If I must pick, it is blue cheese."
p8_q14_a18,p8,cheese,blue cheese,cheddar,q14,a18,"When choosing between blue cheese and cheddar, which do you choose?",I would go with blue cheese.
p8_q14_a19,p8,cheese,blue cheese,cheddar,q14,a19,"When choosing between blue cheese and cheddar, which do you choose?",I would decide on blue cheese.
p8_q14_a20,p8,cheese,blue cheese,cheddar,q14,a20,"When choosing between blue cheese and cheddar, which do you choose?",I favor blue cheese.
p8_q15_a01,p8,cheese,blue cheese,cheddar,q15,a01,"Which option do you think fits you better, blue cheese or cheddar?",I prefer blue cheese.
p8_q15_a02,p8,cheese,blue cheese,cheddar,q15,a02,"Which option do you think fits you better, blue cheese or cheddar?",I like blue cheese more.
p8_q15_a03,p8,cheese,blue cheese,cheddar,q15,a03,"Which option do you think fits you better, blue cheese or cheddar?",I would choose blue cheese.
p8_q15_a04,p8,cheese,blue cheese,cheddar,q15,a04,"Which option do you think fits you better, blue cheese or cheddar?",My preference is blue cheese.
p8_q15_a05,p8,cheese,blue cheese,cheddar,q15,a05,"Which option do you think fits you better, blue cheese or cheddar?",blue cheese appeals to me more.
p8_q15_a06,p8,cheese,blue cheese,cheddar,q15,a06,"Which option do you think fits you better, blue cheese or cheddar?",I think blue cheese is better for me.
p8_q15_a07,p8,cheese,blue cheese,cheddar,q15,a07,"Which option do you think fits you better, blue cheese or cheddar?",I lean toward blue cheese.
p8_q15_a08,p8,cheese,blue cheese,cheddar,q15,a08,"Which option do you think fits you better, blue cheese or cheddar?",I would rather have blue cheese.
p8_q15_a09,p8,cheese,blue cheese,cheddar,q15,a09,"Which option do you think fits you better, blue cheese or cheddar?",blue cheese suits me better.
p8_q15_a10,p8,cheese,blue cheese,cheddar,q15,a10,"Which option do you think fits you better, blue cheese or cheddar?",I like blue cheese better.
p8_q15_a11,p8,cheese,blue cheese,cheddar,q15,a11,"Which option do you think fits you better, blue cheese or cheddar?","Personally, I prefer blue cheese."
p8_q15_a12,p8,cheese,blue cheese,cheddar,q15,a12,"Which option do you think fits you better, blue cheese or cheddar?",I would pick blue cheese.
p8_q15_a13,p8,cheese,blue cheese,cheddar,q15,a13,"Which option do you think fits you better, blue cheese or cheddar?",I find blue cheese more appealing.
p8_q15_a14,p8,cheese,blue cheese,cheddar,q15,a14,"Which option do you think fits you better, blue cheese or cheddar?",I choose blue cheese.
p8_q15_a15,p8,cheese,blue cheese,cheddar,q15,a15,"Which option do you think fits you better, blue cheese or cheddar?",blue cheese fits me better.
p8_q15_a16,p8,cheese,blue cheese,cheddar,q15,a16,"Which option do you think fits you better, blue cheese or cheddar?",I like blue cheese more overall.
p8_q15_a17,p8,cheese,blue cheese,cheddar,q15,a17,"Which option do you think fits you better, blue cheese or cheddar?","If I must pick, it is blue cheese."
p8_q15_a18,p8,cheese,blue cheese,cheddar,q15,a18,"Which option do you think fits you better, blue cheese or cheddar?",I would go with blue cheese.
p8_q15_a19,p8,cheese,blue cheese,cheddar,q15,a19,"Which option do you think fits you better, blue cheese or cheddar?",I would decide on blue cheese.
p8_q15_a20,p8,cheese,blue cheese,cheddar,q15,a20,"Which option do you think fits you better, blue cheese or cheddar?",I favor blue cheese.
p8_q16_a01,p8,cheese,blue cheese,cheddar,q16,a01,"Out of blue cheese and cheddar, which do you like better?",I prefer blue cheese.
p8_q16_a02,p8,cheese,blue cheese,cheddar,q16,a02,"Out of blue cheese and cheddar, which do you like better?",I like blue cheese more.
p8_q16_a03,p8,cheese,blue cheese,cheddar,q16,a03,"Out of blue cheese and cheddar, which do you like better?",I would choose blue cheese.
p8_q16_a04,p8,cheese,blue cheese,cheddar,q16,a04,"Out of blue cheese and cheddar, which do you like better?",My preference is blue cheese.
p8_q16_a05,p8,cheese,blue cheese,cheddar,q16,a05,"Out of blue cheese and cheddar, which do you like better?",blue cheese appeals to me more.
p8_q16_a06,p8,cheese,blue cheese,cheddar,q16,a06,"Out of blue cheese and cheddar, which do you like better?",I think blue cheese is better for me.
p8_q16_a07,p8,cheese,blue cheese,cheddar,q16,a07,"Out of blue cheese and cheddar, which do you like better?",I lean toward blue cheese.
p8_q16_a08,p8,cheese,blue cheese,cheddar,q16,a08,"Out of blue cheese and cheddar, which do you like better?",I would rather have blue cheese.
p8_q16_a09,p8,cheese,blue cheese,cheddar,q16,a09,"Out of blue cheese and cheddar, which do you like better?",blue cheese suits me better.
p8_q16_a10,p8,cheese,blue cheese,cheddar,q16,a10,"Out of blue cheese and cheddar, which do you like better?",I like blue cheese better.
p8_q16_a11,p8,cheese,blue cheese,cheddar,q16,a11,"Out of blue cheese and cheddar, which do you like better?","Personally, I prefer blue cheese."
p8_q16_a12,p8,cheese,blue cheese,cheddar,q16,a12,"Out of blue cheese and cheddar, which do you like better?",I would pick blue cheese.
p8_q16_a13,p8,cheese,blue cheese,cheddar,q16,a13,"Out of blue cheese and cheddar, which do you like better?",I find blue cheese more appealing.
p8_q16_a14,p8,cheese,blue cheese,cheddar,q16,a14,"Out of blue cheese and cheddar, which do you like better?",I choose blue cheese.
p8_q16_a15,p8,cheese,blue cheese,cheddar,q16,a15,"Out of blue cheese and cheddar, which do you like better?",blue cheese fits me better.
p8_q16_a16,p8,cheese,blue cheese,cheddar,q16,a16,"Out of blue cheese and cheddar, which do you like better?",I like blue cheese more overall.
p8_q16_a17,p8,cheese,blue cheese,cheddar,q16,a17,"Out of blue cheese and cheddar, which do you like better?","If I must pick, it is blue cheese."
p8_q16_a18,p8,cheese,blue cheese,cheddar,q16,a18,"Out of blue cheese and cheddar, which do you like better?",I would go with blue cheese.
p8_q16_a19,p8,cheese,blue cheese,cheddar,q16,a19,"Out of blue cheese and cheddar, which do you like better?",I would decide on blue cheese.
p8_q16_a20,p8,cheese,blue cheese,cheddar,q16,a20,"Out of blue cheese and cheddar, which do you like better?",I favor blue cheese.
p8_q17_a01,p8,cheese,blue cheese,cheddar,q17,a01,Do you have a preference between blue cheese and cheddar?,I prefer blue cheese.
p8_q17_a02,p8,cheese,blue cheese,cheddar,q17,a02,Do you have a preference between blue cheese and cheddar?,I like blue cheese more.
p8_q17_a03,p8,cheese,blue cheese,cheddar,q17,a03,Do you have a preference between blue cheese and cheddar?,I would choose blue cheese.
p8_q17_a04,p8,cheese,blue cheese,cheddar,q17,a04,Do you have a preference between blue cheese and cheddar?,My preference is blue cheese.
p8_q17_a05,p8,cheese,blue cheese,cheddar,q17,a05,Do you have a preference between blue cheese and cheddar?,blue cheese appeals to me more.
p8_q17_a06,p8,cheese,blue cheese,cheddar,q17,a06,Do you have a preference between blue cheese and cheddar?,I think blue cheese is better for me.
p8_q17_a07,p8,cheese,blue cheese,cheddar,q17,a07,Do you have a preference between blue cheese and cheddar?,I lean toward blue cheese.
p8_q17_a08,p8,cheese,blue cheese,cheddar,q17,a08,Do you have a preference between blue cheese and cheddar?,I would rather have blue cheese.
p8_q17_a09,p8,cheese,blue cheese,cheddar,q17,a09,Do you have a preference between blue cheese and cheddar?,blue cheese suits me better.
p8_q17_a10,p8,cheese,blue cheese,cheddar,q17,a10,Do you have a preference between blue cheese and cheddar?,I like blue cheese better.
p8_q17_a11,p8,cheese,blue cheese,cheddar,q17,a11,Do you have a preference between blue cheese and cheddar?,"Personally, I prefer blue cheese."
p8_q17_a12,p8,cheese,blue cheese,cheddar,q17,a12,Do you have a preference between blue cheese and cheddar?,I would pick blue cheese.
p8_q17_a13,p8,cheese,blue cheese,cheddar,q17,a13,Do you have a preference between blue cheese and cheddar?,I find blue cheese more appealing.
p8_q17_a14,p8,cheese,blue cheese,cheddar,q17,a14,Do you have a preference between blue cheese and cheddar?,I choose blue cheese.
p8_q17_a15,p8,cheese,blue cheese,cheddar,q17,a15,Do you have a preference between blue cheese and cheddar?,blue cheese fits me better.
p8_q17_a16,p8,cheese,blue cheese,cheddar,q17,a16,Do you have a preference between blue cheese and cheddar?,I like blue cheese more overall.
p8_q17_a17,p8,cheese,blue cheese,cheddar,q17,a17,Do you have a preference between blue cheese and cheddar?,"If I must pick, it is blue cheese."
p8_q17_a18,p8,cheese,blue cheese,cheddar,q17,a18,Do you have a preference between blue cheese and cheddar?,I would go with blue cheese.
p8_q17_a19,p8,cheese,blue cheese,cheddar,q17,a19,Do you have a preference between blue cheese and cheddar?,I would decide on blue cheese.
p8_q17_a20,p8,cheese,blue cheese,cheddar,q17,a20,Do you have a preference between blue cheese and cheddar?,I favor blue cheese.
p8_q18_a01,p8,cheese,blue cheese,cheddar,q18,a01,"Which one would you go with, blue cheese or cheddar?",I prefer blue cheese.
p8_q18_a02,p8,cheese,blue cheese,cheddar,q18,a02,"Which one would you go with, blue cheese or cheddar?",I like blue cheese more.
p8_q18_a03,p8,cheese,blue cheese,cheddar,q18,a03,"Which one would you go with, blue cheese or cheddar?",I would choose blue cheese.
p8_q18_a04,p8,cheese,blue cheese,cheddar,q18,a04,"Which one would you go with, blue cheese or cheddar?",My preference is blue cheese.
p8_q18_a05,p8,cheese,blue cheese,cheddar,q18,a05,"Which one would you go with, blue cheese or cheddar?",blue cheese appeals to me more.
p8_q18_a06,p8,cheese,blue cheese,cheddar,q18,a06,"Which one would you go with, blue cheese or cheddar?",I think blue cheese is better for me.
p8_q18_a07,p8,cheese,blue cheese,cheddar,q18,a07,"Which one would you go with, blue cheese or cheddar?",I lean toward blue cheese.
p8_q18_a08,p8,cheese,blue cheese,cheddar,q18,a08,"Which one would you go with, blue cheese or cheddar?",I would rather have blue cheese.
p8_q18_a09,p8,cheese,blue cheese,cheddar,q18,a09,"Which one would you go with, blue cheese or cheddar?",blue cheese suits me better.
p8_q18_a10,p8,cheese,blue cheese,cheddar,q18,a10,"Which one would you go with, blue cheese or cheddar?",I like blue cheese better.
p8_q18_a11,p8,cheese,blue cheese,cheddar,q18,a11,"Which one would you go with, blue cheese or cheddar?","Personally, I prefer blue cheese."
p8_q18_a12,p8,cheese,blue cheese,cheddar,q18,a12,"Which one would you go with, blue cheese or cheddar?",I would pick blue cheese.
p8_q18_a13,p8,cheese,blue cheese,cheddar,q18,a13,"Which one would you go with, blue cheese or cheddar?",I find blue cheese more appealing.
p8_q18_a14,p8,cheese,blue cheese,cheddar,q18,a14,"Which one would you go with, blue cheese or cheddar?",I choose blue cheese.
p8_q18_a15,p8,cheese,blue cheese,cheddar,q18,a15,"Which one would you go with, blue cheese or cheddar?",blue cheese fits me better.
p8_q18_a16,p8,cheese,blue cheese,cheddar,q18,a16,"Which one would you go with, blue cheese or cheddar?",I like blue cheese more overall.
p8_q18_a17,p8,cheese,blue cheese,cheddar,q18,a17,"Which one would you go with, blue cheese or cheddar?","If I must pick, it is blue cheese."
p8_q18_a18,p8,cheese,blue cheese,cheddar,q18,a18,"Which one would you go with, blue cheese or cheddar?",I would go with blue cheese.
p8_q18_a19,p8,cheese,blue cheese,cheddar,q18,a19,"Which one would you go with, blue cheese or cheddar?",I would decide on blue cheese.
p8_q18_a20,p8,cheese,blue cheese,cheddar,q18,a20,"Which one would you go with, blue cheese or cheddar?",I favor blue cheese.
p8_q19_a01,p8,cheese,blue cheese,cheddar,q19,a01,"If you were to decide between blue cheese and cheddar, which would it be?",I prefer blue cheese.
p8_q19_a02,p8,cheese,blue cheese,cheddar,q19,a02,"If you were to decide between blue cheese and cheddar, which would it be?",I like blue cheese more.
p8_q19_a03,p8,cheese,blue cheese,cheddar,q19,a03,"If you were to decide between blue cheese and cheddar, which would it be?",I would choose blue cheese.
p8_q19_a04,p8,cheese,blue cheese,cheddar,q19,a04,"If you were to decide between blue cheese and cheddar, which would it be?",My preference is blue cheese.
p8_q19_a05,p8,cheese,blue cheese,cheddar,q19,a05,"If you were to decide between blue cheese and cheddar, which would it be?",blue cheese appeals to me more.
p8_q19_a06,p8,cheese,blue cheese,cheddar,q19,a06,"If you were to decide between blue cheese and cheddar, which would it be?",I think blue cheese is better for me.
p8_q19_a07,p8,cheese,blue cheese,cheddar,q19,a07,"If you were to decide between blue cheese and cheddar, which would it be?",I lean toward blue cheese.
p8_q19_a08,p8,cheese,blue cheese,cheddar,q19,a08,"If you were to decide between blue cheese and cheddar, which would it be?",I would rather have blue cheese.
p8_q19_a09,p8,cheese,blue cheese,cheddar,q19,a09,"If you were to decide between blue cheese and cheddar, which would it be?",blue cheese suits me better.
p8_q19_a10,p8,cheese,blue cheese,cheddar,q19,a10,"If you were to decide between blue cheese and cheddar, which would it be?",I like blue cheese better.
p8_q19_a11,p8,cheese,blue cheese,cheddar,q19,a11,"If you were to decide between blue cheese and cheddar, which would it be?","Personally, I prefer blue cheese."
p8_q19_a12,p8,cheese,blue cheese,cheddar,q19,a12,"If you were to decide between blue cheese and cheddar, which would it be?",I would pick blue cheese.
p8_q19_a13,p8,cheese,blue cheese,cheddar,q19,a13,"If you were to decide between blue cheese and cheddar, which would it be?",I find blue cheese more appealing.
p8_q19_a14,p8,cheese,blue cheese,cheddar,q19,a14,"If you were to decide between blue cheese and cheddar, which would it be?",I choose blue cheese.
p8_q19_a15,p8,cheese,blue cheese,cheddar,q19,a15,"If you were to decide between blue cheese and cheddar, which would it be?",blue cheese fits me better.
p8_q19_a16,p8,cheese,blue cheese,cheddar,q19,a16,"If you were to decide between blue cheese and cheddar, which would it be?",I like blue cheese more overall.
p8_q19_a17,p8,cheese,blue cheese,cheddar,q19,a17,"If you were to decide between blue cheese and cheddar, which would it be?","If I must pick, it is blue cheese."
p8_q19_a18,p8,cheese,blue cheese,cheddar,q19,a18,"If you were to decide between blue cheese and cheddar, which would it be?",I would go with blue cheese.
p8_q19_a19,p8,cheese,blue cheese,cheddar,q19,a19,"If you were to decide between blue cheese and cheddar, which would it be?",I would decide on blue cheese.
p8_q19_a20,p8,cheese,blue cheese,cheddar,q19,a20,"If you were to decide between blue cheese and cheddar, which would it be?",I favor blue cheese.
p8_q20_a01,p8,cheese,blue cheese,cheddar,q20,a01,"Which of the two do you favor more, blue cheese or cheddar?",I prefer blue cheese.
p8_q20_a02,p8,cheese,blue cheese,cheddar,q20,a02,"Which of the two do you favor more, blue cheese or cheddar?",I like blue cheese more.
p8_q20_a03,p8,cheese,blue cheese,cheddar,q20,a03,"Which of the two do you favor more, blue cheese or cheddar?",I would choose blue cheese.
p8_q20_a04,p8,cheese,blue cheese,cheddar,q20,a04,"Which of the two do you favor more, blue cheese or cheddar?",My preference is blue cheese.
p8_q20_a05,p8,cheese,blue cheese,cheddar,q20,a05,"Which of the two do you favor more, blue cheese or cheddar?",blue cheese appeals to me more.
p8_q20_a06,p8,cheese,blue cheese,cheddar,q20,a06,"Which of the two do you favor more, blue cheese or cheddar?",I think blue cheese is better for me.
p8_q20_a07,p8,cheese,blue cheese,cheddar,q20,a07,"Which of the two do you favor more, blue cheese or cheddar?",I lean toward blue cheese.
p8_q20_a08,p8,cheese,blue cheese,cheddar,q20,a08,"Which of the two do you favor more, blue cheese or cheddar?",I would rather have blue cheese.
p8_q20_a09,p8,cheese,blue cheese,cheddar,q20,a09,"Which of the two do you favor more, blue cheese or cheddar?",blue cheese suits me better.
p8_q20_a10,p8,cheese,blue cheese,cheddar,q20,a10,"Which of the two do you favor more, blue cheese or cheddar?",I like blue cheese better.
p8_q20_a11,p8,cheese,blue cheese,cheddar,q20,a11,"Which of the two do you favor more, blue cheese or cheddar?","Personally, I prefer blue cheese."
p8_q20_a12,p8,cheese,blue cheese,cheddar,q20,a12,"Which of the two do you favor more, blue cheese or cheddar?",I would pick blue cheese.
p8_q20_a13,p8,cheese,blue cheese,cheddar,q20,a13,"Which of the two do you favor more, blue cheese or cheddar?",I find blue cheese more appealing.
p8_q20_a14,p8,cheese,blue cheese,cheddar,q20,a14,"Which of the two do you favor more, blue cheese or cheddar?",I choose blue cheese.
p8_q20_a15,p8,cheese,blue cheese,cheddar,q20,a15,"Which of the two do you favor more, blue cheese or cheddar?",blue cheese fits me better.
p8_q20_a16,p8,cheese,blue cheese,cheddar,q20,a16,"Which of the two do you favor more, blue cheese or cheddar?",I like blue cheese more overall.
p8_q20_a17,p8,cheese,blue cheese,cheddar,q20,a17,"Which of the two do you favor more, blue cheese or cheddar?","If I must pick, it is blue cheese."
p8_q20_a18,p8,cheese,blue cheese,cheddar,q20,a18,"Which of the two do you favor more, blue cheese or cheddar?",I would go with blue cheese.
p8_q20_a19,p8,cheese,blue cheese,cheddar,q20,a19,"Which of the two do you favor more, blue cheese or cheddar?",I would decide on blue cheese.
p8_q20_a20,p8,cheese,blue cheese,cheddar,q20,a20,"Which of the two do you favor more, blue cheese or cheddar?",I favor blue cheese.
p9_q01_a01,p9,ice cream,mint chip ice cream,vanilla,q01,a01,"Which do you like more, mint chip ice cream or vanilla?",I prefer mint chip ice cream.
p9_q01_a02,p9,ice cream,mint chip ice cream,vanilla,q01,a02,"Which do you like more, mint chip ice cream or vanilla?",I like mint chip ice cream more.
p9_q01_a03,p9,ice cream,mint chip ice cream,vanilla,q01,a03,"Which do you like more, mint chip ice cream or vanilla?",I would choose mint chip ice cream.
p9_q01_a04,p9,ice cream,mint chip ice cream,vanilla,q01,a04,"Which do you like more, mint chip ice cream or vanilla?",My preference is mint chip ice cream.
p9_q01_a05,p9,ice cream,mint chip ice cream,vanilla,q01,a05,"Which do you like more, mint chip ice cream or vanilla?",mint chip ice cream appeals to me more.
p9_q01_a06,p9,ice cream,mint chip ice cream,vanilla,q01,a06,"Which do you like more, mint chip ice cream or vanilla?",I think mint chip ice cream is better for me.
p9_q01_a07,p9,ice cream,mint chip ice cream,vanilla,q01,a07,"Which do you like more, mint chip ice cream or vanilla?",I lean toward mint chip ice cream.
p9_q01_a08,p9,ice cream,mint chip ice cream,vanilla,q01,a08,"Which do you like more, mint chip ice cream or vanilla?",I would rather have mint chip ice cream.
p9_q01_a09,p9,ice cream,mint chip ice cream,vanilla,q01,a09,"Which do you like more, mint chip ice cream or vanilla?",mint chip ice cream suits me better.
p9_q01_a10,p9,ice cream,mint chip ice cream,vanilla,q01,a10,"Which do you like more, mint chip ice cream or vanilla?",I like mint chip ice cream better.
p9_q01_a11,p9,ice cream,mint chip ice cream,vanilla,q01,a11,"Which do you like more, mint chip ice cream or vanilla?","Personally, I prefer mint chip ice cream."
p9_q01_a12,p9,ice cream,mint chip ice cream,vanilla,q01,a12,"Which do you like more, mint chip ice cream or vanilla?",I would pick mint chip ice cream.
p9_q01_a13,p9,ice cream,mint chip ice cream,vanilla,q01,a13,"Which do you like more, mint chip ice cream or vanilla?",I find mint chip ice cream more appealing.
p9_q01_a14,p9,ice cream,mint chip ice cream,vanilla,q01,a14,"Which do you like more, mint chip ice cream or vanilla?",I choose mint chip ice cream.
p9_q01_a15,p9,ice cream,mint chip ice cream,vanilla,q01,a15,"Which do you like more, mint chip ice cream or vanilla?",mint chip ice cream fits me better.
p9_q01_a16,p9,ice cream,mint chip ice cream,vanilla,q01,a16,"Which do you like more, mint chip ice cream or vanilla?",I like mint chip ice cream more overall.
p9_q01_a17,p9,ice cream,mint chip ice cream,vanilla,q01,a17,"Which do you like more, mint chip ice cream or vanilla?","If I must pick, it is mint chip ice cream."
p9_q01_a18,p9,ice cream,mint chip ice cream,vanilla,q01,a18,"Which do you like more, mint chip ice cream or vanilla?",I would go with mint chip ice cream.
p9_q01_a19,p9,ice cream,mint chip ice cream,vanilla,q01,a19,"Which do you like more, mint chip ice cream or vanilla?",I would decide on mint chip ice cream.
p9_q01_a20,p9,ice cream,mint chip ice cream,vanilla,q01,a20,"Which do you like more, mint chip ice cream or vanilla?",I favor mint chip ice cream.
p9_q02_a01,p9,ice cream,mint chip ice cream,vanilla,q02,a01,"Between mint chip ice cream and vanilla, which one do you prefer?",I prefer mint chip ice cream.
p9_q02_a02,p9,ice cream,mint chip ice cream,vanilla,q02,a02,"Between mint chip ice cream and vanilla, which one do you prefer?",I like mint chip ice cream more.
p9_q02_a03,p9,ice cream,mint chip ice cream,vanilla,q02,a03,"Between mint chip ice cream and vanilla, which one do you prefer?",I would choose mint chip ice cream.
p9_q02_a04,p9,ice cream,mint chip ice cream,vanilla,q02,a04,"Between mint chip ice cream and vanilla, which one do you prefer?",My preference is mint chip ice cream.
p9_q02_a05,p9,ice cream,mint chip ice cream,vanilla,q02,a05,"Between mint chip ice cream and vanilla, which one do you prefer?",mint chip ice cream appeals to me more.
p9_q02_a06,p9,ice cream,mint chip ice cream,vanilla,q02,a06,"Between mint chip ice cream and vanilla, which one do you prefer?",I think mint chip ice cream is better for me.
p9_q02_a07,p9,ice cream,mint chip ice cream,vanilla,q02,a07,"Between mint chip ice cream and vanilla, which one do you prefer?",I lean toward mint chip ice cream.
p9_q02_a08,p9,ice cream,mint chip ice cream,vanilla,q02,a08,"Between mint chip ice cream and vanilla, which one do you prefer?",I would rather have mint chip ice cream.
p9_q02_a09,p9,ice cream,mint chip ice cream,vanilla,q02,a09,"Between mint chip ice cream and vanilla, which one do you prefer?",mint chip ice cream suits me better.
p9_q02_a10,p9,ice cream,mint chip ice cream,vanilla,q02,a10,"Between mint chip ice cream and vanilla, which one do you prefer?",I like mint chip ice cream better.
p9_q02_a11,p9,ice cream,mint chip ice cream,vanilla,q02,a11,"Between mint chip ice cream and vanilla, which one do you prefer?","Personally, I prefer mint chip ice cream."
p9_q02_a12,p9,ice cream,mint chip ice cream,vanilla,q02,a12,"Between mint chip ice cream and vanilla, which one do you prefer?",I would pick mint chip ice cream.
p9_q02_a13,p9,ice cream,mint chip ice cream,vanilla,q02,a13,"Between mint chip ice cream and vanilla, which one do you prefer?",I find mint chip ice cream more appealing.
p9_q02_a14,p9,ice cream,mint chip ice cream,vanilla,q02,a14,"Between mint chip ice cream and vanilla, which one do you prefer?",I choose mint chip ice cream.
p9_q02_a15,p9,ice cream,mint chip ice cream,vanilla,q02,a15,"Between mint chip ice cream and vanilla, which one do you prefer?",mint chip ice cream fits me better.
p9_q02_a16,p9,ice cream,mint chip ice cream,vanilla,q02,a16,"Between mint chip ice cream and vanilla, which one do you prefer?",I like mint chip ice cream more overall.
p9_q02_a17,p9,ice cream,mint chip ice cream,vanilla,q02,a17,"Between mint chip ice cream and vanilla, which one do you prefer?","If I must pick, it is mint chip ice cream."
p9_q02_a18,p9,ice cream,mint chip ice cream,vanilla,q02,a18,"Between mint chip ice cream and vanilla, which one do you prefer?",I would go with mint chip ice cream.
p9_q02_a19,p9,ice cream,mint chip ice cream,vanilla,q02,a19,"Between mint chip ice cream and vanilla, which one do you prefer?",I would decide on mint chip ice cream.
p9_q02_a20,p9,ice cream,mint chip ice cream,vanilla,q02,a20,"Between mint chip ice cream and vanilla, which one do you prefer?",I favor mint chip ice cream.
p9_q03_a01,p9,ice cream,mint chip ice cream,vanilla,q03,a01,"If you had to choose, mint chip ice cream or vanilla?",I prefer mint chip ice cream.
p9_q03_a02,p9,ice cream,mint chip ice cream,vanilla,q03,a02,"If you had to choose, mint chip ice cream or vanilla?",I like mint chip ice cream more.
p9_q03_a03,p9,ice cream,mint chip ice cream,vanilla,q03,a03,"If you had to choose, mint chip ice cream or vanilla?",I would choose mint chip ice cream.
p9_q03_a04,p9,ice cream,mint chip ice cream,vanilla,q03,a04,"If you had to choose, mint chip ice cream or vanilla?",My preference is mint chip ice cream.
p9_q03_a05,p9,ice cream,mint chip ice cream,vanilla,q03,a05,"If you had to choose, mint chip ice cream or vanilla?",mint chip ice cream appeals to me more.
p9_q03_a06,p9,ice cream,mint chip ice cream,vanilla,q03,a06,"If you had to choose, mint chip ice cream or vanilla?",I think mint chip ice cream is better for me.
p9_q03_a07,p9,ice cream,mint chip ice cream,vanilla,q03,a07,"If you had to choose, mint chip ice cream or vanilla?",I lean toward mint chip ice cream.
p9_q03_a08,p9,ice cream,mint chip ice cream,vanilla,q03,a08,"If you had to choose, mint chip ice cream or vanilla?",I would rather have mint chip ice cream.
p9_q03_a09,p9,ice cream,mint chip ice cream,vanilla,q03,a09,"If you had to choose, mint chip ice cream or vanilla?",mint chip ice cream suits me better.
p9_q03_a10,p9,ice cream,mint chip ice cream,vanilla,q03,a10,"If you had to choose, mint chip ice cream or vanilla?",I like mint chip ice cream better.
p9_q03_a11,p9,ice cream,mint chip ice cream,vanilla,q03,a11,"If you had to choose, mint chip ice cream or vanilla?","Personally, I prefer mint chip ice cream."
p9_q03_a12,p9,ice cream,mint chip ice cream,vanilla,q03,a12,"If you had to choose, mint chip ice cream or vanilla?",I would pick mint chip ice cream.
p9_q03_a13,p9,ice cream,mint chip ice cream,vanilla,q03,a13,"If you had to choose, mint chip ice cream or vanilla?",I find mint chip ice cream more appealing.
p9_q03_a14,p9,ice cream,mint chip ice cream,vanilla,q03,a14,"If you had to choose, mint chip ice cream or vanilla?",I choose mint chip ice cream.
p9_q03_a15,p9,ice cream,mint chip ice cream,vanilla,q03,a15,"If you had to choose, mint chip ice cream or vanilla?",mint chip ice cream fits me better.
p9_q03_a16,p9,ice cream,mint chip ice cream,vanilla,q03,a16,"If you had to choose, mint chip ice cream or vanilla?",I like mint chip ice cream more overall.
p9_q03_a17,p9,ice cream,mint chip ice cream,vanilla,q03,a17,"If you had to choose, mint chip ice cream or vanilla?","If I must pick, it is mint chip ice cream."
p9_q03_a18,p9,ice cream,mint chip ice cream,vanilla,q03,a18,"If you had to choose, mint chip ice cream or vanilla?",I would go with mint chip ice cream.
p9_q03_a19,p9,ice cream,mint chip ice cream,vanilla,q03,a19,"If you had to choose, mint chip ice cream or vanilla?",I would decide on mint chip ice cream.
p9_q03_a20,p9,ice cream,mint chip ice cream,vanilla,q03,a20,"If you had to choose, mint chip ice cream or vanilla?",I favor mint chip ice cream.
p9_q04_a01,p9,ice cream,mint chip ice cream,vanilla,q04,a01,Do you favor mint chip ice cream over vanilla?,I prefer mint chip ice cream.
p9_q04_a02,p9,ice cream,mint chip ice cream,vanilla,q04,a02,Do you favor mint chip ice cream over vanilla?,I like mint chip ice cream more.
p9_q04_a03,p9,ice cream,mint chip ice cream,vanilla,q04,a03,Do you favor mint chip ice cream over vanilla?,I would choose mint chip ice cream.
p9_q04_a04,p9,ice cream,mint chip ice cream,vanilla,q04,a04,Do you favor mint chip ice cream over vanilla?,My preference is mint chip ice cream.
p9_q04_a05,p9,ice cream,mint chip ice cream,vanilla,q04,a05,Do you favor mint chip ice cream over vanilla?,mint chip ice cream appeals to me more.
p9_q04_a06,p9,ice cream,mint chip ice cream,vanilla,q04,a06,Do you favor mint chip ice cream over vanilla?,I think mint chip ice cream is better for me.
p9_q04_a07,p9,ice cream,mint chip ice cream,vanilla,q04,a07,Do you favor mint chip ice cream over vanilla?,I lean toward mint chip ice cream.
p9_q04_a08,p9,ice cream,mint chip ice cream,vanilla,q04,a08,Do you favor mint chip ice cream over vanilla?,I would rather have mint chip ice cream.
p9_q04_a09,p9,ice cream,mint chip ice cream,vanilla,q04,a09,Do you favor mint chip ice cream over vanilla?,mint chip ice cream suits me better.
p9_q04_a10,p9,ice cream,mint chip ice cream,vanilla,q04,a10,Do you favor mint chip ice cream over vanilla?,I like mint chip ice cream better.
p9_q04_a11,p9,ice cream,mint chip ice cream,vanilla,q04,a11,Do you favor mint chip ice cream over vanilla?,"Personally, I prefer mint chip ice cream."
p9_q04_a12,p9,ice cream,mint chip ice cream,vanilla,q04,a12,Do you favor mint chip ice cream over vanilla?,I would pick mint chip ice cream.
p9_q04_a13,p9,ice cream,mint chip ice cream,vanilla,q04,a13,Do you favor mint chip ice cream over vanilla?,I find mint chip ice cream more appealing.
p9_q04_a14,p9,ice cream,mint chip ice cream,vanilla,q04,a14,Do you favor mint chip ice cream over vanilla?,I choose mint chip ice cream.
p9_q04_a15,p9,ice cream,mint chip ice cream,vanilla,q04,a15,Do you favor mint chip ice cream over vanilla?,mint chip ice cream fits me better.
p9_q04_a16,p9,ice cream,mint chip ice cream,vanilla,q04,a16,Do you favor mint chip ice cream over vanilla?,I like mint chip ice cream more overall.
p9_q04_a17,p9,ice cream,mint chip ice cream,vanilla,q04,a17,Do you favor mint chip ice cream over vanilla?,"If I must pick, it is mint chip ice cream."
p9_q04_a18,p9,ice cream,mint chip ice cream,vanilla,q04,a18,Do you favor mint chip ice cream over vanilla?,I would go with mint chip ice cream.
p9_q04_a19,p9,ice cream,mint chip ice cream,vanilla,q04,a19,Do you favor mint chip ice cream over vanilla?,I would decide on mint chip ice cream.
p9_q04_a20,p9,ice cream,mint chip ice cream,vanilla,q04,a20,Do you favor mint chip ice cream over vanilla?,I favor mint chip ice cream.
p9_q05_a01,p9,ice cream,mint chip ice cream,vanilla,q05,a01,"Which option appeals to you more, mint chip ice cream or vanilla?",I prefer mint chip ice cream.
p9_q05_a02,p9,ice cream,mint chip ice cream,vanilla,q05,a02,"Which option appeals to you more, mint chip ice cream or vanilla?",I like mint chip ice cream more.
p9_q05_a03,p9,ice cream,mint chip ice cream,vanilla,q05,a03,"Which option appeals to you more, mint chip ice cream or vanilla?",I would choose mint chip ice cream.
p9_q05_a04,p9,ice cream,mint chip ice cream,vanilla,q05,a04,"Which option appeals to you more, mint chip ice cream or vanilla?",My preference is mint chip ice cream.
p9_q05_a05,p9,ice cream,mint chip ice cream,vanilla,q05,a05,"Which option appeals to you more, mint chip ice cream or vanilla?",mint chip ice cream appeals to me more.
p9_q05_a06,p9,ice cream,mint chip ice cream,vanilla,q05,a06,"Which option appeals to you more, mint chip ice cream or vanilla?",I think mint chip ice cream is better for me.
p9_q05_a07,p9,ice cream,mint chip ice cream,vanilla,q05,a07,"Which option appeals to you more, mint chip ice cream or vanilla?",I lean toward mint chip ice cream.
p9_q05_a08,p9,ice cream,mint chip ice cream,vanilla,q05,a08,"Which option appeals to you more, mint chip ice cream or vanilla?",I would rather have mint chip ice cream.
p9_q05_a09,p9,ice cream,mint chip ice cream,vanilla,q05,a09,"Which option appeals to you more, mint chip ice cream or vanilla?",mint chip ice cream suits me better.
p9_q05_a10,p9,ice cream,mint chip ice cream,vanilla,q05,a10,"Which option appeals to you more, mint chip ice cream or vanilla?",I like mint chip ice cream better.
p9_q05_a11,p9,ice cream,mint chip ice cream,vanilla,q05,a11,"Which option appeals to you more, mint chip ice cream or vanilla?","Personally, I prefer mint chip ice cream."
p9_q05_a12,p9,ice cream,mint chip ice cream,vanilla,q05,a12,"Which option appeals to you more, mint chip ice cream or vanilla?",I would pick mint chip ice cream.
p9_q05_a13,p9,ice cream,mint chip ice cream,vanilla,q05,a13,"Which option appeals to you more, mint chip ice cream or vanilla?",I find mint chip ice cream more appealing.
p9_q05_a14,p9,ice cream,mint chip ice cream,vanilla,q05,a14,"Which option appeals to you more, mint chip ice cream or vanilla?",I choose mint chip ice cream.
p9_q05_a15,p9,ice cream,mint chip ice cream,vanilla,q05,a15,"Which option appeals to you more, mint chip ice cream or vanilla?",mint chip ice cream fits me better.
p9_q05_a16,p9,ice cream,mint chip ice cream,vanilla,q05,a16,"Which option appeals to you more, mint chip ice cream or vanilla?",I like mint chip ice cream more overall.
p9_q05_a17,p9,ice cream,mint chip ice cream,vanilla,q05,a17,"Which option appeals to you more, mint chip ice cream or vanilla?","If I must pick, it is mint chip ice cream."
p9_q05_a18,p9,ice cream,mint chip ice cream,vanilla,q05,a18,"Which option appeals to you more, mint chip ice cream or vanilla?",I would go with mint chip ice cream.
p9_q05_a19,p9,ice cream,mint chip ice cream,vanilla,q05,a19,"Which option appeals to you more, mint chip ice cream or vanilla?",I would decide on mint chip ice cream.
p9_q05_a20,p9,ice cream,mint chip ice cream,vanilla,q05,a20,"Which option appeals to you more, mint chip ice cream or vanilla?",I favor mint chip ice cream.
p9_q06_a01,p9,ice cream,mint chip ice cream,vanilla,q06,a01,"Which do you think is better, mint chip ice cream or vanilla?",I prefer mint chip ice cream.
p9_q06_a02,p9,ice cream,mint chip ice cream,vanilla,q06,a02,"Which do you think is better, mint chip ice cream or vanilla?",I like mint chip ice cream more.
p9_q06_a03,p9,ice cream,mint chip ice cream,vanilla,q06,a03,"Which do you think is better, mint chip ice cream or vanilla?",I would choose mint chip ice cream.
p9_q06_a04,p9,ice cream,mint chip ice cream,vanilla,q06,a04,"Which do you think is better, mint chip ice cream or vanilla?",My preference is mint chip ice cream.
p9_q06_a05,p9,ice cream,mint chip ice cream,vanilla,q06,a05,"Which do you think is better, mint chip ice cream or vanilla?",mint chip ice cream appeals to me more.
p9_q06_a06,p9,ice cream,mint chip ice cream,vanilla,q06,a06,"Which do you think is better, mint chip ice cream or vanilla?",I think mint chip ice cream is better for me.
p9_q06_a07,p9,ice cream,mint chip ice cream,vanilla,q06,a07,"Which do you think is better, mint chip ice cream or vanilla?",I lean toward mint chip ice cream.
p9_q06_a08,p9,ice cream,mint chip ice cream,vanilla,q06,a08,"Which do you think is better, mint chip ice cream or vanilla?",I would rather have mint chip ice cream.
p9_q06_a09,p9,ice cream,mint chip ice cream,vanilla,q06,a09,"Which do you think is better, mint chip ice cream or vanilla?",mint chip ice cream suits me better.
p9_q06_a10,p9,ice cream,mint chip ice cream,vanilla,q06,a10,"Which do you think is better, mint chip ice cream or vanilla?",I like mint chip ice cream better.
p9_q06_a11,p9,ice cream,mint chip ice cream,vanilla,q06,a11,"Which do you think is better, mint chip ice cream or vanilla?","Personally, I prefer mint chip ice cream."
p9_q06_a12,p9,ice cream,mint chip ice cream,vanilla,q06,a12,"Which do you think is better, mint chip ice cream or vanilla?",I would pick mint chip ice cream.
p9_q06_a13,p9,ice cream,mint chip ice cream,vanilla,q06,a13,"Which do you think is better, mint chip ice cream or vanilla?",I find mint chip ice cream more appealing.
p9_q06_a14,p9,ice cream,mint chip ice cream,vanilla,q06,a14,"Which do you think is better, mint chip ice cream or vanilla?",I choose mint chip ice cream.
p9_q06_a15,p9,ice cream,mint chip ice cream,vanilla,q06,a15,"Which do you think is better, mint chip ice cream or vanilla?",mint chip ice cream fits me better.
p9_q06_a16,p9,ice cream,mint chip ice cream,vanilla,q06,a16,"Which do you think is better, mint chip ice cream or vanilla?",I like mint chip ice cream more overall.
p9_q06_a17,p9,ice cream,mint chip ice cream,vanilla,q06,a17,"Which do you think is better, mint chip ice cream or vanilla?","If I must pick, it is mint chip ice cream."
p9_q06_a18,p9,ice cream,mint chip ice cream,vanilla,q06,a18,"Which do you think is better, mint chip ice cream or vanilla?",I would go with mint chip ice cream.
p9_q06_a19,p9,ice cream,mint chip ice cream,vanilla,q06,a19,"Which do you think is better, mint chip ice cream or vanilla?",I would decide on mint chip ice cream.
p9_q06_a20,p9,ice cream,mint chip ice cream,vanilla,q06,a20,"Which do you think is better, mint chip ice cream or vanilla?",I favor mint chip ice cream.
p9_q07_a01,p9,ice cream,mint chip ice cream,vanilla,q07,a01,"If you compare mint chip ice cream with vanilla, which do you lean toward?",I prefer mint chip ice cream.
p9_q07_a02,p9,ice cream,mint chip ice cream,vanilla,q07,a02,"If you compare mint chip ice cream with vanilla, which do you lean toward?",I like mint chip ice cream more.
p9_q07_a03,p9,ice cream,mint chip ice cream,vanilla,q07,a03,"If you compare mint chip ice cream with vanilla, which do you lean toward?",I would choose mint chip ice cream.
p9_q07_a04,p9,ice cream,mint chip ice cream,vanilla,q07,a04,"If you compare mint chip ice cream with vanilla, which do you lean toward?",My preference is mint chip ice cream.
p9_q07_a05,p9,ice cream,mint chip ice cream,vanilla,q07,a05,"If you compare mint chip ice cream with vanilla, which do you lean toward?",mint chip ice cream appeals to me more.
p9_q07_a06,p9,ice cream,mint chip ice cream,vanilla,q07,a06,"If you compare mint chip ice cream with vanilla, which do you lean toward?",I think mint chip ice cream is better for me.
p9_q07_a07,p9,ice cream,mint chip ice cream,vanilla,q07,a07,"If you compare mint chip ice cream with vanilla, which do you lean toward?",I lean toward mint chip ice cream.
p9_q07_a08,p9,ice cream,mint chip ice cream,vanilla,q07,a08,"If you compare mint chip ice cream with vanilla, which do you lean toward?",I would rather have mint chip ice cream.
p9_q07_a09,p9,ice cream,mint chip ice cream,vanilla,q07,a09,"If you compare mint chip ice cream with vanilla, which do you lean toward?",mint chip ice cream suits me better.
p9_q07_a10,p9,ice cream,mint chip ice cream,vanilla,q07,a10,"If you compare mint chip ice cream with vanilla, which do you lean toward?",I like mint chip ice cream better.
p9_q07_a11,p9,ice cream,mint chip ice cream,vanilla,q07,a11,"If you compare mint chip ice cream with vanilla, which do you lean toward?","Personally, I prefer mint chip ice cream."
p9_q07_a12,p9,ice cream,mint chip ice cream,vanilla,q07,a12,"If you compare mint chip ice cream with vanilla, which do you lean toward?",I would pick mint chip ice cream.
p9_q07_a13,p9,ice cream,mint chip ice cream,vanilla,q07,a13,"If you compare mint chip ice cream with vanilla, which do you lean toward?",I find mint chip ice cream more appealing.
p9_q07_a14,p9,ice cream,mint chip ice cream,vanilla,q07,a14,"If you compare mint chip ice cream with vanilla, which do you lean toward?",I choose mint chip ice cream.
p9_q07_a15,p9,ice cream,mint chip ice cream,vanilla,q07,a15,"If you compare mint chip ice cream with vanilla, which do you lean toward?",mint chip ice cream fits me better.
p9_q07_a16,p9,ice cream,mint chip ice cream,vanilla,q07,a16,"If you compare mint chip ice cream with vanilla, which do you lean toward?",I like mint chip ice cream more overall.
p9_q07_a17,p9,ice cream,mint chip ice cream,vanilla,q07,a17,"If you compare mint chip ice cream with vanilla, which do you lean toward?","If I must pick, it is mint chip ice cream."
p9_q07_a18,p9,ice cream,mint chip ice cream,vanilla,q07,a18,"If you compare mint chip ice cream with vanilla, which do you lean toward?",I would go with mint chip ice cream.
p9_q07_a19,p9,ice cream,mint chip ice cream,vanilla,q07,a19,"If you compare mint chip ice cream with vanilla, which do you lean toward?",I would decide on mint chip ice cream.
p9_q07_a20,p9,ice cream,mint chip ice cream,vanilla,q07,a20,"If you compare mint chip ice cream with vanilla, which do you lean toward?",I favor mint chip ice cream.
p9_q08_a01,p9,ice cream,mint chip ice cream,vanilla,q08,a01,"Which would you rather have, mint chip ice cream or vanilla?",I prefer mint chip ice cream.
p9_q08_a02,p9,ice cream,mint chip ice cream,vanilla,q08,a02,"Which would you rather have, mint chip ice cream or vanilla?",I like mint chip ice cream more.
p9_q08_a03,p9,ice cream,mint chip ice cream,vanilla,q08,a03,"Which would you rather have, mint chip ice cream or vanilla?",I would choose mint chip ice cream.
p9_q08_a04,p9,ice cream,mint chip ice cream,vanilla,q08,a04,"Which would you rather have, mint chip ice cream or vanilla?",My preference is mint chip ice cream.
p9_q08_a05,p9,ice cream,mint chip ice cream,vanilla,q08,a05,"Which would you rather have, mint chip ice cream or vanilla?",mint chip ice cream appeals to me more.
p9_q08_a06,p9,ice cream,mint chip ice cream,vanilla,q08,a06,"Which would you rather have, mint chip ice cream or vanilla?",I think mint chip ice cream is better for me.
p9_q08_a07,p9,ice cream,mint chip ice cream,vanilla,q08,a07,"Which would you rather have, mint chip ice cream or vanilla?",I lean toward mint chip ice cream.
p9_q08_a08,p9,ice cream,mint chip ice cream,vanilla,q08,a08,"Which would you rather have, mint chip ice cream or vanilla?",I would rather have mint chip ice cream.
p9_q08_a09,p9,ice cream,mint chip ice cream,vanilla,q08,a09,"Which would you rather have, mint chip ice cream or vanilla?",mint chip ice cream suits me better.
p9_q08_a10,p9,ice cream,mint chip ice cream,vanilla,q08,a10,"Which would you rather have, mint chip ice cream or vanilla?",I like mint chip ice cream better.
p9_q08_a11,p9,ice cream,mint chip ice cream,vanilla,q08,a11,"Which would you rather have, mint chip ice cream or vanilla?","Personally, I prefer mint chip ice cream."
p9_q08_a12,p9,ice cream,mint chip ice cream,vanilla,q08,a12,"Which would you rather have, mint chip ice cream or vanilla?",I would pick mint chip ice cream.
p9_q08_a13,p9,ice cream,mint chip ice cream,vanilla,q08,a13,"Which would you rather have, mint chip ice cream or vanilla?",I find mint chip ice cream more appealing.
p9_q08_a14,p9,ice cream,mint chip ice cream,vanilla,q08,a14,"Which would you rather have, mint chip ice cream or vanilla?",I choose mint chip ice cream.
p9_q08_a15,p9,ice cream,mint chip ice cream,vanilla,q08,a15,"Which would you rather have, mint chip ice cream or vanilla?",mint chip ice cream fits me better.
p9_q08_a16,p9,ice cream,mint chip ice cream,vanilla,q08,a16,"Which would you rather have, mint chip ice cream or vanilla?",I like mint chip ice cream more overall.
p9_q08_a17,p9,ice cream,mint chip ice cream,vanilla,q08,a17,"Which would you rather have, mint chip ice cream or vanilla?","If I must pick, it is mint chip ice cream."
p9_q08_a18,p9,ice cream,mint chip ice cream,vanilla,q08,a18,"Which would you rather have, mint chip ice cream or vanilla?",I would go with mint chip ice cream.
p9_q08_a19,p9,ice cream,mint chip ice cream,vanilla,q08,a19,"Which would you rather have, mint chip ice cream or vanilla?",I would decide on mint chip ice cream.
p9_q08_a20,p9,ice cream,mint chip ice cream,vanilla,q08,a20,"Which would you rather have, mint chip ice cream or vanilla?",I favor mint chip ice cream.
p9_q09_a01,p9,ice cream,mint chip ice cream,vanilla,q09,a01,"Between mint chip ice cream and vanilla, which one suits you better?",I prefer mint chip ice cream.
p9_q09_a02,p9,ice cream,mint chip ice cream,vanilla,q09,a02,"Between mint chip ice cream and vanilla, which one suits you better?",I like mint chip ice cream more.
p9_q09_a03,p9,ice cream,mint chip ice cream,vanilla,q09,a03,"Between mint chip ice cream and vanilla, which one suits you better?",I would choose mint chip ice cream.
p9_q09_a04,p9,ice cream,mint chip ice cream,vanilla,q09,a04,"Between mint chip ice cream and vanilla, which one suits you better?",My preference is mint chip ice cream.
p9_q09_a05,p9,ice cream,mint chip ice cream,vanilla,q09,a05,"Between mint chip ice cream and vanilla, which one suits you better?",mint chip ice cream appeals to me more.
p9_q09_a06,p9,ice cream,mint chip ice cream,vanilla,q09,a06,"Between mint chip ice cream and vanilla, which one suits you better?",I think mint chip ice cream is better for me.
p9_q09_a07,p9,ice cream,mint chip ice cream,vanilla,q09,a07,"Between mint chip ice cream and vanilla, which one suits you better?",I lean toward mint chip ice cream.
p9_q09_a08,p9,ice cream,mint chip ice cream,vanilla,q09,a08,"Between mint chip ice cream and vanilla, which one suits you better?",I would rather have mint chip ice cream.
p9_q09_a09,p9,ice cream,mint chip ice cream,vanilla,q09,a09,"Between mint chip ice cream and vanilla, which one suits you better?",mint chip ice cream suits me better.
p9_q09_a10,p9,ice cream,mint chip ice cream,vanilla,q09,a10,"Between mint chip ice cream and vanilla, which one suits you better?",I like mint chip ice cream better.
p9_q09_a11,p9,ice cream,mint chip ice cream,vanilla,q09,a11,"Between mint chip ice cream and vanilla, which one suits you better?","Personally, I prefer mint chip ice cream."
p9_q09_a12,p9,ice cream,mint chip ice cream,vanilla,q09,a12,"Between mint chip ice cream and vanilla, which one suits you better?",I would pick mint chip ice cream.
p9_q09_a13,p9,ice cream,mint chip ice cream,vanilla,q09,a13,"Between mint chip ice cream and vanilla, which one suits you better?",I find mint chip ice cream more appealing.
p9_q09_a14,p9,ice cream,mint chip ice cream,vanilla,q09,a14,"Between mint chip ice cream and vanilla, which one suits you better?",I choose mint chip ice cream.
p9_q09_a15,p9,ice cream,mint chip ice cream,vanilla,q09,a15,"Between mint chip ice cream and vanilla, which one suits you better?",mint chip ice cream fits me better.
p9_q09_a16,p9,ice cream,mint chip ice cream,vanilla,q09,a16,"Between mint chip ice cream and vanilla, which one suits you better?",I like mint chip ice cream more overall.
p9_q09_a17,p9,ice cream,mint chip ice cream,vanilla,q09,a17,"Between mint chip ice cream and vanilla, which one suits you better?","If I must pick, it is mint chip ice cream."
p9_q09_a18,p9,ice cream,mint chip ice cream,vanilla,q09,a18,"Between mint chip ice cream and vanilla, which one suits you better?",I would go with mint chip ice cream.
p9_q09_a19,p9,ice cream,mint chip ice cream,vanilla,q09,a19,"Between mint chip ice cream and vanilla, which one suits you better?",I would decide on mint chip ice cream.
p9_q09_a20,p9,ice cream,mint chip ice cream,vanilla,q09,a20,"Between mint chip ice cream and vanilla, which one suits you better?",I favor mint chip ice cream.
p9_q10_a01,p9,ice cream,mint chip ice cream,vanilla,q10,a01,Do you like mint chip ice cream more than vanilla?,I prefer mint chip ice cream.
p9_q10_a02,p9,ice cream,mint chip ice cream,vanilla,q10,a02,Do you like mint chip ice cream more than vanilla?,I like mint chip ice cream more.
p9_q10_a03,p9,ice cream,mint chip ice cream,vanilla,q10,a03,Do you like mint chip ice cream more than vanilla?,I would choose mint chip ice cream.
p9_q10_a04,p9,ice cream,mint chip ice cream,vanilla,q10,a04,Do you like mint chip ice cream more than vanilla?,My preference is mint chip ice cream.
p9_q10_a05,p9,ice cream,mint chip ice cream,vanilla,q10,a05,Do you like mint chip ice cream more than vanilla?,mint chip ice cream appeals to me more.
p9_q10_a06,p9,ice cream,mint chip ice cream,vanilla,q10,a06,Do you like mint chip ice cream more than vanilla?,I think mint chip ice cream is better for me.
p9_q10_a07,p9,ice cream,mint chip ice cream,vanilla,q10,a07,Do you like mint chip ice cream more than vanilla?,I lean toward mint chip ice cream.
p9_q10_a08,p9,ice cream,mint chip ice cream,vanilla,q10,a08,Do you like mint chip ice cream more than vanilla?,I would rather have mint chip ice cream.
p9_q10_a09,p9,ice cream,mint chip ice cream,vanilla,q10,a09,Do you like mint chip ice cream more than vanilla?,mint chip ice cream suits me better.
p9_q10_a10,p9,ice cream,mint chip ice cream,vanilla,q10,a10,Do you like mint chip ice cream more than vanilla?,I like mint chip ice cream better.
p9_q10_a11,p9,ice cream,mint chip ice cream,vanilla,q10,a11,Do you like mint chip ice cream more than vanilla?,"Personally, I prefer mint chip ice cream."
p9_q10_a12,p9,ice cream,mint chip ice cream,vanilla,q10,a12,Do you like mint chip ice cream more than vanilla?,I would pick mint chip ice cream.
p9_q10_a13,p9,ice cream,mint chip ice cream,vanilla,q10,a13,Do you like mint chip ice cream more than vanilla?,I find mint chip ice cream more appealing.
p9_q10_a14,p9,ice cream,mint chip ice cream,vanilla,q10,a14,Do you like mint chip ice cream more than vanilla?,I choose mint chip ice cream.
p9_q10_a15,p9,ice cream,mint chip ice cream,vanilla,q10,a15,Do you like mint chip ice cream more than vanilla?,mint chip ice cream fits me better.
p9_q10_a16,p9,ice cream,mint chip ice cream,vanilla,q10,a16,Do you like mint chip ice cream more than vanilla?,I like mint chip ice cream more overall.
p9_q10_a17,p9,ice cream,mint chip ice cream,vanilla,q10,a17,Do you like mint chip ice cream more than vanilla?,"If I must pick, it is mint chip ice cream."
p9_q10_a18,p9,ice cream,mint chip ice cream,vanilla,q10,a18,Do you like mint chip ice cream more than vanilla?,I would go with mint chip ice cream.
p9_q10_a19,p9,ice cream,mint chip ice cream,vanilla,q10,a19,Do you like mint chip ice cream more than vanilla?,I would decide on mint chip ice cream.
p9_q10_a20,p9,ice cream,mint chip ice cream,vanilla,q10,a20,Do you like mint chip ice cream more than vanilla?,I favor mint chip ice cream.
p9_q11_a01,p9,ice cream,mint chip ice cream,vanilla,q11,a01,"Which option do you personally prefer, mint chip ice cream or vanilla?",I prefer mint chip ice cream.
p9_q11_a02,p9,ice cream,mint chip ice cream,vanilla,q11,a02,"Which option do you personally prefer, mint chip ice cream or vanilla?",I like mint chip ice cream more.
p9_q11_a03,p9,ice cream,mint chip ice cream,vanilla,q11,a03,"Which option do you personally prefer, mint chip ice cream or vanilla?",I would choose mint chip ice cream.
p9_q11_a04,p9,ice cream,mint chip ice cream,vanilla,q11,a04,"Which option do you personally prefer, mint chip ice cream or vanilla?",My preference is mint chip ice cream.
p9_q11_a05,p9,ice cream,mint chip ice cream,vanilla,q11,a05,"Which option do you personally prefer, mint chip ice cream or vanilla?",mint chip ice cream appeals to me more.
p9_q11_a06,p9,ice cream,mint chip ice cream,vanilla,q11,a06,"Which option do you personally prefer, mint chip ice cream or vanilla?",I think mint chip ice cream is better for me.
p9_q11_a07,p9,ice cream,mint chip ice cream,vanilla,q11,a07,"Which option do you personally prefer, mint chip ice cream or vanilla?",I lean toward mint chip ice cream.
p9_q11_a08,p9,ice cream,mint chip ice cream,vanilla,q11,a08,"Which option do you personally prefer, mint chip ice cream or vanilla?",I would rather have mint chip ice cream.
p9_q11_a09,p9,ice cream,mint chip ice cream,vanilla,q11,a09,"Which option do you personally prefer, mint chip ice cream or vanilla?",mint chip ice cream suits me better.
p9_q11_a10,p9,ice cream,mint chip ice cream,vanilla,q11,a10,"Which option do you personally prefer, mint chip ice cream or vanilla?",I like mint chip ice cream better.
p9_q11_a11,p9,ice cream,mint chip ice cream,vanilla,q11,a11,"Which option do you personally prefer, mint chip ice cream or vanilla?","Personally, I prefer mint chip ice cream."
p9_q11_a12,p9,ice cream,mint chip ice cream,vanilla,q11,a12,"Which option do you personally prefer, mint chip ice cream or vanilla?",I would pick mint chip ice cream.
p9_q11_a13,p9,ice cream,mint chip ice cream,vanilla,q11,a13,"Which option do you personally prefer, mint chip ice cream or vanilla?",I find mint chip ice cream more appealing.
p9_q11_a14,p9,ice cream,mint chip ice cream,vanilla,q11,a14,"Which option do you personally prefer, mint chip ice cream or vanilla?",I choose mint chip ice cream.
p9_q11_a15,p9,ice cream,mint chip ice cream,vanilla,q11,a15,"Which option do you personally prefer, mint chip ice cream or vanilla?",mint chip ice cream fits me better.
p9_q11_a16,p9,ice cream,mint chip ice cream,vanilla,q11,a16,"Which option do you personally prefer, mint chip ice cream or vanilla?",I like mint chip ice cream more overall.
p9_q11_a17,p9,ice cream,mint chip ice cream,vanilla,q11,a17,"Which option do you personally prefer, mint chip ice cream or vanilla?","If I must pick, it is mint chip ice cream."
p9_q11_a18,p9,ice cream,mint chip ice cream,vanilla,q11,a18,"Which option do you personally prefer, mint chip ice cream or vanilla?",I would go with mint chip ice cream.
p9_q11_a19,p9,ice cream,mint chip ice cream,vanilla,q11,a19,"Which option do you personally prefer, mint chip ice cream or vanilla?",I would decide on mint chip ice cream.
p9_q11_a20,p9,ice cream,mint chip ice cream,vanilla,q11,a20,"Which option do you personally prefer, mint chip ice cream or vanilla?",I favor mint chip ice cream.
p9_q12_a01,p9,ice cream,mint chip ice cream,vanilla,q12,a01,"If asked to pick one, mint chip ice cream or vanilla, what would you pick?",I prefer mint chip ice cream.
p9_q12_a02,p9,ice cream,mint chip ice cream,vanilla,q12,a02,"If asked to pick one, mint chip ice cream or vanilla, what would you pick?",I like mint chip ice cream more.
p9_q12_a03,p9,ice cream,mint chip ice cream,vanilla,q12,a03,"If asked to pick one, mint chip ice cream or vanilla, what would you pick?",I would choose mint chip ice cream.
p9_q12_a04,p9,ice cream,mint chip ice cream,vanilla,q12,a04,"If asked to pick one, mint chip ice cream or vanilla, what would you pick?",My preference is mint chip ice cream.
p9_q12_a05,p9,ice cream,mint chip ice cream,vanilla,q12,a05,"If asked to pick one, mint chip ice cream or vanilla, what would you pick?",mint chip ice cream appeals to me more.
p9_q12_a06,p9,ice cream,mint chip ice cream,vanilla,q12,a06,"If asked to pick one, mint chip ice cream or vanilla, what would you pick?",I think mint chip ice cream is better for me.
p9_q12_a07,p9,ice cream,mint chip ice cream,vanilla,q12,a07,"If asked to pick one, mint chip ice cream or vanilla, what would you pick?",I lean toward mint chip ice cream.
p9_q12_a08,p9,ice cream,mint chip ice cream,vanilla,q12,a08,"If asked to pick one, mint chip ice cream or vanilla, what would you pick?",I would rather have mint chip ice cream.
p9_q12_a09,p9,ice cream,mint chip ice cream,vanilla,q12,a09,"If asked to pick one, mint chip ice cream or vanilla, what would you pick?",mint chip ice cream suits me better.
p9_q12_a10,p9,ice cream,mint chip ice cream,vanilla,q12,a10,"If asked to pick one, mint chip ice cream or vanilla, what would you pick?",I like mint chip ice cream better.
p9_q12_a11,p9,ice cream,mint chip ice cream,vanilla,q12,a11,"If asked to pick one, mint chip ice cream or vanilla, what would you pick?","Personally, I prefer mint chip ice cream."
p9_q12_a12,p9,ice cream,mint chip ice cream,vanilla,q12,a12,"If asked to pick one, mint chip ice cream or vanilla, what would you pick?",I would pick mint chip ice cream.
p9_q12_a13,p9,ice cream,mint chip ice cream,vanilla,q12,a13,"If asked to pick one, mint chip ice cream or vanilla, what would you pick?",I find mint chip ice cream more appealing.
p9_q12_a14,p9,ice cream,mint chip ice cream,vanilla,q12,a14,"If asked to pick one, mint chip ice cream or vanilla, what would you pick?",I choose mint chip ice cream.
p9_q12_a15,p9,ice cream,mint chip ice cream,vanilla,q12,a15,"If asked to pick one, mint chip ice cream or vanilla, what would you pick?",mint chip ice cream fits me better.
p9_q12_a16,p9,ice cream,mint chip ice cream,vanilla,q12,a16,"If asked to pick one, mint chip ice cream or vanilla, what would you pick?",I like mint chip ice cream more overall.
p9_q12_a17,p9,ice cream,mint chip ice cream,vanilla,q12,a17,"If asked to pick one, mint chip ice cream or vanilla, what would you pick?","If I must pick, it is mint chip ice cream."
p9_q12_a18,p9,ice cream,mint chip ice cream,vanilla,q12,a18,"If asked to pick one, mint chip ice cream or vanilla, what would you pick?",I would go with mint chip ice cream.
p9_q12_a19,p9,ice cream,mint chip ice cream,vanilla,q12,a19,"If asked to pick one, mint chip ice cream or vanilla, what would you pick?",I would decide on mint chip ice cream.
p9_q12_a20,p9,ice cream,mint chip ice cream,vanilla,q12,a20,"If asked to pick one, mint chip ice cream or vanilla, what would you pick?",I favor mint chip ice cream.
p9_q13_a01,p9,ice cream,mint chip ice cream,vanilla,q13,a01,"Which do you find more appealing, mint chip ice cream or vanilla?",I prefer mint chip ice cream.
p9_q13_a02,p9,ice cream,mint chip ice cream,vanilla,q13,a02,"Which do you find more appealing, mint chip ice cream or vanilla?",I like mint chip ice cream more.
p9_q13_a03,p9,ice cream,mint chip ice cream,vanilla,q13,a03,"Which do you find more appealing, mint chip ice cream or vanilla?",I would choose mint chip ice cream.
p9_q13_a04,p9,ice cream,mint chip ice cream,vanilla,q13,a04,"Which do you find more appealing, mint chip ice cream or vanilla?",My preference is mint chip ice cream.
p9_q13_a05,p9,ice cream,mint chip ice cream,vanilla,q13,a05,"Which do you find more appealing, mint chip ice cream or vanilla?",mint chip ice cream appeals to me more.
p9_q13_a06,p9,ice cream,mint chip ice cream,vanilla,q13,a06,"Which do you find more appealing, mint chip ice cream or vanilla?",I think mint chip ice cream is better for me.
p9_q13_a07,p9,ice cream,mint chip ice cream,vanilla,q13,a07,"Which do you find more appealing, mint chip ice cream or vanilla?",I lean toward mint chip ice cream.
p9_q13_a08,p9,ice cream,mint chip ice cream,vanilla,q13,a08,"Which do you find more appealing, mint chip ice cream or vanilla?",I would rather have mint chip ice cream.
p9_q13_a09,p9,ice cream,mint chip ice cream,vanilla,q13,a09,"Which do you find more appealing, mint chip ice cream or vanilla?",mint chip ice cream suits me better.
p9_q13_a10,p9,ice cream,mint chip ice cream,vanilla,q13,a10,"Which do you find more appealing, mint chip ice cream or vanilla?",I like mint chip ice cream better.
p9_q13_a11,p9,ice cream,mint chip ice cream,vanilla,q13,a11,"Which do you find more appealing, mint chip ice cream or vanilla?","Personally, I prefer mint chip ice cream."
p9_q13_a12,p9,ice cream,mint chip ice cream,vanilla,q13,a12,"Which do you find more appealing, mint chip ice cream or vanilla?",I would pick mint chip ice cream.
p9_q13_a13,p9,ice cream,mint chip ice cream,vanilla,q13,a13,"Which do you find more appealing, mint chip ice cream or vanilla?",I find mint chip ice cream more appealing.
p9_q13_a14,p9,ice cream,mint chip ice cream,vanilla,q13,a14,"Which do you find more appealing, mint chip ice cream or vanilla?",I choose mint chip ice cream.
p9_q13_a15,p9,ice cream,mint chip ice cream,vanilla,q13,a15,"Which do you find more appealing, mint chip ice cream or vanilla?",mint chip ice cream fits me better.
p9_q13_a16,p9,ice cream,mint chip ice cream,vanilla,q13,a16,"Which do you find more appealing, mint chip ice cream or vanilla?",I like mint chip ice cream more overall.
p9_q13_a17,p9,ice cream,mint chip ice cream,vanilla,q13,a17,"Which do you find more appealing, mint chip ice cream or vanilla?","If I must pick, it is mint chip ice cream."
p9_q13_a18,p9,ice cream,mint chip ice cream,vanilla,q13,a18,"Which do you find more appealing, mint chip ice cream or vanilla?",I would go with mint chip ice cream.
p9_q13_a19,p9,ice cream,mint chip ice cream,vanilla,q13,a19,"Which do you find more appealing, mint chip ice cream or vanilla?",I would decide on mint chip ice cream.
p9_q13_a20,p9,ice cream,mint chip ice cream,vanilla,q13,a20,"Which do you find more appealing, mint chip ice cream or vanilla?",I favor mint chip ice cream.
p9_q14_a01,p9,ice cream,mint chip ice cream,vanilla,q14,a01,"When choosing between mint chip ice cream and vanilla, which do you choose?",I prefer mint chip ice cream.
p9_q14_a02,p9,ice cream,mint chip ice cream,vanilla,q14,a02,"When choosing between mint chip ice cream and vanilla, which do you choose?",I like mint chip ice cream more.
p9_q14_a03,p9,ice cream,mint chip ice cream,vanilla,q14,a03,"When choosing between mint chip ice cream and vanilla, which do you choose?",I would choose mint chip ice cream.
p9_q14_a04,p9,ice cream,mint chip ice cream,vanilla,q14,a04,"When choosing between mint chip ice cream and vanilla, which do you choose?",My preference is mint chip ice cream.
p9_q14_a05,p9,ice cream,mint chip ice cream,vanilla,q14,a05,"When choosing between mint chip ice cream and vanilla, which do you choose?",mint chip ice cream appeals to me more.
p9_q14_a06,p9,ice cream,mint chip ice cream,vanilla,q14,a06,"When choosing between mint chip ice cream and vanilla, which do you choose?",I think mint chip ice cream is better for me.
p9_q14_a07,p9,ice cream,mint chip ice cream,vanilla,q14,a07,"When choosing between mint chip ice cream and vanilla, which do you choose?",I lean toward mint chip ice cream.
p9_q14_a08,p9,ice cream,mint chip ice cream,vanilla,q14,a08,"When choosing between mint chip ice cream and vanilla, which do you choose?",I would rather have mint chip ice cream.
p9_q14_a09,p9,ice cream,mint chip ice cream,vanilla,q14,a09,"When choosing between mint chip ice cream and vanilla, which do you choose?",mint chip ice cream suits me better.
p9_q14_a10,p9,ice cream,mint chip ice cream,vanilla,q14,a10,"When choosing between mint chip ice cream and vanilla, which do you choose?",I like mint chip ice cream better.
p9_q14_a11,p9,ice cream,mint chip ice cream,vanilla,q14,a11,"When choosing between mint chip ice cream and vanilla, which do you choose?","Personally, I prefer mint chip ice cream."
p9_q14_a12,p9,ice cream,mint chip ice cream,vanilla,q14,a12,"When choosing between mint chip ice cream and vanilla, which do you choose?",I would pick mint chip ice cream.
p9_q14_a13,p9,ice cream,mint chip ice cream,vanilla,q14,a13,"When choosing between mint chip ice cream and vanilla, which do you choose?",I find mint chip ice cream more appealing.
p9_q14_a14,p9,ice cream,mint chip ice cream,vanilla,q14,a14,"When choosing between mint chip ice cream and vanilla, which do you choose?",I choose mint chip ice cream.
p9_q14_a15,p9,ice cream,mint chip ice cream,vanilla,q14,a15,"When choosing between mint chip ice cream and vanilla, which do you choose?",mint chip ice cream fits me better.
p9_q14_a16,p9,ice cream,mint chip ice cream,vanilla,q14,a16,"When choosing between mint chip ice cream and vanilla, which do you choose?",I like mint chip ice cream more overall.
p9_q14_a17,p9,ice cream,mint chip ice cream,vanilla,q14,a17,"When choosing between mint chip ice cream and vanilla, which do you choose?","If I must pick, it is mint chip ice cream."
p9_q14_a18,p9,ice cream,mint chip ice cream,vanilla,q14,a18,"When choosing between mint chip ice cream and vanilla, which do you choose?",I would go with mint chip ice cream.
p9_q14_a19,p9,ice cream,mint chip ice cream,vanilla,q14,a19,"When choosing between mint chip ice cream and vanilla, which do you choose?",I would decide on mint chip ice cream.
p9_q14_a20,p9,ice cream,mint chip ice cream,vanilla,q14,a20,"When choosing between mint chip ice cream and vanilla, which do you choose?",I favor mint chip ice cream.
p9_q15_a01,p9,ice cream,mint chip ice cream,vanilla,q15,a01,"Which option do you think fits you better, mint chip ice cream or vanilla?",I prefer mint chip ice cream.
p9_q15_a02,p9,ice cream,mint chip ice cream,vanilla,q15,a02,"Which option do you think fits you better, mint chip ice cream or vanilla?",I like mint chip ice cream more.
p9_q15_a03,p9,ice cream,mint chip ice cream,vanilla,q15,a03,"Which option do you think fits you better, mint chip ice cream or vanilla?",I would choose mint chip ice cream.
p9_q15_a04,p9,ice cream,mint chip ice cream,vanilla,q15,a04,"Which option do you think fits you better, mint chip ice cream or vanilla?",My preference is mint chip ice cream.
p9_q15_a05,p9,ice cream,mint chip ice cream,vanilla,q15,a05,"Which option do you think fits you better, mint chip ice cream or vanilla?",mint chip ice cream appeals to me more.
p9_q15_a06,p9,ice cream,mint chip ice cream,vanilla,q15,a06,"Which option do you think fits you better, mint chip ice cream or vanilla?",I think mint chip ice cream is better for me.
p9_q15_a07,p9,ice cream,mint chip ice cream,vanilla,q15,a07,"Which option do you think fits you better, mint chip ice cream or vanilla?",I lean toward mint chip ice cream.
p9_q15_a08,p9,ice cream,mint chip ice cream,vanilla,q15,a08,"Which option do you think fits you better, mint chip ice cream or vanilla?",I would rather have mint chip ice cream.
p9_q15_a09,p9,ice cream,mint chip ice cream,vanilla,q15,a09,"Which option do you think fits you better, mint chip ice cream or vanilla?",mint chip ice cream suits me better.
p9_q15_a10,p9,ice cream,mint chip ice cream,vanilla,q15,a10,"Which option do you think fits you better, mint chip ice cream or vanilla?",I like mint chip ice cream better.
p9_q15_a11,p9,ice cream,mint chip ice cream,vanilla,q15,a11,"Which option do you think fits you better, mint chip ice cream or vanilla?","Personally, I prefer mint chip ice cream."
p9_q15_a12,p9,ice cream,mint chip ice cream,vanilla,q15,a12,"Which option do you think fits you better, mint chip ice cream or vanilla?",I would pick mint chip ice cream.
p9_q15_a13,p9,ice cream,mint chip ice cream,vanilla,q15,a13,"Which option do you think fits you better, mint chip ice cream or vanilla?",I find mint chip ice cream more appealing.
p9_q15_a14,p9,ice cream,mint chip ice cream,vanilla,q15,a14,"Which option do you think fits you better, mint chip ice cream or vanilla?",I choose mint chip ice cream.
p9_q15_a15,p9,ice cream,mint chip ice cream,vanilla,q15,a15,"Which option do you think fits you better, mint chip ice cream or vanilla?",mint chip ice cream fits me better.
p9_q15_a16,p9,ice cream,mint chip ice cream,vanilla,q15,a16,"Which option do you think fits you better, mint chip ice cream or vanilla?",I like mint chip ice cream more overall.
p9_q15_a17,p9,ice cream,mint chip ice cream,vanilla,q15,a17,"Which option do you think fits you better, mint chip ice cream or vanilla?","If I must pick, it is mint chip ice cream."
p9_q15_a18,p9,ice cream,mint chip ice cream,vanilla,q15,a18,"Which option do you think fits you better, mint chip ice cream or vanilla?",I would go with mint chip ice cream.
p9_q15_a19,p9,ice cream,mint chip ice cream,vanilla,q15,a19,"Which option do you think fits you better, mint chip ice cream or vanilla?",I would decide on mint chip ice cream.
p9_q15_a20,p9,ice cream,mint chip ice cream,vanilla,q15,a20,"Which option do you think fits you better, mint chip ice cream or vanilla?",I favor mint chip ice cream.
p9_q16_a01,p9,ice cream,mint chip ice cream,vanilla,q16,a01,"Out of mint chip ice cream and vanilla, which do you like better?",I prefer mint chip ice cream.
p9_q16_a02,p9,ice cream,mint chip ice cream,vanilla,q16,a02,"Out of mint chip ice cream and vanilla, which do you like better?",I like mint chip ice cream more.
p9_q16_a03,p9,ice cream,mint chip ice cream,vanilla,q16,a03,"Out of mint chip ice cream and vanilla, which do you like better?",I would choose mint chip ice cream.
p9_q16_a04,p9,ice cream,mint chip ice cream,vanilla,q16,a04,"Out of mint chip ice cream and vanilla, which do you like better?",My preference is mint chip ice cream.
p9_q16_a05,p9,ice cream,mint chip ice cream,vanilla,q16,a05,"Out of mint chip ice cream and vanilla, which do you like better?",mint chip ice cream appeals to me more.
p9_q16_a06,p9,ice cream,mint chip ice cream,vanilla,q16,a06,"Out of mint chip ice cream and vanilla, which do you like better?",I think mint chip ice cream is better for me.
p9_q16_a07,p9,ice cream,mint chip ice cream,vanilla,q16,a07,"Out of mint chip ice cream and vanilla, which do you like better?",I lean toward mint chip ice cream.
p9_q16_a08,p9,ice cream,mint chip ice cream,vanilla,q16,a08,"Out of mint chip ice cream and vanilla, which do you like better?",I would rather have mint chip ice cream.
p9_q16_a09,p9,ice cream,mint chip ice cream,vanilla,q16,a09,"Out of mint chip ice cream and vanilla, which do you like better?",mint chip ice cream suits me better.
p9_q16_a10,p9,ice cream,mint chip ice cream,vanilla,q16,a10,"Out of mint chip ice cream and vanilla, which do you like better?",I like mint chip ice cream better.
p9_q16_a11,p9,ice cream,mint chip ice cream,vanilla,q16,a11,"Out of mint chip ice cream and vanilla, which do you like better?","Personally, I prefer mint chip ice cream."
p9_q16_a12,p9,ice cream,mint chip ice cream,vanilla,q16,a12,"Out of mint chip ice cream and vanilla, which do you like better?",I would pick mint chip ice cream.
p9_q16_a13,p9,ice cream,mint chip ice cream,vanilla,q16,a13,"Out of mint chip ice cream and vanilla, which do you like better?",I find mint chip ice cream more appealing.
p9_q16_a14,p9,ice cream,mint chip ice cream,vanilla,q16,a14,"Out of mint chip ice cream and vanilla, which do you like better?",I choose mint chip ice cream.
p9_q16_a15,p9,ice cream,mint chip ice cream,vanilla,q16,a15,"Out of mint chip ice cream and vanilla, which do you like better?",mint chip ice cream fits me better.
p9_q16_a16,p9,ice cream,mint chip ice cream,vanilla,q16,a16,"Out of mint chip ice cream and vanilla, which do you like better?",I like mint chip ice cream more overall.
p9_q16_a17,p9,ice cream,mint chip ice cream,vanilla,q16,a17,"Out of mint chip ice cream and vanilla, which do you like better?","If I must pick, it is mint chip ice cream."
p9_q16_a18,p9,ice cream,mint chip ice cream,vanilla,q16,a18,"Out of mint chip ice cream and vanilla, which do you like better?",I would go with mint chip ice cream.
p9_q16_a19,p9,ice cream,mint chip ice cream,vanilla,q16,a19,"Out of mint chip ice cream and vanilla, which do you like better?",I would decide on mint chip ice cream.
p9_q16_a20,p9,ice cream,mint chip ice cream,vanilla,q16,a20,"Out of mint chip ice cream and vanilla, which do you like better?",I favor mint chip ice cream.
p9_q17_a01,p9,ice cream,mint chip ice cream,vanilla,q17,a01,Do you have a preference between mint chip ice cream and vanilla?,I prefer mint chip ice cream.
p9_q17_a02,p9,ice cream,mint chip ice cream,vanilla,q17,a02,Do you have a preference between mint chip ice cream and vanilla?,I like mint chip ice cream more.
p9_q17_a03,p9,ice cream,mint chip ice cream,vanilla,q17,a03,Do you have a preference between mint chip ice cream and vanilla?,I would choose mint chip ice cream.
p9_q17_a04,p9,ice cream,mint chip ice cream,vanilla,q17,a04,Do you have a preference between mint chip ice cream and vanilla?,My preference is mint chip ice cream.
p9_q17_a05,p9,ice cream,mint chip ice cream,vanilla,q17,a05,Do you have a preference between mint chip ice cream and vanilla?,mint chip ice cream appeals to me more.
p9_q17_a06,p9,ice cream,mint chip ice cream,vanilla,q17,a06,Do you have a preference between mint chip ice cream and vanilla?,I think mint chip ice cream is better for me.
p9_q17_a07,p9,ice cream,mint chip ice cream,vanilla,q17,a07,Do you have a preference between mint chip ice cream and vanilla?,I lean toward mint chip ice cream.
p9_q17_a08,p9,ice cream,mint chip ice cream,vanilla,q17,a08,Do you have a preference between mint chip ice cream and vanilla?,I would rather have mint chip ice cream.
p9_q17_a09,p9,ice cream,mint chip ice cream,vanilla,q17,a09,Do you have a preference between mint chip ice cream and vanilla?,mint chip ice cream suits me better.
p9_q17_a10,p9,ice cream,mint chip ice cream,vanilla,q17,a10,Do you have a preference between mint chip ice cream and vanilla?,I like mint chip ice cream better.
p9_q17_a11,p9,ice cream,mint chip ice cream,vanilla,q17,a11,Do you have a preference between mint chip ice cream and vanilla?,"Personally, I prefer mint chip ice cream."
p9_q17_a12,p9,ice cream,mint chip ice cream,vanilla,q17,a12,Do you have a preference between mint chip ice cream and vanilla?,I would pick mint chip ice cream.
p9_q17_a13,p9,ice cream,mint chip ice cream,vanilla,q17,a13,Do you have a preference between mint chip ice cream and vanilla?,I find mint chip ice cream more appealing.
p9_q17_a14,p9,ice cream,mint chip ice cream,vanilla,q17,a14,Do you have a preference between mint chip ice cream and vanilla?,I choose mint chip ice cream.
p9_q17_a15,p9,ice cream,mint chip ice cream,vanilla,q17,a15,Do you have a preference between mint chip ice cream and vanilla?,mint chip ice cream fits me better.
p9_q17_a16,p9,ice cream,mint chip ice cream,vanilla,q17,a16,Do you have a preference between mint chip ice cream and vanilla?,I like mint chip ice cream more overall.
p9_q17_a17,p9,ice cream,mint chip ice cream,vanilla,q17,a17,Do you have a preference between mint chip ice cream and vanilla?,"If I must pick, it is mint chip ice cream."
p9_q17_a18,p9,ice cream,mint chip ice cream,vanilla,q17,a18,Do you have a preference between mint chip ice cream and vanilla?,I would go with mint chip ice cream.
p9_q17_a19,p9,ice cream,mint chip ice cream,vanilla,q17,a19,Do you have a preference between mint chip ice cream and vanilla?,I would decide on mint chip ice cream.
p9_q17_a20,p9,ice cream,mint chip ice cream,vanilla,q17,a20,Do you have a preference between mint chip ice cream and vanilla?,I favor mint chip ice cream.
p9_q18_a01,p9,ice cream,mint chip ice cream,vanilla,q18,a01,"Which one would you go with, mint chip ice cream or vanilla?",I prefer mint chip ice cream.
p9_q18_a02,p9,ice cream,mint chip ice cream,vanilla,q18,a02,"Which one would you go with, mint chip ice cream or vanilla?",I like mint chip ice cream more.
p9_q18_a03,p9,ice cream,mint chip ice cream,vanilla,q18,a03,"Which one would you go with, mint chip ice cream or vanilla?",I would choose mint chip ice cream.
p9_q18_a04,p9,ice cream,mint chip ice cream,vanilla,q18,a04,"Which one would you go with, mint chip ice cream or vanilla?",My preference is mint chip ice cream.
p9_q18_a05,p9,ice cream,mint chip ice cream,vanilla,q18,a05,"Which one would you go with, mint chip ice cream or vanilla?",mint chip ice cream appeals to me more.
p9_q18_a06,p9,ice cream,mint chip ice cream,vanilla,q18,a06,"Which one would you go with, mint chip ice cream or vanilla?",I think mint chip ice cream is better for me.
p9_q18_a07,p9,ice cream,mint chip ice cream,vanilla,q18,a07,"Which one would you go with, mint chip ice cream or vanilla?",I lean toward mint chip ice cream.
p9_q18_a08,p9,ice cream,mint chip ice cream,vanilla,q18,a08,"Which one would you go with, mint chip ice cream or vanilla?",I would rather have mint chip ice cream.
p9_q18_a09,p9,ice cream,mint chip ice cream,vanilla,q18,a09,"Which one would you go with, mint chip ice cream or vanilla?",mint chip ice cream suits me better.
p9_q18_a10,p9,ice cream,mint chip ice cream,vanilla,q18,a10,"Which one would you go with, mint chip ice cream or vanilla?",I like mint chip ice cream better.
p9_q18_a11,p9,ice cream,mint chip ice cream,vanilla,q18,a11,"Which one would you go with, mint chip ice cream or vanilla?","Personally, I prefer mint chip ice cream."
p9_q18_a12,p9,ice cream,mint chip ice cream,vanilla,q18,a12,"Which one would you go with, mint chip ice cream or vanilla?",I would pick mint chip ice cream.
p9_q18_a13,p9,ice cream,mint chip ice cream,vanilla,q18,a13,"Which one would you go with, mint chip ice cream or vanilla?",I find mint chip ice cream more appealing.
p9_q18_a14,p9,ice cream,mint chip ice cream,vanilla,q18,a14,"Which one would you go with, mint chip ice cream or vanilla?",I choose mint chip ice cream.
p9_q18_a15,p9,ice cream,mint chip ice cream,vanilla,q18,a15,"Which one would you go with, mint chip ice cream or vanilla?",mint chip ice cream fits me better.
p9_q18_a16,p9,ice cream,mint chip ice cream,vanilla,q18,a16,"Which one would you go with, mint chip ice cream or vanilla?",I like mint chip ice cream more overall.
p9_q18_a17,p9,ice cream,mint chip ice cream,vanilla,q18,a17,"Which one would you go with, mint chip ice cream or vanilla?","If I must pick, it is mint chip ice cream."
p9_q18_a18,p9,ice cream,mint chip ice cream,vanilla,q18,a18,"Which one would you go with, mint chip ice cream or vanilla?",I would go with mint chip ice cream.
p9_q18_a19,p9,ice cream,mint chip ice cream,vanilla,q18,a19,"Which one would you go with, mint chip ice cream or vanilla?",I would decide on mint chip ice cream.
p9_q18_a20,p9,ice cream,mint chip ice cream,vanilla,q18,a20,"Which one would you go with, mint chip ice cream or vanilla?",I favor mint chip ice cream.
p9_q19_a01,p9,ice cream,mint chip ice cream,vanilla,q19,a01,"If you were to decide between mint chip ice cream and vanilla, which would it be?",I prefer mint chip ice cream.
p9_q19_a02,p9,ice cream,mint chip ice cream,vanilla,q19,a02,"If you were to decide between mint chip ice cream and vanilla, which would it be?",I like mint chip ice cream more.
p9_q19_a03,p9,ice cream,mint chip ice cream,vanilla,q19,a03,"If you were to decide between mint chip ice cream and vanilla, which would it be?",I would choose mint chip ice cream.
p9_q19_a04,p9,ice cream,mint chip ice cream,vanilla,q19,a04,"If you were to decide between mint chip ice cream and vanilla, which would it be?",My preference is mint chip ice cream.
p9_q19_a05,p9,ice cream,mint chip ice cream,vanilla,q19,a05,"If you were to decide between mint chip ice cream and vanilla, which would it be?",mint chip ice cream appeals to me more.
p9_q19_a06,p9,ice cream,mint chip ice cream,vanilla,q19,a06,"If you were to decide between mint chip ice cream and vanilla, which would it be?",I think mint chip ice cream is better for me.
p9_q19_a07,p9,ice cream,mint chip ice cream,vanilla,q19,a07,"If you were to decide between mint chip ice cream and vanilla, which would it be?",I lean toward mint chip ice cream.
p9_q19_a08,p9,ice cream,mint chip ice cream,vanilla,q19,a08,"If you were to decide between mint chip ice cream and vanilla, which would it be?",I would rather have mint chip ice cream.
p9_q19_a09,p9,ice cream,mint chip ice cream,vanilla,q19,a09,"If you were to decide between mint chip ice cream and vanilla, which would it be?",mint chip ice cream suits me better.
p9_q19_a10,p9,ice cream,mint chip ice cream,vanilla,q19,a10,"If you were to decide between mint chip ice cream and vanilla, which would it be?",I like mint chip ice cream better.
p9_q19_a11,p9,ice cream,mint chip ice cream,vanilla,q19,a11,"If you were to decide between mint chip ice cream and vanilla, which would it be?","Personally, I prefer mint chip ice cream."
p9_q19_a12,p9,ice cream,mint chip ice cream,vanilla,q19,a12,"If you were to decide between mint chip ice cream and vanilla, which would it be?",I would pick mint chip ice cream.
p9_q19_a13,p9,ice cream,mint chip ice cream,vanilla,q19,a13,"If you were to decide between mint chip ice cream and vanilla, which would it be?",I find mint chip ice cream more appealing.
p9_q19_a14,p9,ice cream,mint chip ice cream,vanilla,q19,a14,"If you were to decide between mint chip ice cream and vanilla, which would it be?",I choose mint chip ice cream.
p9_q19_a15,p9,ice cream,mint chip ice cream,vanilla,q19,a15,"If you were to decide between mint chip ice cream and vanilla, which would it be?",mint chip ice cream fits me better.
p9_q19_a16,p9,ice cream,mint chip ice cream,vanilla,q19,a16,"If you were to decide between mint chip ice cream and vanilla, which would it be?",I like mint chip ice cream more overall.
p9_q19_a17,p9,ice cream,mint chip ice cream,vanilla,q19,a17,"If you were to decide between mint chip ice cream and vanilla, which would it be?","If I must pick, it is mint chip ice cream."
p9_q19_a18,p9,ice cream,mint chip ice cream,vanilla,q19,a18,"If you were to decide between mint chip ice cream and vanilla, which would it be?",I would go with mint chip ice cream.
p9_q19_a19,p9,ice cream,mint chip ice cream,vanilla,q19,a19,"If you were to decide between mint chip ice cream and vanilla, which would it be?",I would decide on mint chip ice cream.
p9_q19_a20,p9,ice cream,mint chip ice cream,vanilla,q19,a20,"If you were to decide between mint chip ice cream and vanilla, which would it be?",I favor mint chip ice cream.
p9_q20_a01,p9,ice cream,mint chip ice cream,vanilla,q20,a01,"Which of the two do you favor more, mint chip ice cream or vanilla?",I prefer mint chip ice cream.
p9_q20_a02,p9,ice cream,mint chip ice cream,vanilla,q20,a02,"Which of the two do you favor more, mint chip ice cream or vanilla?",I like mint chip ice cream more.
p9_q20_a03,p9,ice cream,mint chip ice cream,vanilla,q20,a03,"Which of the two do you favor more, mint chip ice cream or vanilla?",I would choose mint chip ice cream.
p9_q20_a04,p9,ice cream,mint chip ice cream,vanilla,q20,a04,"Which of the two do you favor more, mint chip ice cream or vanilla?",My preference is mint chip ice cream.
p9_q20_a05,p9,ice cream,mint chip ice cream,vanilla,q20,a05,"Which of the two do you favor more, mint chip ice cream or vanilla?",mint chip ice cream appeals to me more.
p9_q20_a06,p9,ice cream,mint chip ice cream,vanilla,q20,a06,"Which of the two do you favor more, mint chip ice cream or vanilla?",I think mint chip ice cream is better for me.
p9_q20_a07,p9,ice cream,mint chip ice cream,vanilla,q20,a07,"Which of the two do you favor more, mint chip ice cream or vanilla?",I lean toward mint chip ice cream.
p9_q20_a08,p9,ice cream,mint chip ice cream,vanilla,q20,a08,"Which of the two do you favor more, mint chip ice cream or vanilla?",I would rather have mint chip ice cream.
p9_q20_a09,p9,ice cream,mint chip ice cream,vanilla,q20,a09,"Which of the two do you favor more, mint chip ice cream or vanilla?",mint chip ice cream suits me better.
p9_q20_a10,p9,ice cream,mint chip ice cream,vanilla,q20,a10,"Which of the two do you favor more, mint chip ice cream or vanilla?",I like mint chip ice cream better.
p9_q20_a11,p9,ice cream,mint chip ice cream,vanilla,q20,a11,"Which of the two do you favor more, mint chip ice cream or vanilla?","Personally, I prefer mint chip ice cream."
p9_q20_a12,p9,ice cream,mint chip ice cream,vanilla,q20,a12,"Which of the two do you favor more, mint chip ice cream or vanilla?",I would pick mint chip ice cream.
p9_q20_a13,p9,ice cream,mint chip ice cream,vanilla,q20,a13,"Which of the two do you favor more, mint chip ice cream or vanilla?",I find mint chip ice cream more appealing.
p9_q20_a14,p9,ice cream,mint chip ice cream,vanilla,q20,a14,"Which of the two do you favor more, mint chip ice cream or vanilla?",I choose mint chip ice cream.
p9_q20_a15,p9,ice cream,mint chip ice cream,vanilla,q20,a15,"Which of the two do you favor more, mint chip ice cream or vanilla?",mint chip ice cream fits me better.
p9_q20_a16,p9,ice cream,mint chip ice cream,vanilla,q20,a16,"Which of the two do you favor more, mint chip ice cream or vanilla?",I like mint chip ice cream more overall.
p9_q20_a17,p9,ice cream,mint chip ice cream,vanilla,q20,a17,"Which of the two do you favor more, mint chip ice cream or vanilla?","If I must pick, it is mint chip ice cream."
p9_q20_a18,p9,ice cream,mint chip ice cream,vanilla,q20,a18,"Which of the two do you favor more, mint chip ice cream or vanilla?",I would go with mint chip ice cream.
p9_q20_a19,p9,ice cream,mint chip ice cream,vanilla,q20,a19,"Which of the two do you favor more, mint chip ice cream or vanilla?",I would decide on mint chip ice cream.
p9_q20_a20,p9,ice cream,mint chip ice cream,vanilla,q20,a20,"Which of the two do you favor more, mint chip ice cream or vanilla?",I favor mint chip ice cream.
